prefix,mutant,selection_type,cluster_id,replica,frame_index_original,receptor_pdb,receptor_pdbqt,ligand,ligand_pdbqt,vina_config,vina_out,vina_log,mode,affinity_kcal_mol,rmsd_lb,rmsd_ub
actout_ctlfit,WT,dominant_cluster_representative,0,1,13020,/homes/lkgyammerah/Molecular_Dynamics_analysis/dock/ROS1/q2022p_subset_receptors/actout_ctlfit/WT/WT_actout_ctlfit_dominant_cluster0_rep.pdb,/homes/lkgyammerah/Molecular_Dynamics_analysis/dock/ROS1/q2022p_vina/receptor_pdbqt/WT_actout_ctlfit_dominant_cluster0_rep.pdbqt,crizotinib,/homes/lkgyammerah/Molecular_Dynamics_analysis/dock/ROS1/q2022p_vina/ligand_pdbqt/crizotinib.pdbqt,/homes/lkgyammerah/Molecular_Dynamics_analysis/dock/ROS1/q2022p_vina/configs/WT_actout_ctlfit_dominant_cluster0_rep__crizotinib.txt,/homes/lkgyammerah/Molecular_Dynamics_analysis/dock/ROS1/q2022p_vina/vina_outputs/WT_actout_ctlfit_dominant_cluster0_rep__crizotinib.pdbqt,/homes/lkgyammerah/Molecular_Dynamics_analysis/dock/ROS1/q2022p_vina/vina_logs/WT_actout_ctlfit_dominant_cluster0_rep__crizotinib.log,2.0,-8.798,1.488,2.229
actout_ctlfit,WT,dominant_cluster_representative,0,1,13020,/homes/lkgyammerah/Molecular_Dynamics_analysis/dock/ROS1/q2022p_subset_receptors/actout_ctlfit/WT/WT_actout_ctlfit_dominant_cluster0_rep.pdb,/homes/lkgyammerah/Molecular_Dynamics_analysis/dock/ROS1/q2022p_vina/receptor_pdbqt/WT_actout_ctlfit_dominant_cluster0_rep.pdbqt,crizotinib,/homes/lkgyammerah/Molecular_Dynamics_analysis/dock/ROS1/q2022p_vina/ligand_pdbqt/crizotinib.pdbqt,/homes/lkgyammerah/Molecular_Dynamics_analysis/dock/ROS1/q2022p_vina/configs/WT_actout_ctlfit_dominant_cluster0_rep__crizotinib.txt,/homes/lkgyammerah/Molecular_Dynamics_analysis/dock/ROS1/q2022p_vina/vina_outputs/WT_actout_ctlfit_dominant_cluster0_rep__crizotinib.pdbqt,/homes/lkgyammerah/Molecular_Dynamics_analysis/dock/ROS1/q2022p_vina/vina_logs/WT_actout_ctlfit_dominant_cluster0_rep__crizotinib.log,3.0,-8.674,2.008,2.609
actout_ctlfit,WT,dominant_cluster_representative,0,1,13020,/homes/lkgyammerah/Molecular_Dynamics_analysis/dock/ROS1/q2022p_subset_receptors/actout_ctlfit/WT/WT_actout_ctlfit_dominant_cluster0_rep.pdb,/homes/lkgyammerah/Molecular_Dynamics_analysis/dock/ROS1/q2022p_vina/receptor_pdbqt/WT_actout_ctlfit_dominant_cluster0_rep.pdbqt,crizotinib,/homes/lkgyammerah/Molecular_Dynamics_analysis/dock/ROS1/q2022p_vina/ligand_pdbqt/crizotinib.pdbqt,/homes/lkgyammerah/Molecular_Dynamics_analysis/dock/ROS1/q2022p_vina/configs/WT_actout_ctlfit_dominant_cluster0_rep__crizotinib.txt,/homes/lkgyammerah/Molecular_Dynamics_analysis/dock/ROS1/q2022p_vina/vina_outputs/WT_actout_ctlfit_dominant_cluster0_rep__crizotinib.pdbqt,/homes/lkgyammerah/Molecular_Dynamics_analysis/dock/ROS1/q2022p_vina/vina_logs/WT_actout_ctlfit_dominant_cluster0_rep__crizotinib.log,4.0,-8.472,2.179,3.195
actout_ctlfit,WT,dominant_cluster_representative,0,1,13020,/homes/lkgyammerah/Molecular_Dynamics_analysis/dock/ROS1/q2022p_subset_receptors/actout_ctlfit/WT/WT_actout_ctlfit_dominant_cluster0_rep.pdb,/homes/lkgyammerah/Molecular_Dynamics_analysis/dock/ROS1/q2022p_vina/receptor_pdbqt/WT_actout_ctlfit_dominant_cluster0_rep.pdbqt,crizotinib,/homes/lkgyammerah/Molecular_Dynamics_analysis/dock/ROS1/q2022p_vina/ligand_pdbqt/crizotinib.pdbqt,/homes/lkgyammerah/Molecular_Dynamics_analysis/dock/ROS1/q2022p_vina/configs/WT_actout_ctlfit_dominant_cluster0_rep__crizotinib.txt,/homes/lkgyammerah/Molecular_Dynamics_analysis/dock/ROS1/q2022p_vina/vina_outputs/WT_actout_ctlfit_dominant_cluster0_rep__crizotinib.pdbqt,/homes/lkgyammerah/Molecular_Dynamics_analysis/dock/ROS1/q2022p_vina/vina_logs/WT_actout_ctlfit_dominant_cluster0_rep__crizotinib.log,5.0,-8.122,2.758,3.794
actout_ctlfit,WT,dominant_cluster_representative,0,1,13020,/homes/lkgyammerah/Molecular_Dynamics_analysis/dock/ROS1/q2022p_subset_receptors/actout_ctlfit/WT/WT_actout_ctlfit_dominant_cluster0_rep.pdb,/homes/lkgyammerah/Molecular_Dynamics_analysis/dock/ROS1/q2022p_vina/receptor_pdbqt/WT_actout_ctlfit_dominant_cluster0_rep.pdbqt,crizotinib,/homes/lkgyammerah/Molecular_Dynamics_analysis/dock/ROS1/q2022p_vina/ligand_pdbqt/crizotinib.pdbqt,/homes/lkgyammerah/Molecular_Dynamics_analysis/dock/ROS1/q2022p_vina/configs/WT_actout_ctlfit_dominant_cluster0_rep__crizotinib.txt,/homes/lkgyammerah/Molecular_Dynamics_analysis/dock/ROS1/q2022p_vina/vina_outputs/WT_actout_ctlfit_dominant_cluster0_rep__crizotinib.pdbqt,/homes/lkgyammerah/Molecular_Dynamics_analysis/dock/ROS1/q2022p_vina/vina_logs/WT_actout_ctlfit_dominant_cluster0_rep__crizotinib.log,6.0,-8.071,2.512,3.228
actout_ctlfit,WT,dominant_cluster_representative,0,1,13020,/homes/lkgyammerah/Molecular_Dynamics_analysis/dock/ROS1/q2022p_subset_receptors/actout_ctlfit/WT/WT_actout_ctlfit_dominant_cluster0_rep.pdb,/homes/lkgyammerah/Molecular_Dynamics_analysis/dock/ROS1/q2022p_vina/receptor_pdbqt/WT_actout_ctlfit_dominant_cluster0_rep.pdbqt,crizotinib,/homes/lkgyammerah/Molecular_Dynamics_analysis/dock/ROS1/q2022p_vina/ligand_pdbqt/crizotinib.pdbqt,/homes/lkgyammerah/Molecular_Dynamics_analysis/dock/ROS1/q2022p_vina/configs/WT_actout_ctlfit_dominant_cluster0_rep__crizotinib.txt,/homes/lkgyammerah/Molecular_Dynamics_analysis/dock/ROS1/q2022p_vina/vina_outputs/WT_actout_ctlfit_dominant_cluster0_rep__crizotinib.pdbqt,/homes/lkgyammerah/Molecular_Dynamics_analysis/dock/ROS1/q2022p_vina/vina_logs/WT_actout_ctlfit_dominant_cluster0_rep__crizotinib.log,7.0,-8.014,4.871,9.545
actout_ctlfit,WT,dominant_cluster_representative,0,1,13020,/homes/lkgyammerah/Molecular_Dynamics_analysis/dock/ROS1/q2022p_subset_receptors/actout_ctlfit/WT/WT_actout_ctlfit_dominant_cluster0_rep.pdb,/homes/lkgyammerah/Molecular_Dynamics_analysis/dock/ROS1/q2022p_vina/receptor_pdbqt/WT_actout_ctlfit_dominant_cluster0_rep.pdbqt,crizotinib,/homes/lkgyammerah/Molecular_Dynamics_analysis/dock/ROS1/q2022p_vina/ligand_pdbqt/crizotinib.pdbqt,/homes/lkgyammerah/Molecular_Dynamics_analysis/dock/ROS1/q2022p_vina/configs/WT_actout_ctlfit_dominant_cluster0_rep__crizotinib.txt,/homes/lkgyammerah/Molecular_Dynamics_analysis/dock/ROS1/q2022p_vina/vina_outputs/WT_actout_ctlfit_dominant_cluster0_rep__crizotinib.pdbqt,/homes/lkgyammerah/Molecular_Dynamics_analysis/dock/ROS1/q2022p_vina/vina_logs/WT_actout_ctlfit_dominant_cluster0_rep__crizotinib.log,8.0,-7.948,4.249,8.902
actout_ctlfit,WT,dominant_cluster_representative,0,1,13020,/homes/lkgyammerah/Molecular_Dynamics_analysis/dock/ROS1/q2022p_subset_receptors/actout_ctlfit/WT/WT_actout_ctlfit_dominant_cluster0_rep.pdb,/homes/lkgyammerah/Molecular_Dynamics_analysis/dock/ROS1/q2022p_vina/receptor_pdbqt/WT_actout_ctlfit_dominant_cluster0_rep.pdbqt,crizotinib,/homes/lkgyammerah/Molecular_Dynamics_analysis/dock/ROS1/q2022p_vina/ligand_pdbqt/crizotinib.pdbqt,/homes/lkgyammerah/Molecular_Dynamics_analysis/dock/ROS1/q2022p_vina/configs/WT_actout_ctlfit_dominant_cluster0_rep__crizotinib.txt,/homes/lkgyammerah/Molecular_Dynamics_analysis/dock/ROS1/q2022p_vina/vina_outputs/WT_actout_ctlfit_dominant_cluster0_rep__crizotinib.pdbqt,/homes/lkgyammerah/Molecular_Dynamics_analysis/dock/ROS1/q2022p_vina/vina_logs/WT_actout_ctlfit_dominant_cluster0_rep__crizotinib.log,9.0,-7.779,3.935,8.943
actout_ctlfit,WT,dominant_cluster_representative,0,1,13020,/homes/lkgyammerah/Molecular_Dynamics_analysis/dock/ROS1/q2022p_subset_receptors/actout_ctlfit/WT/WT_actout_ctlfit_dominant_cluster0_rep.pdb,/homes/lkgyammerah/Molecular_Dynamics_analysis/dock/ROS1/q2022p_vina/receptor_pdbqt/WT_actout_ctlfit_dominant_cluster0_rep.pdbqt,crizotinib,/homes/lkgyammerah/Molecular_Dynamics_analysis/dock/ROS1/q2022p_vina/ligand_pdbqt/crizotinib.pdbqt,/homes/lkgyammerah/Molecular_Dynamics_analysis/dock/ROS1/q2022p_vina/configs/WT_actout_ctlfit_dominant_cluster0_rep__crizotinib.txt,/homes/lkgyammerah/Molecular_Dynamics_analysis/dock/ROS1/q2022p_vina/vina_outputs/WT_actout_ctlfit_dominant_cluster0_rep__crizotinib.pdbqt,/homes/lkgyammerah/Molecular_Dynamics_analysis/dock/ROS1/q2022p_vina/vina_logs/WT_actout_ctlfit_dominant_cluster0_rep__crizotinib.log,10.0,-7.705,3.675,4.567
actout_ctlfit,WT,dominant_cluster_representative,0,1,13020,/homes/lkgyammerah/Molecular_Dynamics_analysis/dock/ROS1/q2022p_subset_receptors/actout_ctlfit/WT/WT_actout_ctlfit_dominant_cluster0_rep.pdb,/homes/lkgyammerah/Molecular_Dynamics_analysis/dock/ROS1/q2022p_vina/receptor_pdbqt/WT_actout_ctlfit_dominant_cluster0_rep.pdbqt,crizotinib,/homes/lkgyammerah/Molecular_Dynamics_analysis/dock/ROS1/q2022p_vina/ligand_pdbqt/crizotinib.pdbqt,/homes/lkgyammerah/Molecular_Dynamics_analysis/dock/ROS1/q2022p_vina/configs/WT_actout_ctlfit_dominant_cluster0_rep__crizotinib.txt,/homes/lkgyammerah/Molecular_Dynamics_analysis/dock/ROS1/q2022p_vina/vina_outputs/WT_actout_ctlfit_dominant_cluster0_rep__crizotinib.pdbqt,/homes/lkgyammerah/Molecular_Dynamics_analysis/dock/ROS1/q2022p_vina/vina_logs/WT_actout_ctlfit_dominant_cluster0_rep__crizotinib.log,11.0,-7.703,2.349,3.056
actout_ctlfit,WT,dominant_cluster_representative,0,1,13020,/homes/lkgyammerah/Molecular_Dynamics_analysis/dock/ROS1/q2022p_subset_receptors/actout_ctlfit/WT/WT_actout_ctlfit_dominant_cluster0_rep.pdb,/homes/lkgyammerah/Molecular_Dynamics_analysis/dock/ROS1/q2022p_vina/receptor_pdbqt/WT_actout_ctlfit_dominant_cluster0_rep.pdbqt,crizotinib,/homes/lkgyammerah/Molecular_Dynamics_analysis/dock/ROS1/q2022p_vina/ligand_pdbqt/crizotinib.pdbqt,/homes/lkgyammerah/Molecular_Dynamics_analysis/dock/ROS1/q2022p_vina/configs/WT_actout_ctlfit_dominant_cluster0_rep__crizotinib.txt,/homes/lkgyammerah/Molecular_Dynamics_analysis/dock/ROS1/q2022p_vina/vina_outputs/WT_actout_ctlfit_dominant_cluster0_rep__crizotinib.pdbqt,/homes/lkgyammerah/Molecular_Dynamics_analysis/dock/ROS1/q2022p_vina/vina_logs/WT_actout_ctlfit_dominant_cluster0_rep__crizotinib.log,12.0,-7.649,4.037,5.45
actout_ctlfit,WT,dominant_cluster_representative,0,1,13020,/homes/lkgyammerah/Molecular_Dynamics_analysis/dock/ROS1/q2022p_subset_receptors/actout_ctlfit/WT/WT_actout_ctlfit_dominant_cluster0_rep.pdb,/homes/lkgyammerah/Molecular_Dynamics_analysis/dock/ROS1/q2022p_vina/receptor_pdbqt/WT_actout_ctlfit_dominant_cluster0_rep.pdbqt,crizotinib,/homes/lkgyammerah/Molecular_Dynamics_analysis/dock/ROS1/q2022p_vina/ligand_pdbqt/crizotinib.pdbqt,/homes/lkgyammerah/Molecular_Dynamics_analysis/dock/ROS1/q2022p_vina/configs/WT_actout_ctlfit_dominant_cluster0_rep__crizotinib.txt,/homes/lkgyammerah/Molecular_Dynamics_analysis/dock/ROS1/q2022p_vina/vina_outputs/WT_actout_ctlfit_dominant_cluster0_rep__crizotinib.pdbqt,/homes/lkgyammerah/Molecular_Dynamics_analysis/dock/ROS1/q2022p_vina/vina_logs/WT_actout_ctlfit_dominant_cluster0_rep__crizotinib.log,13.0,-7.614,4.569,9.036
actout_ctlfit,WT,dominant_cluster_representative,0,1,13020,/homes/lkgyammerah/Molecular_Dynamics_analysis/dock/ROS1/q2022p_subset_receptors/actout_ctlfit/WT/WT_actout_ctlfit_dominant_cluster0_rep.pdb,/homes/lkgyammerah/Molecular_Dynamics_analysis/dock/ROS1/q2022p_vina/receptor_pdbqt/WT_actout_ctlfit_dominant_cluster0_rep.pdbqt,crizotinib,/homes/lkgyammerah/Molecular_Dynamics_analysis/dock/ROS1/q2022p_vina/ligand_pdbqt/crizotinib.pdbqt,/homes/lkgyammerah/Molecular_Dynamics_analysis/dock/ROS1/q2022p_vina/configs/WT_actout_ctlfit_dominant_cluster0_rep__crizotinib.txt,/homes/lkgyammerah/Molecular_Dynamics_analysis/dock/ROS1/q2022p_vina/vina_outputs/WT_actout_ctlfit_dominant_cluster0_rep__crizotinib.pdbqt,/homes/lkgyammerah/Molecular_Dynamics_analysis/dock/ROS1/q2022p_vina/vina_logs/WT_actout_ctlfit_dominant_cluster0_rep__crizotinib.log,14.0,-7.584,3.84,4.947
actout_ctlfit,WT,dominant_cluster_representative,0,1,13020,/homes/lkgyammerah/Molecular_Dynamics_analysis/dock/ROS1/q2022p_subset_receptors/actout_ctlfit/WT/WT_actout_ctlfit_dominant_cluster0_rep.pdb,/homes/lkgyammerah/Molecular_Dynamics_analysis/dock/ROS1/q2022p_vina/receptor_pdbqt/WT_actout_ctlfit_dominant_cluster0_rep.pdbqt,crizotinib,/homes/lkgyammerah/Molecular_Dynamics_analysis/dock/ROS1/q2022p_vina/ligand_pdbqt/crizotinib.pdbqt,/homes/lkgyammerah/Molecular_Dynamics_analysis/dock/ROS1/q2022p_vina/configs/WT_actout_ctlfit_dominant_cluster0_rep__crizotinib.txt,/homes/lkgyammerah/Molecular_Dynamics_analysis/dock/ROS1/q2022p_vina/vina_outputs/WT_actout_ctlfit_dominant_cluster0_rep__crizotinib.pdbqt,/homes/lkgyammerah/Molecular_Dynamics_analysis/dock/ROS1/q2022p_vina/vina_logs/WT_actout_ctlfit_dominant_cluster0_rep__crizotinib.log,15.0,-7.425,5.191,10.53
actout_ctlfit,WT,dominant_cluster_representative,0,1,13020,/homes/lkgyammerah/Molecular_Dynamics_analysis/dock/ROS1/q2022p_subset_receptors/actout_ctlfit/WT/WT_actout_ctlfit_dominant_cluster0_rep.pdb,/homes/lkgyammerah/Molecular_Dynamics_analysis/dock/ROS1/q2022p_vina/receptor_pdbqt/WT_actout_ctlfit_dominant_cluster0_rep.pdbqt,crizotinib,/homes/lkgyammerah/Molecular_Dynamics_analysis/dock/ROS1/q2022p_vina/ligand_pdbqt/crizotinib.pdbqt,/homes/lkgyammerah/Molecular_Dynamics_analysis/dock/ROS1/q2022p_vina/configs/WT_actout_ctlfit_dominant_cluster0_rep__crizotinib.txt,/homes/lkgyammerah/Molecular_Dynamics_analysis/dock/ROS1/q2022p_vina/vina_outputs/WT_actout_ctlfit_dominant_cluster0_rep__crizotinib.pdbqt,/homes/lkgyammerah/Molecular_Dynamics_analysis/dock/ROS1/q2022p_vina/vina_logs/WT_actout_ctlfit_dominant_cluster0_rep__crizotinib.log,16.0,-7.367,3.848,5.123
actout_ctlfit,WT,dominant_cluster_representative,0,1,13020,/homes/lkgyammerah/Molecular_Dynamics_analysis/dock/ROS1/q2022p_subset_receptors/actout_ctlfit/WT/WT_actout_ctlfit_dominant_cluster0_rep.pdb,/homes/lkgyammerah/Molecular_Dynamics_analysis/dock/ROS1/q2022p_vina/receptor_pdbqt/WT_actout_ctlfit_dominant_cluster0_rep.pdbqt,crizotinib,/homes/lkgyammerah/Molecular_Dynamics_analysis/dock/ROS1/q2022p_vina/ligand_pdbqt/crizotinib.pdbqt,/homes/lkgyammerah/Molecular_Dynamics_analysis/dock/ROS1/q2022p_vina/configs/WT_actout_ctlfit_dominant_cluster0_rep__crizotinib.txt,/homes/lkgyammerah/Molecular_Dynamics_analysis/dock/ROS1/q2022p_vina/vina_outputs/WT_actout_ctlfit_dominant_cluster0_rep__crizotinib.pdbqt,/homes/lkgyammerah/Molecular_Dynamics_analysis/dock/ROS1/q2022p_vina/vina_logs/WT_actout_ctlfit_dominant_cluster0_rep__crizotinib.log,17.0,-7.225,3.677,8.232
actout_ctlfit,WT,dominant_cluster_representative,0,1,13020,/homes/lkgyammerah/Molecular_Dynamics_analysis/dock/ROS1/q2022p_subset_receptors/actout_ctlfit/WT/WT_actout_ctlfit_dominant_cluster0_rep.pdb,/homes/lkgyammerah/Molecular_Dynamics_analysis/dock/ROS1/q2022p_vina/receptor_pdbqt/WT_actout_ctlfit_dominant_cluster0_rep.pdbqt,crizotinib,/homes/lkgyammerah/Molecular_Dynamics_analysis/dock/ROS1/q2022p_vina/ligand_pdbqt/crizotinib.pdbqt,/homes/lkgyammerah/Molecular_Dynamics_analysis/dock/ROS1/q2022p_vina/configs/WT_actout_ctlfit_dominant_cluster0_rep__crizotinib.txt,/homes/lkgyammerah/Molecular_Dynamics_analysis/dock/ROS1/q2022p_vina/vina_outputs/WT_actout_ctlfit_dominant_cluster0_rep__crizotinib.pdbqt,/homes/lkgyammerah/Molecular_Dynamics_analysis/dock/ROS1/q2022p_vina/vina_logs/WT_actout_ctlfit_dominant_cluster0_rep__crizotinib.log,18.0,-7.201,5.714,10.47
actout_ctlfit,WT,dominant_cluster_representative,0,1,13020,/homes/lkgyammerah/Molecular_Dynamics_analysis/dock/ROS1/q2022p_subset_receptors/actout_ctlfit/WT/WT_actout_ctlfit_dominant_cluster0_rep.pdb,/homes/lkgyammerah/Molecular_Dynamics_analysis/dock/ROS1/q2022p_vina/receptor_pdbqt/WT_actout_ctlfit_dominant_cluster0_rep.pdbqt,crizotinib,/homes/lkgyammerah/Molecular_Dynamics_analysis/dock/ROS1/q2022p_vina/ligand_pdbqt/crizotinib.pdbqt,/homes/lkgyammerah/Molecular_Dynamics_analysis/dock/ROS1/q2022p_vina/configs/WT_actout_ctlfit_dominant_cluster0_rep__crizotinib.txt,/homes/lkgyammerah/Molecular_Dynamics_analysis/dock/ROS1/q2022p_vina/vina_outputs/WT_actout_ctlfit_dominant_cluster0_rep__crizotinib.pdbqt,/homes/lkgyammerah/Molecular_Dynamics_analysis/dock/ROS1/q2022p_vina/vina_logs/WT_actout_ctlfit_dominant_cluster0_rep__crizotinib.log,19.0,-7.09,4.7,9.072
actout_ctlfit,WT,dominant_cluster_representative,0,1,13020,/homes/lkgyammerah/Molecular_Dynamics_analysis/dock/ROS1/q2022p_subset_receptors/actout_ctlfit/WT/WT_actout_ctlfit_dominant_cluster0_rep.pdb,/homes/lkgyammerah/Molecular_Dynamics_analysis/dock/ROS1/q2022p_vina/receptor_pdbqt/WT_actout_ctlfit_dominant_cluster0_rep.pdbqt,crizotinib,/homes/lkgyammerah/Molecular_Dynamics_analysis/dock/ROS1/q2022p_vina/ligand_pdbqt/crizotinib.pdbqt,/homes/lkgyammerah/Molecular_Dynamics_analysis/dock/ROS1/q2022p_vina/configs/WT_actout_ctlfit_dominant_cluster0_rep__crizotinib.txt,/homes/lkgyammerah/Molecular_Dynamics_analysis/dock/ROS1/q2022p_vina/vina_outputs/WT_actout_ctlfit_dominant_cluster0_rep__crizotinib.pdbqt,/homes/lkgyammerah/Molecular_Dynamics_analysis/dock/ROS1/q2022p_vina/vina_logs/WT_actout_ctlfit_dominant_cluster0_rep__crizotinib.log,20.0,-7.051,3.307,4.766
actout_ctlfit,WT,dominant_cluster_representative,0,1,13020,/homes/lkgyammerah/Molecular_Dynamics_analysis/dock/ROS1/q2022p_subset_receptors/actout_ctlfit/WT/WT_actout_ctlfit_dominant_cluster0_rep.pdb,/homes/lkgyammerah/Molecular_Dynamics_analysis/dock/ROS1/q2022p_vina/receptor_pdbqt/WT_actout_ctlfit_dominant_cluster0_rep.pdbqt,ceritinib,/homes/lkgyammerah/Molecular_Dynamics_analysis/dock/ROS1/q2022p_vina/ligand_pdbqt/ceritinib.pdbqt,/homes/lkgyammerah/Molecular_Dynamics_analysis/dock/ROS1/q2022p_vina/configs/WT_actout_ctlfit_dominant_cluster0_rep__ceritinib.txt,/homes/lkgyammerah/Molecular_Dynamics_analysis/dock/ROS1/q2022p_vina/vina_outputs/WT_actout_ctlfit_dominant_cluster0_rep__ceritinib.pdbqt,/homes/lkgyammerah/Molecular_Dynamics_analysis/dock/ROS1/q2022p_vina/vina_logs/WT_actout_ctlfit_dominant_cluster0_rep__ceritinib.log,3.0,-8.776,2.333,5.543
actout_ctlfit,WT,dominant_cluster_representative,0,1,13020,/homes/lkgyammerah/Molecular_Dynamics_analysis/dock/ROS1/q2022p_subset_receptors/actout_ctlfit/WT/WT_actout_ctlfit_dominant_cluster0_rep.pdb,/homes/lkgyammerah/Molecular_Dynamics_analysis/dock/ROS1/q2022p_vina/receptor_pdbqt/WT_actout_ctlfit_dominant_cluster0_rep.pdbqt,ceritinib,/homes/lkgyammerah/Molecular_Dynamics_analysis/dock/ROS1/q2022p_vina/ligand_pdbqt/ceritinib.pdbqt,/homes/lkgyammerah/Molecular_Dynamics_analysis/dock/ROS1/q2022p_vina/configs/WT_actout_ctlfit_dominant_cluster0_rep__ceritinib.txt,/homes/lkgyammerah/Molecular_Dynamics_analysis/dock/ROS1/q2022p_vina/vina_outputs/WT_actout_ctlfit_dominant_cluster0_rep__ceritinib.pdbqt,/homes/lkgyammerah/Molecular_Dynamics_analysis/dock/ROS1/q2022p_vina/vina_logs/WT_actout_ctlfit_dominant_cluster0_rep__ceritinib.log,4.0,-8.616,3.622,5.946
actout_ctlfit,WT,dominant_cluster_representative,0,1,13020,/homes/lkgyammerah/Molecular_Dynamics_analysis/dock/ROS1/q2022p_subset_receptors/actout_ctlfit/WT/WT_actout_ctlfit_dominant_cluster0_rep.pdb,/homes/lkgyammerah/Molecular_Dynamics_analysis/dock/ROS1/q2022p_vina/receptor_pdbqt/WT_actout_ctlfit_dominant_cluster0_rep.pdbqt,ceritinib,/homes/lkgyammerah/Molecular_Dynamics_analysis/dock/ROS1/q2022p_vina/ligand_pdbqt/ceritinib.pdbqt,/homes/lkgyammerah/Molecular_Dynamics_analysis/dock/ROS1/q2022p_vina/configs/WT_actout_ctlfit_dominant_cluster0_rep__ceritinib.txt,/homes/lkgyammerah/Molecular_Dynamics_analysis/dock/ROS1/q2022p_vina/vina_outputs/WT_actout_ctlfit_dominant_cluster0_rep__ceritinib.pdbqt,/homes/lkgyammerah/Molecular_Dynamics_analysis/dock/ROS1/q2022p_vina/vina_logs/WT_actout_ctlfit_dominant_cluster0_rep__ceritinib.log,5.0,-8.601,2.238,4.175
actout_ctlfit,WT,dominant_cluster_representative,0,1,13020,/homes/lkgyammerah/Molecular_Dynamics_analysis/dock/ROS1/q2022p_subset_receptors/actout_ctlfit/WT/WT_actout_ctlfit_dominant_cluster0_rep.pdb,/homes/lkgyammerah/Molecular_Dynamics_analysis/dock/ROS1/q2022p_vina/receptor_pdbqt/WT_actout_ctlfit_dominant_cluster0_rep.pdbqt,ceritinib,/homes/lkgyammerah/Molecular_Dynamics_analysis/dock/ROS1/q2022p_vina/ligand_pdbqt/ceritinib.pdbqt,/homes/lkgyammerah/Molecular_Dynamics_analysis/dock/ROS1/q2022p_vina/configs/WT_actout_ctlfit_dominant_cluster0_rep__ceritinib.txt,/homes/lkgyammerah/Molecular_Dynamics_analysis/dock/ROS1/q2022p_vina/vina_outputs/WT_actout_ctlfit_dominant_cluster0_rep__ceritinib.pdbqt,/homes/lkgyammerah/Molecular_Dynamics_analysis/dock/ROS1/q2022p_vina/vina_logs/WT_actout_ctlfit_dominant_cluster0_rep__ceritinib.log,6.0,-8.566,2.433,6.536
actout_ctlfit,WT,dominant_cluster_representative,0,1,13020,/homes/lkgyammerah/Molecular_Dynamics_analysis/dock/ROS1/q2022p_subset_receptors/actout_ctlfit/WT/WT_actout_ctlfit_dominant_cluster0_rep.pdb,/homes/lkgyammerah/Molecular_Dynamics_analysis/dock/ROS1/q2022p_vina/receptor_pdbqt/WT_actout_ctlfit_dominant_cluster0_rep.pdbqt,ceritinib,/homes/lkgyammerah/Molecular_Dynamics_analysis/dock/ROS1/q2022p_vina/ligand_pdbqt/ceritinib.pdbqt,/homes/lkgyammerah/Molecular_Dynamics_analysis/dock/ROS1/q2022p_vina/configs/WT_actout_ctlfit_dominant_cluster0_rep__ceritinib.txt,/homes/lkgyammerah/Molecular_Dynamics_analysis/dock/ROS1/q2022p_vina/vina_outputs/WT_actout_ctlfit_dominant_cluster0_rep__ceritinib.pdbqt,/homes/lkgyammerah/Molecular_Dynamics_analysis/dock/ROS1/q2022p_vina/vina_logs/WT_actout_ctlfit_dominant_cluster0_rep__ceritinib.log,7.0,-8.564,3.336,6.15
actout_ctlfit,WT,dominant_cluster_representative,0,1,13020,/homes/lkgyammerah/Molecular_Dynamics_analysis/dock/ROS1/q2022p_subset_receptors/actout_ctlfit/WT/WT_actout_ctlfit_dominant_cluster0_rep.pdb,/homes/lkgyammerah/Molecular_Dynamics_analysis/dock/ROS1/q2022p_vina/receptor_pdbqt/WT_actout_ctlfit_dominant_cluster0_rep.pdbqt,ceritinib,/homes/lkgyammerah/Molecular_Dynamics_analysis/dock/ROS1/q2022p_vina/ligand_pdbqt/ceritinib.pdbqt,/homes/lkgyammerah/Molecular_Dynamics_analysis/dock/ROS1/q2022p_vina/configs/WT_actout_ctlfit_dominant_cluster0_rep__ceritinib.txt,/homes/lkgyammerah/Molecular_Dynamics_analysis/dock/ROS1/q2022p_vina/vina_outputs/WT_actout_ctlfit_dominant_cluster0_rep__ceritinib.pdbqt,/homes/lkgyammerah/Molecular_Dynamics_analysis/dock/ROS1/q2022p_vina/vina_logs/WT_actout_ctlfit_dominant_cluster0_rep__ceritinib.log,8.0,-8.562,3.048,5.115
actout_ctlfit,WT,dominant_cluster_representative,0,1,13020,/homes/lkgyammerah/Molecular_Dynamics_analysis/dock/ROS1/q2022p_subset_receptors/actout_ctlfit/WT/WT_actout_ctlfit_dominant_cluster0_rep.pdb,/homes/lkgyammerah/Molecular_Dynamics_analysis/dock/ROS1/q2022p_vina/receptor_pdbqt/WT_actout_ctlfit_dominant_cluster0_rep.pdbqt,ceritinib,/homes/lkgyammerah/Molecular_Dynamics_analysis/dock/ROS1/q2022p_vina/ligand_pdbqt/ceritinib.pdbqt,/homes/lkgyammerah/Molecular_Dynamics_analysis/dock/ROS1/q2022p_vina/configs/WT_actout_ctlfit_dominant_cluster0_rep__ceritinib.txt,/homes/lkgyammerah/Molecular_Dynamics_analysis/dock/ROS1/q2022p_vina/vina_outputs/WT_actout_ctlfit_dominant_cluster0_rep__ceritinib.pdbqt,/homes/lkgyammerah/Molecular_Dynamics_analysis/dock/ROS1/q2022p_vina/vina_logs/WT_actout_ctlfit_dominant_cluster0_rep__ceritinib.log,9.0,-8.544,2.534,4.597
actout_ctlfit,WT,dominant_cluster_representative,0,1,13020,/homes/lkgyammerah/Molecular_Dynamics_analysis/dock/ROS1/q2022p_subset_receptors/actout_ctlfit/WT/WT_actout_ctlfit_dominant_cluster0_rep.pdb,/homes/lkgyammerah/Molecular_Dynamics_analysis/dock/ROS1/q2022p_vina/receptor_pdbqt/WT_actout_ctlfit_dominant_cluster0_rep.pdbqt,ceritinib,/homes/lkgyammerah/Molecular_Dynamics_analysis/dock/ROS1/q2022p_vina/ligand_pdbqt/ceritinib.pdbqt,/homes/lkgyammerah/Molecular_Dynamics_analysis/dock/ROS1/q2022p_vina/configs/WT_actout_ctlfit_dominant_cluster0_rep__ceritinib.txt,/homes/lkgyammerah/Molecular_Dynamics_analysis/dock/ROS1/q2022p_vina/vina_outputs/WT_actout_ctlfit_dominant_cluster0_rep__ceritinib.pdbqt,/homes/lkgyammerah/Molecular_Dynamics_analysis/dock/ROS1/q2022p_vina/vina_logs/WT_actout_ctlfit_dominant_cluster0_rep__ceritinib.log,10.0,-8.49,2.936,5.393
actout_ctlfit,WT,dominant_cluster_representative,0,1,13020,/homes/lkgyammerah/Molecular_Dynamics_analysis/dock/ROS1/q2022p_subset_receptors/actout_ctlfit/WT/WT_actout_ctlfit_dominant_cluster0_rep.pdb,/homes/lkgyammerah/Molecular_Dynamics_analysis/dock/ROS1/q2022p_vina/receptor_pdbqt/WT_actout_ctlfit_dominant_cluster0_rep.pdbqt,ceritinib,/homes/lkgyammerah/Molecular_Dynamics_analysis/dock/ROS1/q2022p_vina/ligand_pdbqt/ceritinib.pdbqt,/homes/lkgyammerah/Molecular_Dynamics_analysis/dock/ROS1/q2022p_vina/configs/WT_actout_ctlfit_dominant_cluster0_rep__ceritinib.txt,/homes/lkgyammerah/Molecular_Dynamics_analysis/dock/ROS1/q2022p_vina/vina_outputs/WT_actout_ctlfit_dominant_cluster0_rep__ceritinib.pdbqt,/homes/lkgyammerah/Molecular_Dynamics_analysis/dock/ROS1/q2022p_vina/vina_logs/WT_actout_ctlfit_dominant_cluster0_rep__ceritinib.log,11.0,-8.43,2.609,6.42
actout_ctlfit,WT,dominant_cluster_representative,0,1,13020,/homes/lkgyammerah/Molecular_Dynamics_analysis/dock/ROS1/q2022p_subset_receptors/actout_ctlfit/WT/WT_actout_ctlfit_dominant_cluster0_rep.pdb,/homes/lkgyammerah/Molecular_Dynamics_analysis/dock/ROS1/q2022p_vina/receptor_pdbqt/WT_actout_ctlfit_dominant_cluster0_rep.pdbqt,ceritinib,/homes/lkgyammerah/Molecular_Dynamics_analysis/dock/ROS1/q2022p_vina/ligand_pdbqt/ceritinib.pdbqt,/homes/lkgyammerah/Molecular_Dynamics_analysis/dock/ROS1/q2022p_vina/configs/WT_actout_ctlfit_dominant_cluster0_rep__ceritinib.txt,/homes/lkgyammerah/Molecular_Dynamics_analysis/dock/ROS1/q2022p_vina/vina_outputs/WT_actout_ctlfit_dominant_cluster0_rep__ceritinib.pdbqt,/homes/lkgyammerah/Molecular_Dynamics_analysis/dock/ROS1/q2022p_vina/vina_logs/WT_actout_ctlfit_dominant_cluster0_rep__ceritinib.log,12.0,-7.034,13.44,15.61
actout_ctlfit,WT,dominant_cluster_representative,0,1,13020,/homes/lkgyammerah/Molecular_Dynamics_analysis/dock/ROS1/q2022p_subset_receptors/actout_ctlfit/WT/WT_actout_ctlfit_dominant_cluster0_rep.pdb,/homes/lkgyammerah/Molecular_Dynamics_analysis/dock/ROS1/q2022p_vina/receptor_pdbqt/WT_actout_ctlfit_dominant_cluster0_rep.pdbqt,ceritinib,/homes/lkgyammerah/Molecular_Dynamics_analysis/dock/ROS1/q2022p_vina/ligand_pdbqt/ceritinib.pdbqt,/homes/lkgyammerah/Molecular_Dynamics_analysis/dock/ROS1/q2022p_vina/configs/WT_actout_ctlfit_dominant_cluster0_rep__ceritinib.txt,/homes/lkgyammerah/Molecular_Dynamics_analysis/dock/ROS1/q2022p_vina/vina_outputs/WT_actout_ctlfit_dominant_cluster0_rep__ceritinib.pdbqt,/homes/lkgyammerah/Molecular_Dynamics_analysis/dock/ROS1/q2022p_vina/vina_logs/WT_actout_ctlfit_dominant_cluster0_rep__ceritinib.log,13.0,-7.012,13.49,16.58
actout_ctlfit,WT,dominant_cluster_representative,0,1,13020,/homes/lkgyammerah/Molecular_Dynamics_analysis/dock/ROS1/q2022p_subset_receptors/actout_ctlfit/WT/WT_actout_ctlfit_dominant_cluster0_rep.pdb,/homes/lkgyammerah/Molecular_Dynamics_analysis/dock/ROS1/q2022p_vina/receptor_pdbqt/WT_actout_ctlfit_dominant_cluster0_rep.pdbqt,ceritinib,/homes/lkgyammerah/Molecular_Dynamics_analysis/dock/ROS1/q2022p_vina/ligand_pdbqt/ceritinib.pdbqt,/homes/lkgyammerah/Molecular_Dynamics_analysis/dock/ROS1/q2022p_vina/configs/WT_actout_ctlfit_dominant_cluster0_rep__ceritinib.txt,/homes/lkgyammerah/Molecular_Dynamics_analysis/dock/ROS1/q2022p_vina/vina_outputs/WT_actout_ctlfit_dominant_cluster0_rep__ceritinib.pdbqt,/homes/lkgyammerah/Molecular_Dynamics_analysis/dock/ROS1/q2022p_vina/vina_logs/WT_actout_ctlfit_dominant_cluster0_rep__ceritinib.log,14.0,-7.002,13.51,16.46
actout_ctlfit,WT,dominant_cluster_representative,0,1,13020,/homes/lkgyammerah/Molecular_Dynamics_analysis/dock/ROS1/q2022p_subset_receptors/actout_ctlfit/WT/WT_actout_ctlfit_dominant_cluster0_rep.pdb,/homes/lkgyammerah/Molecular_Dynamics_analysis/dock/ROS1/q2022p_vina/receptor_pdbqt/WT_actout_ctlfit_dominant_cluster0_rep.pdbqt,ceritinib,/homes/lkgyammerah/Molecular_Dynamics_analysis/dock/ROS1/q2022p_vina/ligand_pdbqt/ceritinib.pdbqt,/homes/lkgyammerah/Molecular_Dynamics_analysis/dock/ROS1/q2022p_vina/configs/WT_actout_ctlfit_dominant_cluster0_rep__ceritinib.txt,/homes/lkgyammerah/Molecular_Dynamics_analysis/dock/ROS1/q2022p_vina/vina_outputs/WT_actout_ctlfit_dominant_cluster0_rep__ceritinib.pdbqt,/homes/lkgyammerah/Molecular_Dynamics_analysis/dock/ROS1/q2022p_vina/vina_logs/WT_actout_ctlfit_dominant_cluster0_rep__ceritinib.log,15.0,-6.993,13.31,15.63
actout_ctlfit,WT,dominant_cluster_representative,0,1,13020,/homes/lkgyammerah/Molecular_Dynamics_analysis/dock/ROS1/q2022p_subset_receptors/actout_ctlfit/WT/WT_actout_ctlfit_dominant_cluster0_rep.pdb,/homes/lkgyammerah/Molecular_Dynamics_analysis/dock/ROS1/q2022p_vina/receptor_pdbqt/WT_actout_ctlfit_dominant_cluster0_rep.pdbqt,ceritinib,/homes/lkgyammerah/Molecular_Dynamics_analysis/dock/ROS1/q2022p_vina/ligand_pdbqt/ceritinib.pdbqt,/homes/lkgyammerah/Molecular_Dynamics_analysis/dock/ROS1/q2022p_vina/configs/WT_actout_ctlfit_dominant_cluster0_rep__ceritinib.txt,/homes/lkgyammerah/Molecular_Dynamics_analysis/dock/ROS1/q2022p_vina/vina_outputs/WT_actout_ctlfit_dominant_cluster0_rep__ceritinib.pdbqt,/homes/lkgyammerah/Molecular_Dynamics_analysis/dock/ROS1/q2022p_vina/vina_logs/WT_actout_ctlfit_dominant_cluster0_rep__ceritinib.log,16.0,-6.889,14.83,17.25
actout_ctlfit,WT,dominant_cluster_representative,0,1,13020,/homes/lkgyammerah/Molecular_Dynamics_analysis/dock/ROS1/q2022p_subset_receptors/actout_ctlfit/WT/WT_actout_ctlfit_dominant_cluster0_rep.pdb,/homes/lkgyammerah/Molecular_Dynamics_analysis/dock/ROS1/q2022p_vina/receptor_pdbqt/WT_actout_ctlfit_dominant_cluster0_rep.pdbqt,ceritinib,/homes/lkgyammerah/Molecular_Dynamics_analysis/dock/ROS1/q2022p_vina/ligand_pdbqt/ceritinib.pdbqt,/homes/lkgyammerah/Molecular_Dynamics_analysis/dock/ROS1/q2022p_vina/configs/WT_actout_ctlfit_dominant_cluster0_rep__ceritinib.txt,/homes/lkgyammerah/Molecular_Dynamics_analysis/dock/ROS1/q2022p_vina/vina_outputs/WT_actout_ctlfit_dominant_cluster0_rep__ceritinib.pdbqt,/homes/lkgyammerah/Molecular_Dynamics_analysis/dock/ROS1/q2022p_vina/vina_logs/WT_actout_ctlfit_dominant_cluster0_rep__ceritinib.log,17.0,-6.849,14.8,16.44
actout_ctlfit,WT,dominant_cluster_representative,0,1,13020,/homes/lkgyammerah/Molecular_Dynamics_analysis/dock/ROS1/q2022p_subset_receptors/actout_ctlfit/WT/WT_actout_ctlfit_dominant_cluster0_rep.pdb,/homes/lkgyammerah/Molecular_Dynamics_analysis/dock/ROS1/q2022p_vina/receptor_pdbqt/WT_actout_ctlfit_dominant_cluster0_rep.pdbqt,ceritinib,/homes/lkgyammerah/Molecular_Dynamics_analysis/dock/ROS1/q2022p_vina/ligand_pdbqt/ceritinib.pdbqt,/homes/lkgyammerah/Molecular_Dynamics_analysis/dock/ROS1/q2022p_vina/configs/WT_actout_ctlfit_dominant_cluster0_rep__ceritinib.txt,/homes/lkgyammerah/Molecular_Dynamics_analysis/dock/ROS1/q2022p_vina/vina_outputs/WT_actout_ctlfit_dominant_cluster0_rep__ceritinib.pdbqt,/homes/lkgyammerah/Molecular_Dynamics_analysis/dock/ROS1/q2022p_vina/vina_logs/WT_actout_ctlfit_dominant_cluster0_rep__ceritinib.log,18.0,-6.723,15.23,17.33
actout_ctlfit,WT,dominant_cluster_representative,0,1,13020,/homes/lkgyammerah/Molecular_Dynamics_analysis/dock/ROS1/q2022p_subset_receptors/actout_ctlfit/WT/WT_actout_ctlfit_dominant_cluster0_rep.pdb,/homes/lkgyammerah/Molecular_Dynamics_analysis/dock/ROS1/q2022p_vina/receptor_pdbqt/WT_actout_ctlfit_dominant_cluster0_rep.pdbqt,ceritinib,/homes/lkgyammerah/Molecular_Dynamics_analysis/dock/ROS1/q2022p_vina/ligand_pdbqt/ceritinib.pdbqt,/homes/lkgyammerah/Molecular_Dynamics_analysis/dock/ROS1/q2022p_vina/configs/WT_actout_ctlfit_dominant_cluster0_rep__ceritinib.txt,/homes/lkgyammerah/Molecular_Dynamics_analysis/dock/ROS1/q2022p_vina/vina_outputs/WT_actout_ctlfit_dominant_cluster0_rep__ceritinib.pdbqt,/homes/lkgyammerah/Molecular_Dynamics_analysis/dock/ROS1/q2022p_vina/vina_logs/WT_actout_ctlfit_dominant_cluster0_rep__ceritinib.log,19.0,-6.703,13.18,14.62
actout_ctlfit,WT,dominant_cluster_representative,0,1,13020,/homes/lkgyammerah/Molecular_Dynamics_analysis/dock/ROS1/q2022p_subset_receptors/actout_ctlfit/WT/WT_actout_ctlfit_dominant_cluster0_rep.pdb,/homes/lkgyammerah/Molecular_Dynamics_analysis/dock/ROS1/q2022p_vina/receptor_pdbqt/WT_actout_ctlfit_dominant_cluster0_rep.pdbqt,ceritinib,/homes/lkgyammerah/Molecular_Dynamics_analysis/dock/ROS1/q2022p_vina/ligand_pdbqt/ceritinib.pdbqt,/homes/lkgyammerah/Molecular_Dynamics_analysis/dock/ROS1/q2022p_vina/configs/WT_actout_ctlfit_dominant_cluster0_rep__ceritinib.txt,/homes/lkgyammerah/Molecular_Dynamics_analysis/dock/ROS1/q2022p_vina/vina_outputs/WT_actout_ctlfit_dominant_cluster0_rep__ceritinib.pdbqt,/homes/lkgyammerah/Molecular_Dynamics_analysis/dock/ROS1/q2022p_vina/vina_logs/WT_actout_ctlfit_dominant_cluster0_rep__ceritinib.log,20.0,-6.666,13.64,16.08
actout_ctlfit,WT,dominant_cluster_representative,0,1,13020,/homes/lkgyammerah/Molecular_Dynamics_analysis/dock/ROS1/q2022p_subset_receptors/actout_ctlfit/WT/WT_actout_ctlfit_dominant_cluster0_rep.pdb,/homes/lkgyammerah/Molecular_Dynamics_analysis/dock/ROS1/q2022p_vina/receptor_pdbqt/WT_actout_ctlfit_dominant_cluster0_rep.pdbqt,lorlatinib,/homes/lkgyammerah/Molecular_Dynamics_analysis/dock/ROS1/q2022p_vina/ligand_pdbqt/lorlatinib.pdbqt,/homes/lkgyammerah/Molecular_Dynamics_analysis/dock/ROS1/q2022p_vina/configs/WT_actout_ctlfit_dominant_cluster0_rep__lorlatinib.txt,/homes/lkgyammerah/Molecular_Dynamics_analysis/dock/ROS1/q2022p_vina/vina_outputs/WT_actout_ctlfit_dominant_cluster0_rep__lorlatinib.pdbqt,/homes/lkgyammerah/Molecular_Dynamics_analysis/dock/ROS1/q2022p_vina/vina_logs/WT_actout_ctlfit_dominant_cluster0_rep__lorlatinib.log,2.0,-7.434,1.12,1.295
actout_ctlfit,WT,dominant_cluster_representative,0,1,13020,/homes/lkgyammerah/Molecular_Dynamics_analysis/dock/ROS1/q2022p_subset_receptors/actout_ctlfit/WT/WT_actout_ctlfit_dominant_cluster0_rep.pdb,/homes/lkgyammerah/Molecular_Dynamics_analysis/dock/ROS1/q2022p_vina/receptor_pdbqt/WT_actout_ctlfit_dominant_cluster0_rep.pdbqt,lorlatinib,/homes/lkgyammerah/Molecular_Dynamics_analysis/dock/ROS1/q2022p_vina/ligand_pdbqt/lorlatinib.pdbqt,/homes/lkgyammerah/Molecular_Dynamics_analysis/dock/ROS1/q2022p_vina/configs/WT_actout_ctlfit_dominant_cluster0_rep__lorlatinib.txt,/homes/lkgyammerah/Molecular_Dynamics_analysis/dock/ROS1/q2022p_vina/vina_outputs/WT_actout_ctlfit_dominant_cluster0_rep__lorlatinib.pdbqt,/homes/lkgyammerah/Molecular_Dynamics_analysis/dock/ROS1/q2022p_vina/vina_logs/WT_actout_ctlfit_dominant_cluster0_rep__lorlatinib.log,3.0,-6.916,1.766,2.359
actout_ctlfit,WT,dominant_cluster_representative,0,1,13020,/homes/lkgyammerah/Molecular_Dynamics_analysis/dock/ROS1/q2022p_subset_receptors/actout_ctlfit/WT/WT_actout_ctlfit_dominant_cluster0_rep.pdb,/homes/lkgyammerah/Molecular_Dynamics_analysis/dock/ROS1/q2022p_vina/receptor_pdbqt/WT_actout_ctlfit_dominant_cluster0_rep.pdbqt,lorlatinib,/homes/lkgyammerah/Molecular_Dynamics_analysis/dock/ROS1/q2022p_vina/ligand_pdbqt/lorlatinib.pdbqt,/homes/lkgyammerah/Molecular_Dynamics_analysis/dock/ROS1/q2022p_vina/configs/WT_actout_ctlfit_dominant_cluster0_rep__lorlatinib.txt,/homes/lkgyammerah/Molecular_Dynamics_analysis/dock/ROS1/q2022p_vina/vina_outputs/WT_actout_ctlfit_dominant_cluster0_rep__lorlatinib.pdbqt,/homes/lkgyammerah/Molecular_Dynamics_analysis/dock/ROS1/q2022p_vina/vina_logs/WT_actout_ctlfit_dominant_cluster0_rep__lorlatinib.log,4.0,-6.768,3.097,11.46
actout_ctlfit,WT,dominant_cluster_representative,0,1,13020,/homes/lkgyammerah/Molecular_Dynamics_analysis/dock/ROS1/q2022p_subset_receptors/actout_ctlfit/WT/WT_actout_ctlfit_dominant_cluster0_rep.pdb,/homes/lkgyammerah/Molecular_Dynamics_analysis/dock/ROS1/q2022p_vina/receptor_pdbqt/WT_actout_ctlfit_dominant_cluster0_rep.pdbqt,lorlatinib,/homes/lkgyammerah/Molecular_Dynamics_analysis/dock/ROS1/q2022p_vina/ligand_pdbqt/lorlatinib.pdbqt,/homes/lkgyammerah/Molecular_Dynamics_analysis/dock/ROS1/q2022p_vina/configs/WT_actout_ctlfit_dominant_cluster0_rep__lorlatinib.txt,/homes/lkgyammerah/Molecular_Dynamics_analysis/dock/ROS1/q2022p_vina/vina_outputs/WT_actout_ctlfit_dominant_cluster0_rep__lorlatinib.pdbqt,/homes/lkgyammerah/Molecular_Dynamics_analysis/dock/ROS1/q2022p_vina/vina_logs/WT_actout_ctlfit_dominant_cluster0_rep__lorlatinib.log,5.0,-6.611,2.156,4.62
actout_ctlfit,WT,dominant_cluster_representative,0,1,13020,/homes/lkgyammerah/Molecular_Dynamics_analysis/dock/ROS1/q2022p_subset_receptors/actout_ctlfit/WT/WT_actout_ctlfit_dominant_cluster0_rep.pdb,/homes/lkgyammerah/Molecular_Dynamics_analysis/dock/ROS1/q2022p_vina/receptor_pdbqt/WT_actout_ctlfit_dominant_cluster0_rep.pdbqt,lorlatinib,/homes/lkgyammerah/Molecular_Dynamics_analysis/dock/ROS1/q2022p_vina/ligand_pdbqt/lorlatinib.pdbqt,/homes/lkgyammerah/Molecular_Dynamics_analysis/dock/ROS1/q2022p_vina/configs/WT_actout_ctlfit_dominant_cluster0_rep__lorlatinib.txt,/homes/lkgyammerah/Molecular_Dynamics_analysis/dock/ROS1/q2022p_vina/vina_outputs/WT_actout_ctlfit_dominant_cluster0_rep__lorlatinib.pdbqt,/homes/lkgyammerah/Molecular_Dynamics_analysis/dock/ROS1/q2022p_vina/vina_logs/WT_actout_ctlfit_dominant_cluster0_rep__lorlatinib.log,6.0,-6.59,3.186,10.98
actout_ctlfit,WT,dominant_cluster_representative,0,1,13020,/homes/lkgyammerah/Molecular_Dynamics_analysis/dock/ROS1/q2022p_subset_receptors/actout_ctlfit/WT/WT_actout_ctlfit_dominant_cluster0_rep.pdb,/homes/lkgyammerah/Molecular_Dynamics_analysis/dock/ROS1/q2022p_vina/receptor_pdbqt/WT_actout_ctlfit_dominant_cluster0_rep.pdbqt,lorlatinib,/homes/lkgyammerah/Molecular_Dynamics_analysis/dock/ROS1/q2022p_vina/ligand_pdbqt/lorlatinib.pdbqt,/homes/lkgyammerah/Molecular_Dynamics_analysis/dock/ROS1/q2022p_vina/configs/WT_actout_ctlfit_dominant_cluster0_rep__lorlatinib.txt,/homes/lkgyammerah/Molecular_Dynamics_analysis/dock/ROS1/q2022p_vina/vina_outputs/WT_actout_ctlfit_dominant_cluster0_rep__lorlatinib.pdbqt,/homes/lkgyammerah/Molecular_Dynamics_analysis/dock/ROS1/q2022p_vina/vina_logs/WT_actout_ctlfit_dominant_cluster0_rep__lorlatinib.log,7.0,-6.467,2.044,4.385
actout_ctlfit,WT,dominant_cluster_representative,0,1,13020,/homes/lkgyammerah/Molecular_Dynamics_analysis/dock/ROS1/q2022p_subset_receptors/actout_ctlfit/WT/WT_actout_ctlfit_dominant_cluster0_rep.pdb,/homes/lkgyammerah/Molecular_Dynamics_analysis/dock/ROS1/q2022p_vina/receptor_pdbqt/WT_actout_ctlfit_dominant_cluster0_rep.pdbqt,lorlatinib,/homes/lkgyammerah/Molecular_Dynamics_analysis/dock/ROS1/q2022p_vina/ligand_pdbqt/lorlatinib.pdbqt,/homes/lkgyammerah/Molecular_Dynamics_analysis/dock/ROS1/q2022p_vina/configs/WT_actout_ctlfit_dominant_cluster0_rep__lorlatinib.txt,/homes/lkgyammerah/Molecular_Dynamics_analysis/dock/ROS1/q2022p_vina/vina_outputs/WT_actout_ctlfit_dominant_cluster0_rep__lorlatinib.pdbqt,/homes/lkgyammerah/Molecular_Dynamics_analysis/dock/ROS1/q2022p_vina/vina_logs/WT_actout_ctlfit_dominant_cluster0_rep__lorlatinib.log,8.0,-6.081,3.036,5.651
actout_ctlfit,WT,dominant_cluster_representative,0,1,13020,/homes/lkgyammerah/Molecular_Dynamics_analysis/dock/ROS1/q2022p_subset_receptors/actout_ctlfit/WT/WT_actout_ctlfit_dominant_cluster0_rep.pdb,/homes/lkgyammerah/Molecular_Dynamics_analysis/dock/ROS1/q2022p_vina/receptor_pdbqt/WT_actout_ctlfit_dominant_cluster0_rep.pdbqt,lorlatinib,/homes/lkgyammerah/Molecular_Dynamics_analysis/dock/ROS1/q2022p_vina/ligand_pdbqt/lorlatinib.pdbqt,/homes/lkgyammerah/Molecular_Dynamics_analysis/dock/ROS1/q2022p_vina/configs/WT_actout_ctlfit_dominant_cluster0_rep__lorlatinib.txt,/homes/lkgyammerah/Molecular_Dynamics_analysis/dock/ROS1/q2022p_vina/vina_outputs/WT_actout_ctlfit_dominant_cluster0_rep__lorlatinib.pdbqt,/homes/lkgyammerah/Molecular_Dynamics_analysis/dock/ROS1/q2022p_vina/vina_logs/WT_actout_ctlfit_dominant_cluster0_rep__lorlatinib.log,9.0,-6.001,2.418,3.628
actout_ctlfit,WT,dominant_cluster_representative,0,1,13020,/homes/lkgyammerah/Molecular_Dynamics_analysis/dock/ROS1/q2022p_subset_receptors/actout_ctlfit/WT/WT_actout_ctlfit_dominant_cluster0_rep.pdb,/homes/lkgyammerah/Molecular_Dynamics_analysis/dock/ROS1/q2022p_vina/receptor_pdbqt/WT_actout_ctlfit_dominant_cluster0_rep.pdbqt,lorlatinib,/homes/lkgyammerah/Molecular_Dynamics_analysis/dock/ROS1/q2022p_vina/ligand_pdbqt/lorlatinib.pdbqt,/homes/lkgyammerah/Molecular_Dynamics_analysis/dock/ROS1/q2022p_vina/configs/WT_actout_ctlfit_dominant_cluster0_rep__lorlatinib.txt,/homes/lkgyammerah/Molecular_Dynamics_analysis/dock/ROS1/q2022p_vina/vina_outputs/WT_actout_ctlfit_dominant_cluster0_rep__lorlatinib.pdbqt,/homes/lkgyammerah/Molecular_Dynamics_analysis/dock/ROS1/q2022p_vina/vina_logs/WT_actout_ctlfit_dominant_cluster0_rep__lorlatinib.log,10.0,-5.929,2.44,3.993
actout_ctlfit,WT,dominant_cluster_representative,0,1,13020,/homes/lkgyammerah/Molecular_Dynamics_analysis/dock/ROS1/q2022p_subset_receptors/actout_ctlfit/WT/WT_actout_ctlfit_dominant_cluster0_rep.pdb,/homes/lkgyammerah/Molecular_Dynamics_analysis/dock/ROS1/q2022p_vina/receptor_pdbqt/WT_actout_ctlfit_dominant_cluster0_rep.pdbqt,lorlatinib,/homes/lkgyammerah/Molecular_Dynamics_analysis/dock/ROS1/q2022p_vina/ligand_pdbqt/lorlatinib.pdbqt,/homes/lkgyammerah/Molecular_Dynamics_analysis/dock/ROS1/q2022p_vina/configs/WT_actout_ctlfit_dominant_cluster0_rep__lorlatinib.txt,/homes/lkgyammerah/Molecular_Dynamics_analysis/dock/ROS1/q2022p_vina/vina_outputs/WT_actout_ctlfit_dominant_cluster0_rep__lorlatinib.pdbqt,/homes/lkgyammerah/Molecular_Dynamics_analysis/dock/ROS1/q2022p_vina/vina_logs/WT_actout_ctlfit_dominant_cluster0_rep__lorlatinib.log,11.0,-5.657,3.174,4.781
actout_ctlfit,WT,dominant_cluster_representative,0,1,13020,/homes/lkgyammerah/Molecular_Dynamics_analysis/dock/ROS1/q2022p_subset_receptors/actout_ctlfit/WT/WT_actout_ctlfit_dominant_cluster0_rep.pdb,/homes/lkgyammerah/Molecular_Dynamics_analysis/dock/ROS1/q2022p_vina/receptor_pdbqt/WT_actout_ctlfit_dominant_cluster0_rep.pdbqt,lorlatinib,/homes/lkgyammerah/Molecular_Dynamics_analysis/dock/ROS1/q2022p_vina/ligand_pdbqt/lorlatinib.pdbqt,/homes/lkgyammerah/Molecular_Dynamics_analysis/dock/ROS1/q2022p_vina/configs/WT_actout_ctlfit_dominant_cluster0_rep__lorlatinib.txt,/homes/lkgyammerah/Molecular_Dynamics_analysis/dock/ROS1/q2022p_vina/vina_outputs/WT_actout_ctlfit_dominant_cluster0_rep__lorlatinib.pdbqt,/homes/lkgyammerah/Molecular_Dynamics_analysis/dock/ROS1/q2022p_vina/vina_logs/WT_actout_ctlfit_dominant_cluster0_rep__lorlatinib.log,12.0,-5.598,2.899,4.476
actout_ctlfit,WT,dominant_cluster_representative,0,1,13020,/homes/lkgyammerah/Molecular_Dynamics_analysis/dock/ROS1/q2022p_subset_receptors/actout_ctlfit/WT/WT_actout_ctlfit_dominant_cluster0_rep.pdb,/homes/lkgyammerah/Molecular_Dynamics_analysis/dock/ROS1/q2022p_vina/receptor_pdbqt/WT_actout_ctlfit_dominant_cluster0_rep.pdbqt,lorlatinib,/homes/lkgyammerah/Molecular_Dynamics_analysis/dock/ROS1/q2022p_vina/ligand_pdbqt/lorlatinib.pdbqt,/homes/lkgyammerah/Molecular_Dynamics_analysis/dock/ROS1/q2022p_vina/configs/WT_actout_ctlfit_dominant_cluster0_rep__lorlatinib.txt,/homes/lkgyammerah/Molecular_Dynamics_analysis/dock/ROS1/q2022p_vina/vina_outputs/WT_actout_ctlfit_dominant_cluster0_rep__lorlatinib.pdbqt,/homes/lkgyammerah/Molecular_Dynamics_analysis/dock/ROS1/q2022p_vina/vina_logs/WT_actout_ctlfit_dominant_cluster0_rep__lorlatinib.log,13.0,-5.527,4.389,7.681
actout_ctlfit,WT,dominant_cluster_representative,0,1,13020,/homes/lkgyammerah/Molecular_Dynamics_analysis/dock/ROS1/q2022p_subset_receptors/actout_ctlfit/WT/WT_actout_ctlfit_dominant_cluster0_rep.pdb,/homes/lkgyammerah/Molecular_Dynamics_analysis/dock/ROS1/q2022p_vina/receptor_pdbqt/WT_actout_ctlfit_dominant_cluster0_rep.pdbqt,lorlatinib,/homes/lkgyammerah/Molecular_Dynamics_analysis/dock/ROS1/q2022p_vina/ligand_pdbqt/lorlatinib.pdbqt,/homes/lkgyammerah/Molecular_Dynamics_analysis/dock/ROS1/q2022p_vina/configs/WT_actout_ctlfit_dominant_cluster0_rep__lorlatinib.txt,/homes/lkgyammerah/Molecular_Dynamics_analysis/dock/ROS1/q2022p_vina/vina_outputs/WT_actout_ctlfit_dominant_cluster0_rep__lorlatinib.pdbqt,/homes/lkgyammerah/Molecular_Dynamics_analysis/dock/ROS1/q2022p_vina/vina_logs/WT_actout_ctlfit_dominant_cluster0_rep__lorlatinib.log,14.0,-5.042,2.964,10.94
actout_ctlfit,WT,dominant_cluster_representative,0,1,13020,/homes/lkgyammerah/Molecular_Dynamics_analysis/dock/ROS1/q2022p_subset_receptors/actout_ctlfit/WT/WT_actout_ctlfit_dominant_cluster0_rep.pdb,/homes/lkgyammerah/Molecular_Dynamics_analysis/dock/ROS1/q2022p_vina/receptor_pdbqt/WT_actout_ctlfit_dominant_cluster0_rep.pdbqt,lorlatinib,/homes/lkgyammerah/Molecular_Dynamics_analysis/dock/ROS1/q2022p_vina/ligand_pdbqt/lorlatinib.pdbqt,/homes/lkgyammerah/Molecular_Dynamics_analysis/dock/ROS1/q2022p_vina/configs/WT_actout_ctlfit_dominant_cluster0_rep__lorlatinib.txt,/homes/lkgyammerah/Molecular_Dynamics_analysis/dock/ROS1/q2022p_vina/vina_outputs/WT_actout_ctlfit_dominant_cluster0_rep__lorlatinib.pdbqt,/homes/lkgyammerah/Molecular_Dynamics_analysis/dock/ROS1/q2022p_vina/vina_logs/WT_actout_ctlfit_dominant_cluster0_rep__lorlatinib.log,15.0,-5.008,1.63,2.224
actout_ctlfit,WT,dominant_cluster_representative,0,1,13020,/homes/lkgyammerah/Molecular_Dynamics_analysis/dock/ROS1/q2022p_subset_receptors/actout_ctlfit/WT/WT_actout_ctlfit_dominant_cluster0_rep.pdb,/homes/lkgyammerah/Molecular_Dynamics_analysis/dock/ROS1/q2022p_vina/receptor_pdbqt/WT_actout_ctlfit_dominant_cluster0_rep.pdbqt,lorlatinib,/homes/lkgyammerah/Molecular_Dynamics_analysis/dock/ROS1/q2022p_vina/ligand_pdbqt/lorlatinib.pdbqt,/homes/lkgyammerah/Molecular_Dynamics_analysis/dock/ROS1/q2022p_vina/configs/WT_actout_ctlfit_dominant_cluster0_rep__lorlatinib.txt,/homes/lkgyammerah/Molecular_Dynamics_analysis/dock/ROS1/q2022p_vina/vina_outputs/WT_actout_ctlfit_dominant_cluster0_rep__lorlatinib.pdbqt,/homes/lkgyammerah/Molecular_Dynamics_analysis/dock/ROS1/q2022p_vina/vina_logs/WT_actout_ctlfit_dominant_cluster0_rep__lorlatinib.log,16.0,-4.801,17.8,22.22
actout_ctlfit,WT,dominant_cluster_representative,0,1,13020,/homes/lkgyammerah/Molecular_Dynamics_analysis/dock/ROS1/q2022p_subset_receptors/actout_ctlfit/WT/WT_actout_ctlfit_dominant_cluster0_rep.pdb,/homes/lkgyammerah/Molecular_Dynamics_analysis/dock/ROS1/q2022p_vina/receptor_pdbqt/WT_actout_ctlfit_dominant_cluster0_rep.pdbqt,lorlatinib,/homes/lkgyammerah/Molecular_Dynamics_analysis/dock/ROS1/q2022p_vina/ligand_pdbqt/lorlatinib.pdbqt,/homes/lkgyammerah/Molecular_Dynamics_analysis/dock/ROS1/q2022p_vina/configs/WT_actout_ctlfit_dominant_cluster0_rep__lorlatinib.txt,/homes/lkgyammerah/Molecular_Dynamics_analysis/dock/ROS1/q2022p_vina/vina_outputs/WT_actout_ctlfit_dominant_cluster0_rep__lorlatinib.pdbqt,/homes/lkgyammerah/Molecular_Dynamics_analysis/dock/ROS1/q2022p_vina/vina_logs/WT_actout_ctlfit_dominant_cluster0_rep__lorlatinib.log,17.0,-4.791,2.896,5.93
actout_ctlfit,WT,dominant_cluster_representative,0,1,13020,/homes/lkgyammerah/Molecular_Dynamics_analysis/dock/ROS1/q2022p_subset_receptors/actout_ctlfit/WT/WT_actout_ctlfit_dominant_cluster0_rep.pdb,/homes/lkgyammerah/Molecular_Dynamics_analysis/dock/ROS1/q2022p_vina/receptor_pdbqt/WT_actout_ctlfit_dominant_cluster0_rep.pdbqt,lorlatinib,/homes/lkgyammerah/Molecular_Dynamics_analysis/dock/ROS1/q2022p_vina/ligand_pdbqt/lorlatinib.pdbqt,/homes/lkgyammerah/Molecular_Dynamics_analysis/dock/ROS1/q2022p_vina/configs/WT_actout_ctlfit_dominant_cluster0_rep__lorlatinib.txt,/homes/lkgyammerah/Molecular_Dynamics_analysis/dock/ROS1/q2022p_vina/vina_outputs/WT_actout_ctlfit_dominant_cluster0_rep__lorlatinib.pdbqt,/homes/lkgyammerah/Molecular_Dynamics_analysis/dock/ROS1/q2022p_vina/vina_logs/WT_actout_ctlfit_dominant_cluster0_rep__lorlatinib.log,18.0,-4.761,3.502,10.7
actout_ctlfit,WT,dominant_cluster_representative,0,1,13020,/homes/lkgyammerah/Molecular_Dynamics_analysis/dock/ROS1/q2022p_subset_receptors/actout_ctlfit/WT/WT_actout_ctlfit_dominant_cluster0_rep.pdb,/homes/lkgyammerah/Molecular_Dynamics_analysis/dock/ROS1/q2022p_vina/receptor_pdbqt/WT_actout_ctlfit_dominant_cluster0_rep.pdbqt,lorlatinib,/homes/lkgyammerah/Molecular_Dynamics_analysis/dock/ROS1/q2022p_vina/ligand_pdbqt/lorlatinib.pdbqt,/homes/lkgyammerah/Molecular_Dynamics_analysis/dock/ROS1/q2022p_vina/configs/WT_actout_ctlfit_dominant_cluster0_rep__lorlatinib.txt,/homes/lkgyammerah/Molecular_Dynamics_analysis/dock/ROS1/q2022p_vina/vina_outputs/WT_actout_ctlfit_dominant_cluster0_rep__lorlatinib.pdbqt,/homes/lkgyammerah/Molecular_Dynamics_analysis/dock/ROS1/q2022p_vina/vina_logs/WT_actout_ctlfit_dominant_cluster0_rep__lorlatinib.log,19.0,-3.509,3.786,5.156
actout_ctlfit,WT,dominant_cluster_representative,0,1,13020,/homes/lkgyammerah/Molecular_Dynamics_analysis/dock/ROS1/q2022p_subset_receptors/actout_ctlfit/WT/WT_actout_ctlfit_dominant_cluster0_rep.pdb,/homes/lkgyammerah/Molecular_Dynamics_analysis/dock/ROS1/q2022p_vina/receptor_pdbqt/WT_actout_ctlfit_dominant_cluster0_rep.pdbqt,lorlatinib,/homes/lkgyammerah/Molecular_Dynamics_analysis/dock/ROS1/q2022p_vina/ligand_pdbqt/lorlatinib.pdbqt,/homes/lkgyammerah/Molecular_Dynamics_analysis/dock/ROS1/q2022p_vina/configs/WT_actout_ctlfit_dominant_cluster0_rep__lorlatinib.txt,/homes/lkgyammerah/Molecular_Dynamics_analysis/dock/ROS1/q2022p_vina/vina_outputs/WT_actout_ctlfit_dominant_cluster0_rep__lorlatinib.pdbqt,/homes/lkgyammerah/Molecular_Dynamics_analysis/dock/ROS1/q2022p_vina/vina_logs/WT_actout_ctlfit_dominant_cluster0_rep__lorlatinib.log,20.0,-2.322,2.26,3.877
actout_ctlfit,WT,dominant_cluster_representative,0,1,13020,/homes/lkgyammerah/Molecular_Dynamics_analysis/dock/ROS1/q2022p_subset_receptors/actout_ctlfit/WT/WT_actout_ctlfit_dominant_cluster0_rep.pdb,/homes/lkgyammerah/Molecular_Dynamics_analysis/dock/ROS1/q2022p_vina/receptor_pdbqt/WT_actout_ctlfit_dominant_cluster0_rep.pdbqt,repotrectinib,/homes/lkgyammerah/Molecular_Dynamics_analysis/dock/ROS1/q2022p_vina/ligand_pdbqt/repotrectinib.pdbqt,/homes/lkgyammerah/Molecular_Dynamics_analysis/dock/ROS1/q2022p_vina/configs/WT_actout_ctlfit_dominant_cluster0_rep__repotrectinib.txt,/homes/lkgyammerah/Molecular_Dynamics_analysis/dock/ROS1/q2022p_vina/vina_outputs/WT_actout_ctlfit_dominant_cluster0_rep__repotrectinib.pdbqt,/homes/lkgyammerah/Molecular_Dynamics_analysis/dock/ROS1/q2022p_vina/vina_logs/WT_actout_ctlfit_dominant_cluster0_rep__repotrectinib.log,2.0,-7.045,8.367,9.972
actout_ctlfit,WT,dominant_cluster_representative,0,1,13020,/homes/lkgyammerah/Molecular_Dynamics_analysis/dock/ROS1/q2022p_subset_receptors/actout_ctlfit/WT/WT_actout_ctlfit_dominant_cluster0_rep.pdb,/homes/lkgyammerah/Molecular_Dynamics_analysis/dock/ROS1/q2022p_vina/receptor_pdbqt/WT_actout_ctlfit_dominant_cluster0_rep.pdbqt,repotrectinib,/homes/lkgyammerah/Molecular_Dynamics_analysis/dock/ROS1/q2022p_vina/ligand_pdbqt/repotrectinib.pdbqt,/homes/lkgyammerah/Molecular_Dynamics_analysis/dock/ROS1/q2022p_vina/configs/WT_actout_ctlfit_dominant_cluster0_rep__repotrectinib.txt,/homes/lkgyammerah/Molecular_Dynamics_analysis/dock/ROS1/q2022p_vina/vina_outputs/WT_actout_ctlfit_dominant_cluster0_rep__repotrectinib.pdbqt,/homes/lkgyammerah/Molecular_Dynamics_analysis/dock/ROS1/q2022p_vina/vina_logs/WT_actout_ctlfit_dominant_cluster0_rep__repotrectinib.log,3.0,-6.772,2.137,3.622
actout_ctlfit,WT,dominant_cluster_representative,0,1,13020,/homes/lkgyammerah/Molecular_Dynamics_analysis/dock/ROS1/q2022p_subset_receptors/actout_ctlfit/WT/WT_actout_ctlfit_dominant_cluster0_rep.pdb,/homes/lkgyammerah/Molecular_Dynamics_analysis/dock/ROS1/q2022p_vina/receptor_pdbqt/WT_actout_ctlfit_dominant_cluster0_rep.pdbqt,repotrectinib,/homes/lkgyammerah/Molecular_Dynamics_analysis/dock/ROS1/q2022p_vina/ligand_pdbqt/repotrectinib.pdbqt,/homes/lkgyammerah/Molecular_Dynamics_analysis/dock/ROS1/q2022p_vina/configs/WT_actout_ctlfit_dominant_cluster0_rep__repotrectinib.txt,/homes/lkgyammerah/Molecular_Dynamics_analysis/dock/ROS1/q2022p_vina/vina_outputs/WT_actout_ctlfit_dominant_cluster0_rep__repotrectinib.pdbqt,/homes/lkgyammerah/Molecular_Dynamics_analysis/dock/ROS1/q2022p_vina/vina_logs/WT_actout_ctlfit_dominant_cluster0_rep__repotrectinib.log,4.0,-6.313,2.341,4.991
actout_ctlfit,WT,dominant_cluster_representative,0,1,13020,/homes/lkgyammerah/Molecular_Dynamics_analysis/dock/ROS1/q2022p_subset_receptors/actout_ctlfit/WT/WT_actout_ctlfit_dominant_cluster0_rep.pdb,/homes/lkgyammerah/Molecular_Dynamics_analysis/dock/ROS1/q2022p_vina/receptor_pdbqt/WT_actout_ctlfit_dominant_cluster0_rep.pdbqt,repotrectinib,/homes/lkgyammerah/Molecular_Dynamics_analysis/dock/ROS1/q2022p_vina/ligand_pdbqt/repotrectinib.pdbqt,/homes/lkgyammerah/Molecular_Dynamics_analysis/dock/ROS1/q2022p_vina/configs/WT_actout_ctlfit_dominant_cluster0_rep__repotrectinib.txt,/homes/lkgyammerah/Molecular_Dynamics_analysis/dock/ROS1/q2022p_vina/vina_outputs/WT_actout_ctlfit_dominant_cluster0_rep__repotrectinib.pdbqt,/homes/lkgyammerah/Molecular_Dynamics_analysis/dock/ROS1/q2022p_vina/vina_logs/WT_actout_ctlfit_dominant_cluster0_rep__repotrectinib.log,5.0,-6.053,8.712,10.16
actout_ctlfit,WT,dominant_cluster_representative,0,1,13020,/homes/lkgyammerah/Molecular_Dynamics_analysis/dock/ROS1/q2022p_subset_receptors/actout_ctlfit/WT/WT_actout_ctlfit_dominant_cluster0_rep.pdb,/homes/lkgyammerah/Molecular_Dynamics_analysis/dock/ROS1/q2022p_vina/receptor_pdbqt/WT_actout_ctlfit_dominant_cluster0_rep.pdbqt,repotrectinib,/homes/lkgyammerah/Molecular_Dynamics_analysis/dock/ROS1/q2022p_vina/ligand_pdbqt/repotrectinib.pdbqt,/homes/lkgyammerah/Molecular_Dynamics_analysis/dock/ROS1/q2022p_vina/configs/WT_actout_ctlfit_dominant_cluster0_rep__repotrectinib.txt,/homes/lkgyammerah/Molecular_Dynamics_analysis/dock/ROS1/q2022p_vina/vina_outputs/WT_actout_ctlfit_dominant_cluster0_rep__repotrectinib.pdbqt,/homes/lkgyammerah/Molecular_Dynamics_analysis/dock/ROS1/q2022p_vina/vina_logs/WT_actout_ctlfit_dominant_cluster0_rep__repotrectinib.log,6.0,-5.838,1.89,3.145
actout_ctlfit,WT,dominant_cluster_representative,0,1,13020,/homes/lkgyammerah/Molecular_Dynamics_analysis/dock/ROS1/q2022p_subset_receptors/actout_ctlfit/WT/WT_actout_ctlfit_dominant_cluster0_rep.pdb,/homes/lkgyammerah/Molecular_Dynamics_analysis/dock/ROS1/q2022p_vina/receptor_pdbqt/WT_actout_ctlfit_dominant_cluster0_rep.pdbqt,repotrectinib,/homes/lkgyammerah/Molecular_Dynamics_analysis/dock/ROS1/q2022p_vina/ligand_pdbqt/repotrectinib.pdbqt,/homes/lkgyammerah/Molecular_Dynamics_analysis/dock/ROS1/q2022p_vina/configs/WT_actout_ctlfit_dominant_cluster0_rep__repotrectinib.txt,/homes/lkgyammerah/Molecular_Dynamics_analysis/dock/ROS1/q2022p_vina/vina_outputs/WT_actout_ctlfit_dominant_cluster0_rep__repotrectinib.pdbqt,/homes/lkgyammerah/Molecular_Dynamics_analysis/dock/ROS1/q2022p_vina/vina_logs/WT_actout_ctlfit_dominant_cluster0_rep__repotrectinib.log,7.0,-5.833,8.328,9.998
actout_ctlfit,WT,dominant_cluster_representative,0,1,13020,/homes/lkgyammerah/Molecular_Dynamics_analysis/dock/ROS1/q2022p_subset_receptors/actout_ctlfit/WT/WT_actout_ctlfit_dominant_cluster0_rep.pdb,/homes/lkgyammerah/Molecular_Dynamics_analysis/dock/ROS1/q2022p_vina/receptor_pdbqt/WT_actout_ctlfit_dominant_cluster0_rep.pdbqt,repotrectinib,/homes/lkgyammerah/Molecular_Dynamics_analysis/dock/ROS1/q2022p_vina/ligand_pdbqt/repotrectinib.pdbqt,/homes/lkgyammerah/Molecular_Dynamics_analysis/dock/ROS1/q2022p_vina/configs/WT_actout_ctlfit_dominant_cluster0_rep__repotrectinib.txt,/homes/lkgyammerah/Molecular_Dynamics_analysis/dock/ROS1/q2022p_vina/vina_outputs/WT_actout_ctlfit_dominant_cluster0_rep__repotrectinib.pdbqt,/homes/lkgyammerah/Molecular_Dynamics_analysis/dock/ROS1/q2022p_vina/vina_logs/WT_actout_ctlfit_dominant_cluster0_rep__repotrectinib.log,8.0,-5.634,2.118,4.361
actout_ctlfit,WT,dominant_cluster_representative,0,1,13020,/homes/lkgyammerah/Molecular_Dynamics_analysis/dock/ROS1/q2022p_subset_receptors/actout_ctlfit/WT/WT_actout_ctlfit_dominant_cluster0_rep.pdb,/homes/lkgyammerah/Molecular_Dynamics_analysis/dock/ROS1/q2022p_vina/receptor_pdbqt/WT_actout_ctlfit_dominant_cluster0_rep.pdbqt,repotrectinib,/homes/lkgyammerah/Molecular_Dynamics_analysis/dock/ROS1/q2022p_vina/ligand_pdbqt/repotrectinib.pdbqt,/homes/lkgyammerah/Molecular_Dynamics_analysis/dock/ROS1/q2022p_vina/configs/WT_actout_ctlfit_dominant_cluster0_rep__repotrectinib.txt,/homes/lkgyammerah/Molecular_Dynamics_analysis/dock/ROS1/q2022p_vina/vina_outputs/WT_actout_ctlfit_dominant_cluster0_rep__repotrectinib.pdbqt,/homes/lkgyammerah/Molecular_Dynamics_analysis/dock/ROS1/q2022p_vina/vina_logs/WT_actout_ctlfit_dominant_cluster0_rep__repotrectinib.log,9.0,-5.576,10.62,12.27
actout_ctlfit,WT,dominant_cluster_representative,0,1,13020,/homes/lkgyammerah/Molecular_Dynamics_analysis/dock/ROS1/q2022p_subset_receptors/actout_ctlfit/WT/WT_actout_ctlfit_dominant_cluster0_rep.pdb,/homes/lkgyammerah/Molecular_Dynamics_analysis/dock/ROS1/q2022p_vina/receptor_pdbqt/WT_actout_ctlfit_dominant_cluster0_rep.pdbqt,repotrectinib,/homes/lkgyammerah/Molecular_Dynamics_analysis/dock/ROS1/q2022p_vina/ligand_pdbqt/repotrectinib.pdbqt,/homes/lkgyammerah/Molecular_Dynamics_analysis/dock/ROS1/q2022p_vina/configs/WT_actout_ctlfit_dominant_cluster0_rep__repotrectinib.txt,/homes/lkgyammerah/Molecular_Dynamics_analysis/dock/ROS1/q2022p_vina/vina_outputs/WT_actout_ctlfit_dominant_cluster0_rep__repotrectinib.pdbqt,/homes/lkgyammerah/Molecular_Dynamics_analysis/dock/ROS1/q2022p_vina/vina_logs/WT_actout_ctlfit_dominant_cluster0_rep__repotrectinib.log,10.0,-5.573,2.227,4.508
actout_ctlfit,WT,dominant_cluster_representative,0,1,13020,/homes/lkgyammerah/Molecular_Dynamics_analysis/dock/ROS1/q2022p_subset_receptors/actout_ctlfit/WT/WT_actout_ctlfit_dominant_cluster0_rep.pdb,/homes/lkgyammerah/Molecular_Dynamics_analysis/dock/ROS1/q2022p_vina/receptor_pdbqt/WT_actout_ctlfit_dominant_cluster0_rep.pdbqt,repotrectinib,/homes/lkgyammerah/Molecular_Dynamics_analysis/dock/ROS1/q2022p_vina/ligand_pdbqt/repotrectinib.pdbqt,/homes/lkgyammerah/Molecular_Dynamics_analysis/dock/ROS1/q2022p_vina/configs/WT_actout_ctlfit_dominant_cluster0_rep__repotrectinib.txt,/homes/lkgyammerah/Molecular_Dynamics_analysis/dock/ROS1/q2022p_vina/vina_outputs/WT_actout_ctlfit_dominant_cluster0_rep__repotrectinib.pdbqt,/homes/lkgyammerah/Molecular_Dynamics_analysis/dock/ROS1/q2022p_vina/vina_logs/WT_actout_ctlfit_dominant_cluster0_rep__repotrectinib.log,11.0,-5.554,1.91,2.603
actout_ctlfit,WT,dominant_cluster_representative,0,1,13020,/homes/lkgyammerah/Molecular_Dynamics_analysis/dock/ROS1/q2022p_subset_receptors/actout_ctlfit/WT/WT_actout_ctlfit_dominant_cluster0_rep.pdb,/homes/lkgyammerah/Molecular_Dynamics_analysis/dock/ROS1/q2022p_vina/receptor_pdbqt/WT_actout_ctlfit_dominant_cluster0_rep.pdbqt,repotrectinib,/homes/lkgyammerah/Molecular_Dynamics_analysis/dock/ROS1/q2022p_vina/ligand_pdbqt/repotrectinib.pdbqt,/homes/lkgyammerah/Molecular_Dynamics_analysis/dock/ROS1/q2022p_vina/configs/WT_actout_ctlfit_dominant_cluster0_rep__repotrectinib.txt,/homes/lkgyammerah/Molecular_Dynamics_analysis/dock/ROS1/q2022p_vina/vina_outputs/WT_actout_ctlfit_dominant_cluster0_rep__repotrectinib.pdbqt,/homes/lkgyammerah/Molecular_Dynamics_analysis/dock/ROS1/q2022p_vina/vina_logs/WT_actout_ctlfit_dominant_cluster0_rep__repotrectinib.log,12.0,-5.438,1.926,3.798
actout_ctlfit,WT,dominant_cluster_representative,0,1,13020,/homes/lkgyammerah/Molecular_Dynamics_analysis/dock/ROS1/q2022p_subset_receptors/actout_ctlfit/WT/WT_actout_ctlfit_dominant_cluster0_rep.pdb,/homes/lkgyammerah/Molecular_Dynamics_analysis/dock/ROS1/q2022p_vina/receptor_pdbqt/WT_actout_ctlfit_dominant_cluster0_rep.pdbqt,repotrectinib,/homes/lkgyammerah/Molecular_Dynamics_analysis/dock/ROS1/q2022p_vina/ligand_pdbqt/repotrectinib.pdbqt,/homes/lkgyammerah/Molecular_Dynamics_analysis/dock/ROS1/q2022p_vina/configs/WT_actout_ctlfit_dominant_cluster0_rep__repotrectinib.txt,/homes/lkgyammerah/Molecular_Dynamics_analysis/dock/ROS1/q2022p_vina/vina_outputs/WT_actout_ctlfit_dominant_cluster0_rep__repotrectinib.pdbqt,/homes/lkgyammerah/Molecular_Dynamics_analysis/dock/ROS1/q2022p_vina/vina_logs/WT_actout_ctlfit_dominant_cluster0_rep__repotrectinib.log,13.0,-5.377,8.462,9.745
actout_ctlfit,WT,dominant_cluster_representative,0,1,13020,/homes/lkgyammerah/Molecular_Dynamics_analysis/dock/ROS1/q2022p_subset_receptors/actout_ctlfit/WT/WT_actout_ctlfit_dominant_cluster0_rep.pdb,/homes/lkgyammerah/Molecular_Dynamics_analysis/dock/ROS1/q2022p_vina/receptor_pdbqt/WT_actout_ctlfit_dominant_cluster0_rep.pdbqt,repotrectinib,/homes/lkgyammerah/Molecular_Dynamics_analysis/dock/ROS1/q2022p_vina/ligand_pdbqt/repotrectinib.pdbqt,/homes/lkgyammerah/Molecular_Dynamics_analysis/dock/ROS1/q2022p_vina/configs/WT_actout_ctlfit_dominant_cluster0_rep__repotrectinib.txt,/homes/lkgyammerah/Molecular_Dynamics_analysis/dock/ROS1/q2022p_vina/vina_outputs/WT_actout_ctlfit_dominant_cluster0_rep__repotrectinib.pdbqt,/homes/lkgyammerah/Molecular_Dynamics_analysis/dock/ROS1/q2022p_vina/vina_logs/WT_actout_ctlfit_dominant_cluster0_rep__repotrectinib.log,14.0,-5.236,1.894,3.238
actout_ctlfit,WT,dominant_cluster_representative,0,1,13020,/homes/lkgyammerah/Molecular_Dynamics_analysis/dock/ROS1/q2022p_subset_receptors/actout_ctlfit/WT/WT_actout_ctlfit_dominant_cluster0_rep.pdb,/homes/lkgyammerah/Molecular_Dynamics_analysis/dock/ROS1/q2022p_vina/receptor_pdbqt/WT_actout_ctlfit_dominant_cluster0_rep.pdbqt,repotrectinib,/homes/lkgyammerah/Molecular_Dynamics_analysis/dock/ROS1/q2022p_vina/ligand_pdbqt/repotrectinib.pdbqt,/homes/lkgyammerah/Molecular_Dynamics_analysis/dock/ROS1/q2022p_vina/configs/WT_actout_ctlfit_dominant_cluster0_rep__repotrectinib.txt,/homes/lkgyammerah/Molecular_Dynamics_analysis/dock/ROS1/q2022p_vina/vina_outputs/WT_actout_ctlfit_dominant_cluster0_rep__repotrectinib.pdbqt,/homes/lkgyammerah/Molecular_Dynamics_analysis/dock/ROS1/q2022p_vina/vina_logs/WT_actout_ctlfit_dominant_cluster0_rep__repotrectinib.log,15.0,-5.124,2.504,4.528
actout_ctlfit,WT,dominant_cluster_representative,0,1,13020,/homes/lkgyammerah/Molecular_Dynamics_analysis/dock/ROS1/q2022p_subset_receptors/actout_ctlfit/WT/WT_actout_ctlfit_dominant_cluster0_rep.pdb,/homes/lkgyammerah/Molecular_Dynamics_analysis/dock/ROS1/q2022p_vina/receptor_pdbqt/WT_actout_ctlfit_dominant_cluster0_rep.pdbqt,repotrectinib,/homes/lkgyammerah/Molecular_Dynamics_analysis/dock/ROS1/q2022p_vina/ligand_pdbqt/repotrectinib.pdbqt,/homes/lkgyammerah/Molecular_Dynamics_analysis/dock/ROS1/q2022p_vina/configs/WT_actout_ctlfit_dominant_cluster0_rep__repotrectinib.txt,/homes/lkgyammerah/Molecular_Dynamics_analysis/dock/ROS1/q2022p_vina/vina_outputs/WT_actout_ctlfit_dominant_cluster0_rep__repotrectinib.pdbqt,/homes/lkgyammerah/Molecular_Dynamics_analysis/dock/ROS1/q2022p_vina/vina_logs/WT_actout_ctlfit_dominant_cluster0_rep__repotrectinib.log,16.0,-4.925,3.092,4.63
actout_ctlfit,WT,dominant_cluster_representative,0,1,13020,/homes/lkgyammerah/Molecular_Dynamics_analysis/dock/ROS1/q2022p_subset_receptors/actout_ctlfit/WT/WT_actout_ctlfit_dominant_cluster0_rep.pdb,/homes/lkgyammerah/Molecular_Dynamics_analysis/dock/ROS1/q2022p_vina/receptor_pdbqt/WT_actout_ctlfit_dominant_cluster0_rep.pdbqt,repotrectinib,/homes/lkgyammerah/Molecular_Dynamics_analysis/dock/ROS1/q2022p_vina/ligand_pdbqt/repotrectinib.pdbqt,/homes/lkgyammerah/Molecular_Dynamics_analysis/dock/ROS1/q2022p_vina/configs/WT_actout_ctlfit_dominant_cluster0_rep__repotrectinib.txt,/homes/lkgyammerah/Molecular_Dynamics_analysis/dock/ROS1/q2022p_vina/vina_outputs/WT_actout_ctlfit_dominant_cluster0_rep__repotrectinib.pdbqt,/homes/lkgyammerah/Molecular_Dynamics_analysis/dock/ROS1/q2022p_vina/vina_logs/WT_actout_ctlfit_dominant_cluster0_rep__repotrectinib.log,17.0,-4.838,2.859,4.539
actout_ctlfit,WT,dominant_cluster_representative,0,1,13020,/homes/lkgyammerah/Molecular_Dynamics_analysis/dock/ROS1/q2022p_subset_receptors/actout_ctlfit/WT/WT_actout_ctlfit_dominant_cluster0_rep.pdb,/homes/lkgyammerah/Molecular_Dynamics_analysis/dock/ROS1/q2022p_vina/receptor_pdbqt/WT_actout_ctlfit_dominant_cluster0_rep.pdbqt,repotrectinib,/homes/lkgyammerah/Molecular_Dynamics_analysis/dock/ROS1/q2022p_vina/ligand_pdbqt/repotrectinib.pdbqt,/homes/lkgyammerah/Molecular_Dynamics_analysis/dock/ROS1/q2022p_vina/configs/WT_actout_ctlfit_dominant_cluster0_rep__repotrectinib.txt,/homes/lkgyammerah/Molecular_Dynamics_analysis/dock/ROS1/q2022p_vina/vina_outputs/WT_actout_ctlfit_dominant_cluster0_rep__repotrectinib.pdbqt,/homes/lkgyammerah/Molecular_Dynamics_analysis/dock/ROS1/q2022p_vina/vina_logs/WT_actout_ctlfit_dominant_cluster0_rep__repotrectinib.log,18.0,-4.418,2.429,3.823
actout_ctlfit,WT,dominant_cluster_representative,0,1,13020,/homes/lkgyammerah/Molecular_Dynamics_analysis/dock/ROS1/q2022p_subset_receptors/actout_ctlfit/WT/WT_actout_ctlfit_dominant_cluster0_rep.pdb,/homes/lkgyammerah/Molecular_Dynamics_analysis/dock/ROS1/q2022p_vina/receptor_pdbqt/WT_actout_ctlfit_dominant_cluster0_rep.pdbqt,zidesamtinib,/homes/lkgyammerah/Molecular_Dynamics_analysis/dock/ROS1/q2022p_vina/ligand_pdbqt/zidesamtinib.pdbqt,/homes/lkgyammerah/Molecular_Dynamics_analysis/dock/ROS1/q2022p_vina/configs/WT_actout_ctlfit_dominant_cluster0_rep__zidesamtinib.txt,/homes/lkgyammerah/Molecular_Dynamics_analysis/dock/ROS1/q2022p_vina/vina_outputs/WT_actout_ctlfit_dominant_cluster0_rep__zidesamtinib.pdbqt,/homes/lkgyammerah/Molecular_Dynamics_analysis/dock/ROS1/q2022p_vina/vina_logs/WT_actout_ctlfit_dominant_cluster0_rep__zidesamtinib.log,2.0,-11.06,8.424,10.83
actout_ctlfit,WT,dominant_cluster_representative,0,1,13020,/homes/lkgyammerah/Molecular_Dynamics_analysis/dock/ROS1/q2022p_subset_receptors/actout_ctlfit/WT/WT_actout_ctlfit_dominant_cluster0_rep.pdb,/homes/lkgyammerah/Molecular_Dynamics_analysis/dock/ROS1/q2022p_vina/receptor_pdbqt/WT_actout_ctlfit_dominant_cluster0_rep.pdbqt,zidesamtinib,/homes/lkgyammerah/Molecular_Dynamics_analysis/dock/ROS1/q2022p_vina/ligand_pdbqt/zidesamtinib.pdbqt,/homes/lkgyammerah/Molecular_Dynamics_analysis/dock/ROS1/q2022p_vina/configs/WT_actout_ctlfit_dominant_cluster0_rep__zidesamtinib.txt,/homes/lkgyammerah/Molecular_Dynamics_analysis/dock/ROS1/q2022p_vina/vina_outputs/WT_actout_ctlfit_dominant_cluster0_rep__zidesamtinib.pdbqt,/homes/lkgyammerah/Molecular_Dynamics_analysis/dock/ROS1/q2022p_vina/vina_logs/WT_actout_ctlfit_dominant_cluster0_rep__zidesamtinib.log,3.0,-10.95,1.965,3.88
actout_ctlfit,WT,dominant_cluster_representative,0,1,13020,/homes/lkgyammerah/Molecular_Dynamics_analysis/dock/ROS1/q2022p_subset_receptors/actout_ctlfit/WT/WT_actout_ctlfit_dominant_cluster0_rep.pdb,/homes/lkgyammerah/Molecular_Dynamics_analysis/dock/ROS1/q2022p_vina/receptor_pdbqt/WT_actout_ctlfit_dominant_cluster0_rep.pdbqt,zidesamtinib,/homes/lkgyammerah/Molecular_Dynamics_analysis/dock/ROS1/q2022p_vina/ligand_pdbqt/zidesamtinib.pdbqt,/homes/lkgyammerah/Molecular_Dynamics_analysis/dock/ROS1/q2022p_vina/configs/WT_actout_ctlfit_dominant_cluster0_rep__zidesamtinib.txt,/homes/lkgyammerah/Molecular_Dynamics_analysis/dock/ROS1/q2022p_vina/vina_outputs/WT_actout_ctlfit_dominant_cluster0_rep__zidesamtinib.pdbqt,/homes/lkgyammerah/Molecular_Dynamics_analysis/dock/ROS1/q2022p_vina/vina_logs/WT_actout_ctlfit_dominant_cluster0_rep__zidesamtinib.log,4.0,-10.92,1.878,4.285
actout_ctlfit,WT,dominant_cluster_representative,0,1,13020,/homes/lkgyammerah/Molecular_Dynamics_analysis/dock/ROS1/q2022p_subset_receptors/actout_ctlfit/WT/WT_actout_ctlfit_dominant_cluster0_rep.pdb,/homes/lkgyammerah/Molecular_Dynamics_analysis/dock/ROS1/q2022p_vina/receptor_pdbqt/WT_actout_ctlfit_dominant_cluster0_rep.pdbqt,zidesamtinib,/homes/lkgyammerah/Molecular_Dynamics_analysis/dock/ROS1/q2022p_vina/ligand_pdbqt/zidesamtinib.pdbqt,/homes/lkgyammerah/Molecular_Dynamics_analysis/dock/ROS1/q2022p_vina/configs/WT_actout_ctlfit_dominant_cluster0_rep__zidesamtinib.txt,/homes/lkgyammerah/Molecular_Dynamics_analysis/dock/ROS1/q2022p_vina/vina_outputs/WT_actout_ctlfit_dominant_cluster0_rep__zidesamtinib.pdbqt,/homes/lkgyammerah/Molecular_Dynamics_analysis/dock/ROS1/q2022p_vina/vina_logs/WT_actout_ctlfit_dominant_cluster0_rep__zidesamtinib.log,5.0,-10.9,1.187,3.23
actout_ctlfit,WT,dominant_cluster_representative,0,1,13020,/homes/lkgyammerah/Molecular_Dynamics_analysis/dock/ROS1/q2022p_subset_receptors/actout_ctlfit/WT/WT_actout_ctlfit_dominant_cluster0_rep.pdb,/homes/lkgyammerah/Molecular_Dynamics_analysis/dock/ROS1/q2022p_vina/receptor_pdbqt/WT_actout_ctlfit_dominant_cluster0_rep.pdbqt,zidesamtinib,/homes/lkgyammerah/Molecular_Dynamics_analysis/dock/ROS1/q2022p_vina/ligand_pdbqt/zidesamtinib.pdbqt,/homes/lkgyammerah/Molecular_Dynamics_analysis/dock/ROS1/q2022p_vina/configs/WT_actout_ctlfit_dominant_cluster0_rep__zidesamtinib.txt,/homes/lkgyammerah/Molecular_Dynamics_analysis/dock/ROS1/q2022p_vina/vina_outputs/WT_actout_ctlfit_dominant_cluster0_rep__zidesamtinib.pdbqt,/homes/lkgyammerah/Molecular_Dynamics_analysis/dock/ROS1/q2022p_vina/vina_logs/WT_actout_ctlfit_dominant_cluster0_rep__zidesamtinib.log,6.0,-10.75,1.983,4.8
actout_ctlfit,WT,dominant_cluster_representative,0,1,13020,/homes/lkgyammerah/Molecular_Dynamics_analysis/dock/ROS1/q2022p_subset_receptors/actout_ctlfit/WT/WT_actout_ctlfit_dominant_cluster0_rep.pdb,/homes/lkgyammerah/Molecular_Dynamics_analysis/dock/ROS1/q2022p_vina/receptor_pdbqt/WT_actout_ctlfit_dominant_cluster0_rep.pdbqt,zidesamtinib,/homes/lkgyammerah/Molecular_Dynamics_analysis/dock/ROS1/q2022p_vina/ligand_pdbqt/zidesamtinib.pdbqt,/homes/lkgyammerah/Molecular_Dynamics_analysis/dock/ROS1/q2022p_vina/configs/WT_actout_ctlfit_dominant_cluster0_rep__zidesamtinib.txt,/homes/lkgyammerah/Molecular_Dynamics_analysis/dock/ROS1/q2022p_vina/vina_outputs/WT_actout_ctlfit_dominant_cluster0_rep__zidesamtinib.pdbqt,/homes/lkgyammerah/Molecular_Dynamics_analysis/dock/ROS1/q2022p_vina/vina_logs/WT_actout_ctlfit_dominant_cluster0_rep__zidesamtinib.log,7.0,-10.75,1.936,5.268
actout_ctlfit,WT,dominant_cluster_representative,0,1,13020,/homes/lkgyammerah/Molecular_Dynamics_analysis/dock/ROS1/q2022p_subset_receptors/actout_ctlfit/WT/WT_actout_ctlfit_dominant_cluster0_rep.pdb,/homes/lkgyammerah/Molecular_Dynamics_analysis/dock/ROS1/q2022p_vina/receptor_pdbqt/WT_actout_ctlfit_dominant_cluster0_rep.pdbqt,zidesamtinib,/homes/lkgyammerah/Molecular_Dynamics_analysis/dock/ROS1/q2022p_vina/ligand_pdbqt/zidesamtinib.pdbqt,/homes/lkgyammerah/Molecular_Dynamics_analysis/dock/ROS1/q2022p_vina/configs/WT_actout_ctlfit_dominant_cluster0_rep__zidesamtinib.txt,/homes/lkgyammerah/Molecular_Dynamics_analysis/dock/ROS1/q2022p_vina/vina_outputs/WT_actout_ctlfit_dominant_cluster0_rep__zidesamtinib.pdbqt,/homes/lkgyammerah/Molecular_Dynamics_analysis/dock/ROS1/q2022p_vina/vina_logs/WT_actout_ctlfit_dominant_cluster0_rep__zidesamtinib.log,8.0,-10.62,1.331,4.116
actout_ctlfit,WT,dominant_cluster_representative,0,1,13020,/homes/lkgyammerah/Molecular_Dynamics_analysis/dock/ROS1/q2022p_subset_receptors/actout_ctlfit/WT/WT_actout_ctlfit_dominant_cluster0_rep.pdb,/homes/lkgyammerah/Molecular_Dynamics_analysis/dock/ROS1/q2022p_vina/receptor_pdbqt/WT_actout_ctlfit_dominant_cluster0_rep.pdbqt,zidesamtinib,/homes/lkgyammerah/Molecular_Dynamics_analysis/dock/ROS1/q2022p_vina/ligand_pdbqt/zidesamtinib.pdbqt,/homes/lkgyammerah/Molecular_Dynamics_analysis/dock/ROS1/q2022p_vina/configs/WT_actout_ctlfit_dominant_cluster0_rep__zidesamtinib.txt,/homes/lkgyammerah/Molecular_Dynamics_analysis/dock/ROS1/q2022p_vina/vina_outputs/WT_actout_ctlfit_dominant_cluster0_rep__zidesamtinib.pdbqt,/homes/lkgyammerah/Molecular_Dynamics_analysis/dock/ROS1/q2022p_vina/vina_logs/WT_actout_ctlfit_dominant_cluster0_rep__zidesamtinib.log,9.0,-10.62,1.713,3.285
actout_ctlfit,WT,dominant_cluster_representative,0,1,13020,/homes/lkgyammerah/Molecular_Dynamics_analysis/dock/ROS1/q2022p_subset_receptors/actout_ctlfit/WT/WT_actout_ctlfit_dominant_cluster0_rep.pdb,/homes/lkgyammerah/Molecular_Dynamics_analysis/dock/ROS1/q2022p_vina/receptor_pdbqt/WT_actout_ctlfit_dominant_cluster0_rep.pdbqt,zidesamtinib,/homes/lkgyammerah/Molecular_Dynamics_analysis/dock/ROS1/q2022p_vina/ligand_pdbqt/zidesamtinib.pdbqt,/homes/lkgyammerah/Molecular_Dynamics_analysis/dock/ROS1/q2022p_vina/configs/WT_actout_ctlfit_dominant_cluster0_rep__zidesamtinib.txt,/homes/lkgyammerah/Molecular_Dynamics_analysis/dock/ROS1/q2022p_vina/vina_outputs/WT_actout_ctlfit_dominant_cluster0_rep__zidesamtinib.pdbqt,/homes/lkgyammerah/Molecular_Dynamics_analysis/dock/ROS1/q2022p_vina/vina_logs/WT_actout_ctlfit_dominant_cluster0_rep__zidesamtinib.log,10.0,-10.47,1.733,4.215
actout_ctlfit,WT,dominant_cluster_representative,0,1,13020,/homes/lkgyammerah/Molecular_Dynamics_analysis/dock/ROS1/q2022p_subset_receptors/actout_ctlfit/WT/WT_actout_ctlfit_dominant_cluster0_rep.pdb,/homes/lkgyammerah/Molecular_Dynamics_analysis/dock/ROS1/q2022p_vina/receptor_pdbqt/WT_actout_ctlfit_dominant_cluster0_rep.pdbqt,zidesamtinib,/homes/lkgyammerah/Molecular_Dynamics_analysis/dock/ROS1/q2022p_vina/ligand_pdbqt/zidesamtinib.pdbqt,/homes/lkgyammerah/Molecular_Dynamics_analysis/dock/ROS1/q2022p_vina/configs/WT_actout_ctlfit_dominant_cluster0_rep__zidesamtinib.txt,/homes/lkgyammerah/Molecular_Dynamics_analysis/dock/ROS1/q2022p_vina/vina_outputs/WT_actout_ctlfit_dominant_cluster0_rep__zidesamtinib.pdbqt,/homes/lkgyammerah/Molecular_Dynamics_analysis/dock/ROS1/q2022p_vina/vina_logs/WT_actout_ctlfit_dominant_cluster0_rep__zidesamtinib.log,11.0,-10.33,1.848,3.78
actout_ctlfit,WT,dominant_cluster_representative,0,1,13020,/homes/lkgyammerah/Molecular_Dynamics_analysis/dock/ROS1/q2022p_subset_receptors/actout_ctlfit/WT/WT_actout_ctlfit_dominant_cluster0_rep.pdb,/homes/lkgyammerah/Molecular_Dynamics_analysis/dock/ROS1/q2022p_vina/receptor_pdbqt/WT_actout_ctlfit_dominant_cluster0_rep.pdbqt,zidesamtinib,/homes/lkgyammerah/Molecular_Dynamics_analysis/dock/ROS1/q2022p_vina/ligand_pdbqt/zidesamtinib.pdbqt,/homes/lkgyammerah/Molecular_Dynamics_analysis/dock/ROS1/q2022p_vina/configs/WT_actout_ctlfit_dominant_cluster0_rep__zidesamtinib.txt,/homes/lkgyammerah/Molecular_Dynamics_analysis/dock/ROS1/q2022p_vina/vina_outputs/WT_actout_ctlfit_dominant_cluster0_rep__zidesamtinib.pdbqt,/homes/lkgyammerah/Molecular_Dynamics_analysis/dock/ROS1/q2022p_vina/vina_logs/WT_actout_ctlfit_dominant_cluster0_rep__zidesamtinib.log,12.0,-10.18,6.461,9.014
actout_ctlfit,WT,dominant_cluster_representative,0,1,13020,/homes/lkgyammerah/Molecular_Dynamics_analysis/dock/ROS1/q2022p_subset_receptors/actout_ctlfit/WT/WT_actout_ctlfit_dominant_cluster0_rep.pdb,/homes/lkgyammerah/Molecular_Dynamics_analysis/dock/ROS1/q2022p_vina/receptor_pdbqt/WT_actout_ctlfit_dominant_cluster0_rep.pdbqt,zidesamtinib,/homes/lkgyammerah/Molecular_Dynamics_analysis/dock/ROS1/q2022p_vina/ligand_pdbqt/zidesamtinib.pdbqt,/homes/lkgyammerah/Molecular_Dynamics_analysis/dock/ROS1/q2022p_vina/configs/WT_actout_ctlfit_dominant_cluster0_rep__zidesamtinib.txt,/homes/lkgyammerah/Molecular_Dynamics_analysis/dock/ROS1/q2022p_vina/vina_outputs/WT_actout_ctlfit_dominant_cluster0_rep__zidesamtinib.pdbqt,/homes/lkgyammerah/Molecular_Dynamics_analysis/dock/ROS1/q2022p_vina/vina_logs/WT_actout_ctlfit_dominant_cluster0_rep__zidesamtinib.log,13.0,-10.1,1.723,4.473
actout_ctlfit,WT,dominant_cluster_representative,0,1,13020,/homes/lkgyammerah/Molecular_Dynamics_analysis/dock/ROS1/q2022p_subset_receptors/actout_ctlfit/WT/WT_actout_ctlfit_dominant_cluster0_rep.pdb,/homes/lkgyammerah/Molecular_Dynamics_analysis/dock/ROS1/q2022p_vina/receptor_pdbqt/WT_actout_ctlfit_dominant_cluster0_rep.pdbqt,zidesamtinib,/homes/lkgyammerah/Molecular_Dynamics_analysis/dock/ROS1/q2022p_vina/ligand_pdbqt/zidesamtinib.pdbqt,/homes/lkgyammerah/Molecular_Dynamics_analysis/dock/ROS1/q2022p_vina/configs/WT_actout_ctlfit_dominant_cluster0_rep__zidesamtinib.txt,/homes/lkgyammerah/Molecular_Dynamics_analysis/dock/ROS1/q2022p_vina/vina_outputs/WT_actout_ctlfit_dominant_cluster0_rep__zidesamtinib.pdbqt,/homes/lkgyammerah/Molecular_Dynamics_analysis/dock/ROS1/q2022p_vina/vina_logs/WT_actout_ctlfit_dominant_cluster0_rep__zidesamtinib.log,14.0,-10.07,1.845,3.305
actout_ctlfit,WT,dominant_cluster_representative,0,1,13020,/homes/lkgyammerah/Molecular_Dynamics_analysis/dock/ROS1/q2022p_subset_receptors/actout_ctlfit/WT/WT_actout_ctlfit_dominant_cluster0_rep.pdb,/homes/lkgyammerah/Molecular_Dynamics_analysis/dock/ROS1/q2022p_vina/receptor_pdbqt/WT_actout_ctlfit_dominant_cluster0_rep.pdbqt,zidesamtinib,/homes/lkgyammerah/Molecular_Dynamics_analysis/dock/ROS1/q2022p_vina/ligand_pdbqt/zidesamtinib.pdbqt,/homes/lkgyammerah/Molecular_Dynamics_analysis/dock/ROS1/q2022p_vina/configs/WT_actout_ctlfit_dominant_cluster0_rep__zidesamtinib.txt,/homes/lkgyammerah/Molecular_Dynamics_analysis/dock/ROS1/q2022p_vina/vina_outputs/WT_actout_ctlfit_dominant_cluster0_rep__zidesamtinib.pdbqt,/homes/lkgyammerah/Molecular_Dynamics_analysis/dock/ROS1/q2022p_vina/vina_logs/WT_actout_ctlfit_dominant_cluster0_rep__zidesamtinib.log,15.0,-9.975,7.343,9.287
actout_ctlfit,WT,dominant_cluster_representative,0,1,13020,/homes/lkgyammerah/Molecular_Dynamics_analysis/dock/ROS1/q2022p_subset_receptors/actout_ctlfit/WT/WT_actout_ctlfit_dominant_cluster0_rep.pdb,/homes/lkgyammerah/Molecular_Dynamics_analysis/dock/ROS1/q2022p_vina/receptor_pdbqt/WT_actout_ctlfit_dominant_cluster0_rep.pdbqt,zidesamtinib,/homes/lkgyammerah/Molecular_Dynamics_analysis/dock/ROS1/q2022p_vina/ligand_pdbqt/zidesamtinib.pdbqt,/homes/lkgyammerah/Molecular_Dynamics_analysis/dock/ROS1/q2022p_vina/configs/WT_actout_ctlfit_dominant_cluster0_rep__zidesamtinib.txt,/homes/lkgyammerah/Molecular_Dynamics_analysis/dock/ROS1/q2022p_vina/vina_outputs/WT_actout_ctlfit_dominant_cluster0_rep__zidesamtinib.pdbqt,/homes/lkgyammerah/Molecular_Dynamics_analysis/dock/ROS1/q2022p_vina/vina_logs/WT_actout_ctlfit_dominant_cluster0_rep__zidesamtinib.log,16.0,-9.694,3.545,6.644
actout_ctlfit,WT,dominant_cluster_representative,0,1,13020,/homes/lkgyammerah/Molecular_Dynamics_analysis/dock/ROS1/q2022p_subset_receptors/actout_ctlfit/WT/WT_actout_ctlfit_dominant_cluster0_rep.pdb,/homes/lkgyammerah/Molecular_Dynamics_analysis/dock/ROS1/q2022p_vina/receptor_pdbqt/WT_actout_ctlfit_dominant_cluster0_rep.pdbqt,zidesamtinib,/homes/lkgyammerah/Molecular_Dynamics_analysis/dock/ROS1/q2022p_vina/ligand_pdbqt/zidesamtinib.pdbqt,/homes/lkgyammerah/Molecular_Dynamics_analysis/dock/ROS1/q2022p_vina/configs/WT_actout_ctlfit_dominant_cluster0_rep__zidesamtinib.txt,/homes/lkgyammerah/Molecular_Dynamics_analysis/dock/ROS1/q2022p_vina/vina_outputs/WT_actout_ctlfit_dominant_cluster0_rep__zidesamtinib.pdbqt,/homes/lkgyammerah/Molecular_Dynamics_analysis/dock/ROS1/q2022p_vina/vina_logs/WT_actout_ctlfit_dominant_cluster0_rep__zidesamtinib.log,17.0,-9.62,9.398,11.6
actout_ctlfit,WT,dominant_cluster_representative,0,1,13020,/homes/lkgyammerah/Molecular_Dynamics_analysis/dock/ROS1/q2022p_subset_receptors/actout_ctlfit/WT/WT_actout_ctlfit_dominant_cluster0_rep.pdb,/homes/lkgyammerah/Molecular_Dynamics_analysis/dock/ROS1/q2022p_vina/receptor_pdbqt/WT_actout_ctlfit_dominant_cluster0_rep.pdbqt,zidesamtinib,/homes/lkgyammerah/Molecular_Dynamics_analysis/dock/ROS1/q2022p_vina/ligand_pdbqt/zidesamtinib.pdbqt,/homes/lkgyammerah/Molecular_Dynamics_analysis/dock/ROS1/q2022p_vina/configs/WT_actout_ctlfit_dominant_cluster0_rep__zidesamtinib.txt,/homes/lkgyammerah/Molecular_Dynamics_analysis/dock/ROS1/q2022p_vina/vina_outputs/WT_actout_ctlfit_dominant_cluster0_rep__zidesamtinib.pdbqt,/homes/lkgyammerah/Molecular_Dynamics_analysis/dock/ROS1/q2022p_vina/vina_logs/WT_actout_ctlfit_dominant_cluster0_rep__zidesamtinib.log,18.0,-9.445,7.343,10.37
actout_ctlfit,WT,dominant_cluster_representative,0,1,13020,/homes/lkgyammerah/Molecular_Dynamics_analysis/dock/ROS1/q2022p_subset_receptors/actout_ctlfit/WT/WT_actout_ctlfit_dominant_cluster0_rep.pdb,/homes/lkgyammerah/Molecular_Dynamics_analysis/dock/ROS1/q2022p_vina/receptor_pdbqt/WT_actout_ctlfit_dominant_cluster0_rep.pdbqt,zidesamtinib,/homes/lkgyammerah/Molecular_Dynamics_analysis/dock/ROS1/q2022p_vina/ligand_pdbqt/zidesamtinib.pdbqt,/homes/lkgyammerah/Molecular_Dynamics_analysis/dock/ROS1/q2022p_vina/configs/WT_actout_ctlfit_dominant_cluster0_rep__zidesamtinib.txt,/homes/lkgyammerah/Molecular_Dynamics_analysis/dock/ROS1/q2022p_vina/vina_outputs/WT_actout_ctlfit_dominant_cluster0_rep__zidesamtinib.pdbqt,/homes/lkgyammerah/Molecular_Dynamics_analysis/dock/ROS1/q2022p_vina/vina_logs/WT_actout_ctlfit_dominant_cluster0_rep__zidesamtinib.log,19.0,-9.187,2.485,5.744
actout_ctlfit,Q2022P,dominant_cluster_representative,0,0,4440,/homes/lkgyammerah/Molecular_Dynamics_analysis/dock/ROS1/q2022p_subset_receptors/actout_ctlfit/Q2022P/Q2022P_actout_ctlfit_dominant_cluster0_rep.pdb,/homes/lkgyammerah/Molecular_Dynamics_analysis/dock/ROS1/q2022p_vina/receptor_pdbqt/Q2022P_actout_ctlfit_dominant_cluster0_rep.pdbqt,crizotinib,/homes/lkgyammerah/Molecular_Dynamics_analysis/dock/ROS1/q2022p_vina/ligand_pdbqt/crizotinib.pdbqt,/homes/lkgyammerah/Molecular_Dynamics_analysis/dock/ROS1/q2022p_vina/configs/Q2022P_actout_ctlfit_dominant_cluster0_rep__crizotinib.txt,/homes/lkgyammerah/Molecular_Dynamics_analysis/dock/ROS1/q2022p_vina/vina_outputs/Q2022P_actout_ctlfit_dominant_cluster0_rep__crizotinib.pdbqt,/homes/lkgyammerah/Molecular_Dynamics_analysis/dock/ROS1/q2022p_vina/vina_logs/Q2022P_actout_ctlfit_dominant_cluster0_rep__crizotinib.log,2.0,-8.524,1.097,2.028
actout_ctlfit,Q2022P,dominant_cluster_representative,0,0,4440,/homes/lkgyammerah/Molecular_Dynamics_analysis/dock/ROS1/q2022p_subset_receptors/actout_ctlfit/Q2022P/Q2022P_actout_ctlfit_dominant_cluster0_rep.pdb,/homes/lkgyammerah/Molecular_Dynamics_analysis/dock/ROS1/q2022p_vina/receptor_pdbqt/Q2022P_actout_ctlfit_dominant_cluster0_rep.pdbqt,crizotinib,/homes/lkgyammerah/Molecular_Dynamics_analysis/dock/ROS1/q2022p_vina/ligand_pdbqt/crizotinib.pdbqt,/homes/lkgyammerah/Molecular_Dynamics_analysis/dock/ROS1/q2022p_vina/configs/Q2022P_actout_ctlfit_dominant_cluster0_rep__crizotinib.txt,/homes/lkgyammerah/Molecular_Dynamics_analysis/dock/ROS1/q2022p_vina/vina_outputs/Q2022P_actout_ctlfit_dominant_cluster0_rep__crizotinib.pdbqt,/homes/lkgyammerah/Molecular_Dynamics_analysis/dock/ROS1/q2022p_vina/vina_logs/Q2022P_actout_ctlfit_dominant_cluster0_rep__crizotinib.log,3.0,-8.377,3.34,5.094
actout_ctlfit,Q2022P,dominant_cluster_representative,0,0,4440,/homes/lkgyammerah/Molecular_Dynamics_analysis/dock/ROS1/q2022p_subset_receptors/actout_ctlfit/Q2022P/Q2022P_actout_ctlfit_dominant_cluster0_rep.pdb,/homes/lkgyammerah/Molecular_Dynamics_analysis/dock/ROS1/q2022p_vina/receptor_pdbqt/Q2022P_actout_ctlfit_dominant_cluster0_rep.pdbqt,crizotinib,/homes/lkgyammerah/Molecular_Dynamics_analysis/dock/ROS1/q2022p_vina/ligand_pdbqt/crizotinib.pdbqt,/homes/lkgyammerah/Molecular_Dynamics_analysis/dock/ROS1/q2022p_vina/configs/Q2022P_actout_ctlfit_dominant_cluster0_rep__crizotinib.txt,/homes/lkgyammerah/Molecular_Dynamics_analysis/dock/ROS1/q2022p_vina/vina_outputs/Q2022P_actout_ctlfit_dominant_cluster0_rep__crizotinib.pdbqt,/homes/lkgyammerah/Molecular_Dynamics_analysis/dock/ROS1/q2022p_vina/vina_logs/Q2022P_actout_ctlfit_dominant_cluster0_rep__crizotinib.log,4.0,-8.318,3.397,4.647
actout_ctlfit,Q2022P,dominant_cluster_representative,0,0,4440,/homes/lkgyammerah/Molecular_Dynamics_analysis/dock/ROS1/q2022p_subset_receptors/actout_ctlfit/Q2022P/Q2022P_actout_ctlfit_dominant_cluster0_rep.pdb,/homes/lkgyammerah/Molecular_Dynamics_analysis/dock/ROS1/q2022p_vina/receptor_pdbqt/Q2022P_actout_ctlfit_dominant_cluster0_rep.pdbqt,crizotinib,/homes/lkgyammerah/Molecular_Dynamics_analysis/dock/ROS1/q2022p_vina/ligand_pdbqt/crizotinib.pdbqt,/homes/lkgyammerah/Molecular_Dynamics_analysis/dock/ROS1/q2022p_vina/configs/Q2022P_actout_ctlfit_dominant_cluster0_rep__crizotinib.txt,/homes/lkgyammerah/Molecular_Dynamics_analysis/dock/ROS1/q2022p_vina/vina_outputs/Q2022P_actout_ctlfit_dominant_cluster0_rep__crizotinib.pdbqt,/homes/lkgyammerah/Molecular_Dynamics_analysis/dock/ROS1/q2022p_vina/vina_logs/Q2022P_actout_ctlfit_dominant_cluster0_rep__crizotinib.log,5.0,-8.309,4.636,6.574
actout_ctlfit,Q2022P,dominant_cluster_representative,0,0,4440,/homes/lkgyammerah/Molecular_Dynamics_analysis/dock/ROS1/q2022p_subset_receptors/actout_ctlfit/Q2022P/Q2022P_actout_ctlfit_dominant_cluster0_rep.pdb,/homes/lkgyammerah/Molecular_Dynamics_analysis/dock/ROS1/q2022p_vina/receptor_pdbqt/Q2022P_actout_ctlfit_dominant_cluster0_rep.pdbqt,crizotinib,/homes/lkgyammerah/Molecular_Dynamics_analysis/dock/ROS1/q2022p_vina/ligand_pdbqt/crizotinib.pdbqt,/homes/lkgyammerah/Molecular_Dynamics_analysis/dock/ROS1/q2022p_vina/configs/Q2022P_actout_ctlfit_dominant_cluster0_rep__crizotinib.txt,/homes/lkgyammerah/Molecular_Dynamics_analysis/dock/ROS1/q2022p_vina/vina_outputs/Q2022P_actout_ctlfit_dominant_cluster0_rep__crizotinib.pdbqt,/homes/lkgyammerah/Molecular_Dynamics_analysis/dock/ROS1/q2022p_vina/vina_logs/Q2022P_actout_ctlfit_dominant_cluster0_rep__crizotinib.log,6.0,-8.217,3.535,4.925
actout_ctlfit,Q2022P,dominant_cluster_representative,0,0,4440,/homes/lkgyammerah/Molecular_Dynamics_analysis/dock/ROS1/q2022p_subset_receptors/actout_ctlfit/Q2022P/Q2022P_actout_ctlfit_dominant_cluster0_rep.pdb,/homes/lkgyammerah/Molecular_Dynamics_analysis/dock/ROS1/q2022p_vina/receptor_pdbqt/Q2022P_actout_ctlfit_dominant_cluster0_rep.pdbqt,crizotinib,/homes/lkgyammerah/Molecular_Dynamics_analysis/dock/ROS1/q2022p_vina/ligand_pdbqt/crizotinib.pdbqt,/homes/lkgyammerah/Molecular_Dynamics_analysis/dock/ROS1/q2022p_vina/configs/Q2022P_actout_ctlfit_dominant_cluster0_rep__crizotinib.txt,/homes/lkgyammerah/Molecular_Dynamics_analysis/dock/ROS1/q2022p_vina/vina_outputs/Q2022P_actout_ctlfit_dominant_cluster0_rep__crizotinib.pdbqt,/homes/lkgyammerah/Molecular_Dynamics_analysis/dock/ROS1/q2022p_vina/vina_logs/Q2022P_actout_ctlfit_dominant_cluster0_rep__crizotinib.log,7.0,-8.057,4.173,5.216
actout_ctlfit,Q2022P,dominant_cluster_representative,0,0,4440,/homes/lkgyammerah/Molecular_Dynamics_analysis/dock/ROS1/q2022p_subset_receptors/actout_ctlfit/Q2022P/Q2022P_actout_ctlfit_dominant_cluster0_rep.pdb,/homes/lkgyammerah/Molecular_Dynamics_analysis/dock/ROS1/q2022p_vina/receptor_pdbqt/Q2022P_actout_ctlfit_dominant_cluster0_rep.pdbqt,crizotinib,/homes/lkgyammerah/Molecular_Dynamics_analysis/dock/ROS1/q2022p_vina/ligand_pdbqt/crizotinib.pdbqt,/homes/lkgyammerah/Molecular_Dynamics_analysis/dock/ROS1/q2022p_vina/configs/Q2022P_actout_ctlfit_dominant_cluster0_rep__crizotinib.txt,/homes/lkgyammerah/Molecular_Dynamics_analysis/dock/ROS1/q2022p_vina/vina_outputs/Q2022P_actout_ctlfit_dominant_cluster0_rep__crizotinib.pdbqt,/homes/lkgyammerah/Molecular_Dynamics_analysis/dock/ROS1/q2022p_vina/vina_logs/Q2022P_actout_ctlfit_dominant_cluster0_rep__crizotinib.log,8.0,-7.961,2.976,4.145
actout_ctlfit,Q2022P,dominant_cluster_representative,0,0,4440,/homes/lkgyammerah/Molecular_Dynamics_analysis/dock/ROS1/q2022p_subset_receptors/actout_ctlfit/Q2022P/Q2022P_actout_ctlfit_dominant_cluster0_rep.pdb,/homes/lkgyammerah/Molecular_Dynamics_analysis/dock/ROS1/q2022p_vina/receptor_pdbqt/Q2022P_actout_ctlfit_dominant_cluster0_rep.pdbqt,crizotinib,/homes/lkgyammerah/Molecular_Dynamics_analysis/dock/ROS1/q2022p_vina/ligand_pdbqt/crizotinib.pdbqt,/homes/lkgyammerah/Molecular_Dynamics_analysis/dock/ROS1/q2022p_vina/configs/Q2022P_actout_ctlfit_dominant_cluster0_rep__crizotinib.txt,/homes/lkgyammerah/Molecular_Dynamics_analysis/dock/ROS1/q2022p_vina/vina_outputs/Q2022P_actout_ctlfit_dominant_cluster0_rep__crizotinib.pdbqt,/homes/lkgyammerah/Molecular_Dynamics_analysis/dock/ROS1/q2022p_vina/vina_logs/Q2022P_actout_ctlfit_dominant_cluster0_rep__crizotinib.log,9.0,-7.907,4.201,5.481
actout_ctlfit,Q2022P,dominant_cluster_representative,0,0,4440,/homes/lkgyammerah/Molecular_Dynamics_analysis/dock/ROS1/q2022p_subset_receptors/actout_ctlfit/Q2022P/Q2022P_actout_ctlfit_dominant_cluster0_rep.pdb,/homes/lkgyammerah/Molecular_Dynamics_analysis/dock/ROS1/q2022p_vina/receptor_pdbqt/Q2022P_actout_ctlfit_dominant_cluster0_rep.pdbqt,crizotinib,/homes/lkgyammerah/Molecular_Dynamics_analysis/dock/ROS1/q2022p_vina/ligand_pdbqt/crizotinib.pdbqt,/homes/lkgyammerah/Molecular_Dynamics_analysis/dock/ROS1/q2022p_vina/configs/Q2022P_actout_ctlfit_dominant_cluster0_rep__crizotinib.txt,/homes/lkgyammerah/Molecular_Dynamics_analysis/dock/ROS1/q2022p_vina/vina_outputs/Q2022P_actout_ctlfit_dominant_cluster0_rep__crizotinib.pdbqt,/homes/lkgyammerah/Molecular_Dynamics_analysis/dock/ROS1/q2022p_vina/vina_logs/Q2022P_actout_ctlfit_dominant_cluster0_rep__crizotinib.log,10.0,-7.846,4.894,9.066
actout_ctlfit,Q2022P,dominant_cluster_representative,0,0,4440,/homes/lkgyammerah/Molecular_Dynamics_analysis/dock/ROS1/q2022p_subset_receptors/actout_ctlfit/Q2022P/Q2022P_actout_ctlfit_dominant_cluster0_rep.pdb,/homes/lkgyammerah/Molecular_Dynamics_analysis/dock/ROS1/q2022p_vina/receptor_pdbqt/Q2022P_actout_ctlfit_dominant_cluster0_rep.pdbqt,crizotinib,/homes/lkgyammerah/Molecular_Dynamics_analysis/dock/ROS1/q2022p_vina/ligand_pdbqt/crizotinib.pdbqt,/homes/lkgyammerah/Molecular_Dynamics_analysis/dock/ROS1/q2022p_vina/configs/Q2022P_actout_ctlfit_dominant_cluster0_rep__crizotinib.txt,/homes/lkgyammerah/Molecular_Dynamics_analysis/dock/ROS1/q2022p_vina/vina_outputs/Q2022P_actout_ctlfit_dominant_cluster0_rep__crizotinib.pdbqt,/homes/lkgyammerah/Molecular_Dynamics_analysis/dock/ROS1/q2022p_vina/vina_logs/Q2022P_actout_ctlfit_dominant_cluster0_rep__crizotinib.log,11.0,-7.772,3.307,4.777
actout_ctlfit,Q2022P,dominant_cluster_representative,0,0,4440,/homes/lkgyammerah/Molecular_Dynamics_analysis/dock/ROS1/q2022p_subset_receptors/actout_ctlfit/Q2022P/Q2022P_actout_ctlfit_dominant_cluster0_rep.pdb,/homes/lkgyammerah/Molecular_Dynamics_analysis/dock/ROS1/q2022p_vina/receptor_pdbqt/Q2022P_actout_ctlfit_dominant_cluster0_rep.pdbqt,crizotinib,/homes/lkgyammerah/Molecular_Dynamics_analysis/dock/ROS1/q2022p_vina/ligand_pdbqt/crizotinib.pdbqt,/homes/lkgyammerah/Molecular_Dynamics_analysis/dock/ROS1/q2022p_vina/configs/Q2022P_actout_ctlfit_dominant_cluster0_rep__crizotinib.txt,/homes/lkgyammerah/Molecular_Dynamics_analysis/dock/ROS1/q2022p_vina/vina_outputs/Q2022P_actout_ctlfit_dominant_cluster0_rep__crizotinib.pdbqt,/homes/lkgyammerah/Molecular_Dynamics_analysis/dock/ROS1/q2022p_vina/vina_logs/Q2022P_actout_ctlfit_dominant_cluster0_rep__crizotinib.log,12.0,-7.62,1.801,2.482
actout_ctlfit,Q2022P,dominant_cluster_representative,0,0,4440,/homes/lkgyammerah/Molecular_Dynamics_analysis/dock/ROS1/q2022p_subset_receptors/actout_ctlfit/Q2022P/Q2022P_actout_ctlfit_dominant_cluster0_rep.pdb,/homes/lkgyammerah/Molecular_Dynamics_analysis/dock/ROS1/q2022p_vina/receptor_pdbqt/Q2022P_actout_ctlfit_dominant_cluster0_rep.pdbqt,crizotinib,/homes/lkgyammerah/Molecular_Dynamics_analysis/dock/ROS1/q2022p_vina/ligand_pdbqt/crizotinib.pdbqt,/homes/lkgyammerah/Molecular_Dynamics_analysis/dock/ROS1/q2022p_vina/configs/Q2022P_actout_ctlfit_dominant_cluster0_rep__crizotinib.txt,/homes/lkgyammerah/Molecular_Dynamics_analysis/dock/ROS1/q2022p_vina/vina_outputs/Q2022P_actout_ctlfit_dominant_cluster0_rep__crizotinib.pdbqt,/homes/lkgyammerah/Molecular_Dynamics_analysis/dock/ROS1/q2022p_vina/vina_logs/Q2022P_actout_ctlfit_dominant_cluster0_rep__crizotinib.log,13.0,-7.574,2.958,4.272
actout_ctlfit,Q2022P,dominant_cluster_representative,0,0,4440,/homes/lkgyammerah/Molecular_Dynamics_analysis/dock/ROS1/q2022p_subset_receptors/actout_ctlfit/Q2022P/Q2022P_actout_ctlfit_dominant_cluster0_rep.pdb,/homes/lkgyammerah/Molecular_Dynamics_analysis/dock/ROS1/q2022p_vina/receptor_pdbqt/Q2022P_actout_ctlfit_dominant_cluster0_rep.pdbqt,crizotinib,/homes/lkgyammerah/Molecular_Dynamics_analysis/dock/ROS1/q2022p_vina/ligand_pdbqt/crizotinib.pdbqt,/homes/lkgyammerah/Molecular_Dynamics_analysis/dock/ROS1/q2022p_vina/configs/Q2022P_actout_ctlfit_dominant_cluster0_rep__crizotinib.txt,/homes/lkgyammerah/Molecular_Dynamics_analysis/dock/ROS1/q2022p_vina/vina_outputs/Q2022P_actout_ctlfit_dominant_cluster0_rep__crizotinib.pdbqt,/homes/lkgyammerah/Molecular_Dynamics_analysis/dock/ROS1/q2022p_vina/vina_logs/Q2022P_actout_ctlfit_dominant_cluster0_rep__crizotinib.log,14.0,-7.507,3.271,4.794
actout_ctlfit,Q2022P,dominant_cluster_representative,0,0,4440,/homes/lkgyammerah/Molecular_Dynamics_analysis/dock/ROS1/q2022p_subset_receptors/actout_ctlfit/Q2022P/Q2022P_actout_ctlfit_dominant_cluster0_rep.pdb,/homes/lkgyammerah/Molecular_Dynamics_analysis/dock/ROS1/q2022p_vina/receptor_pdbqt/Q2022P_actout_ctlfit_dominant_cluster0_rep.pdbqt,crizotinib,/homes/lkgyammerah/Molecular_Dynamics_analysis/dock/ROS1/q2022p_vina/ligand_pdbqt/crizotinib.pdbqt,/homes/lkgyammerah/Molecular_Dynamics_analysis/dock/ROS1/q2022p_vina/configs/Q2022P_actout_ctlfit_dominant_cluster0_rep__crizotinib.txt,/homes/lkgyammerah/Molecular_Dynamics_analysis/dock/ROS1/q2022p_vina/vina_outputs/Q2022P_actout_ctlfit_dominant_cluster0_rep__crizotinib.pdbqt,/homes/lkgyammerah/Molecular_Dynamics_analysis/dock/ROS1/q2022p_vina/vina_logs/Q2022P_actout_ctlfit_dominant_cluster0_rep__crizotinib.log,15.0,-7.499,4.824,6.536
actout_ctlfit,Q2022P,dominant_cluster_representative,0,0,4440,/homes/lkgyammerah/Molecular_Dynamics_analysis/dock/ROS1/q2022p_subset_receptors/actout_ctlfit/Q2022P/Q2022P_actout_ctlfit_dominant_cluster0_rep.pdb,/homes/lkgyammerah/Molecular_Dynamics_analysis/dock/ROS1/q2022p_vina/receptor_pdbqt/Q2022P_actout_ctlfit_dominant_cluster0_rep.pdbqt,crizotinib,/homes/lkgyammerah/Molecular_Dynamics_analysis/dock/ROS1/q2022p_vina/ligand_pdbqt/crizotinib.pdbqt,/homes/lkgyammerah/Molecular_Dynamics_analysis/dock/ROS1/q2022p_vina/configs/Q2022P_actout_ctlfit_dominant_cluster0_rep__crizotinib.txt,/homes/lkgyammerah/Molecular_Dynamics_analysis/dock/ROS1/q2022p_vina/vina_outputs/Q2022P_actout_ctlfit_dominant_cluster0_rep__crizotinib.pdbqt,/homes/lkgyammerah/Molecular_Dynamics_analysis/dock/ROS1/q2022p_vina/vina_logs/Q2022P_actout_ctlfit_dominant_cluster0_rep__crizotinib.log,16.0,-7.451,5.005,9.827
actout_ctlfit,Q2022P,dominant_cluster_representative,0,0,4440,/homes/lkgyammerah/Molecular_Dynamics_analysis/dock/ROS1/q2022p_subset_receptors/actout_ctlfit/Q2022P/Q2022P_actout_ctlfit_dominant_cluster0_rep.pdb,/homes/lkgyammerah/Molecular_Dynamics_analysis/dock/ROS1/q2022p_vina/receptor_pdbqt/Q2022P_actout_ctlfit_dominant_cluster0_rep.pdbqt,crizotinib,/homes/lkgyammerah/Molecular_Dynamics_analysis/dock/ROS1/q2022p_vina/ligand_pdbqt/crizotinib.pdbqt,/homes/lkgyammerah/Molecular_Dynamics_analysis/dock/ROS1/q2022p_vina/configs/Q2022P_actout_ctlfit_dominant_cluster0_rep__crizotinib.txt,/homes/lkgyammerah/Molecular_Dynamics_analysis/dock/ROS1/q2022p_vina/vina_outputs/Q2022P_actout_ctlfit_dominant_cluster0_rep__crizotinib.pdbqt,/homes/lkgyammerah/Molecular_Dynamics_analysis/dock/ROS1/q2022p_vina/vina_logs/Q2022P_actout_ctlfit_dominant_cluster0_rep__crizotinib.log,17.0,-7.368,5.033,7.728
actout_ctlfit,Q2022P,dominant_cluster_representative,0,0,4440,/homes/lkgyammerah/Molecular_Dynamics_analysis/dock/ROS1/q2022p_subset_receptors/actout_ctlfit/Q2022P/Q2022P_actout_ctlfit_dominant_cluster0_rep.pdb,/homes/lkgyammerah/Molecular_Dynamics_analysis/dock/ROS1/q2022p_vina/receptor_pdbqt/Q2022P_actout_ctlfit_dominant_cluster0_rep.pdbqt,crizotinib,/homes/lkgyammerah/Molecular_Dynamics_analysis/dock/ROS1/q2022p_vina/ligand_pdbqt/crizotinib.pdbqt,/homes/lkgyammerah/Molecular_Dynamics_analysis/dock/ROS1/q2022p_vina/configs/Q2022P_actout_ctlfit_dominant_cluster0_rep__crizotinib.txt,/homes/lkgyammerah/Molecular_Dynamics_analysis/dock/ROS1/q2022p_vina/vina_outputs/Q2022P_actout_ctlfit_dominant_cluster0_rep__crizotinib.pdbqt,/homes/lkgyammerah/Molecular_Dynamics_analysis/dock/ROS1/q2022p_vina/vina_logs/Q2022P_actout_ctlfit_dominant_cluster0_rep__crizotinib.log,18.0,-7.337,4.661,9.711
actout_ctlfit,Q2022P,dominant_cluster_representative,0,0,4440,/homes/lkgyammerah/Molecular_Dynamics_analysis/dock/ROS1/q2022p_subset_receptors/actout_ctlfit/Q2022P/Q2022P_actout_ctlfit_dominant_cluster0_rep.pdb,/homes/lkgyammerah/Molecular_Dynamics_analysis/dock/ROS1/q2022p_vina/receptor_pdbqt/Q2022P_actout_ctlfit_dominant_cluster0_rep.pdbqt,crizotinib,/homes/lkgyammerah/Molecular_Dynamics_analysis/dock/ROS1/q2022p_vina/ligand_pdbqt/crizotinib.pdbqt,/homes/lkgyammerah/Molecular_Dynamics_analysis/dock/ROS1/q2022p_vina/configs/Q2022P_actout_ctlfit_dominant_cluster0_rep__crizotinib.txt,/homes/lkgyammerah/Molecular_Dynamics_analysis/dock/ROS1/q2022p_vina/vina_outputs/Q2022P_actout_ctlfit_dominant_cluster0_rep__crizotinib.pdbqt,/homes/lkgyammerah/Molecular_Dynamics_analysis/dock/ROS1/q2022p_vina/vina_logs/Q2022P_actout_ctlfit_dominant_cluster0_rep__crizotinib.log,19.0,-7.295,2.861,3.721
actout_ctlfit,Q2022P,dominant_cluster_representative,0,0,4440,/homes/lkgyammerah/Molecular_Dynamics_analysis/dock/ROS1/q2022p_subset_receptors/actout_ctlfit/Q2022P/Q2022P_actout_ctlfit_dominant_cluster0_rep.pdb,/homes/lkgyammerah/Molecular_Dynamics_analysis/dock/ROS1/q2022p_vina/receptor_pdbqt/Q2022P_actout_ctlfit_dominant_cluster0_rep.pdbqt,crizotinib,/homes/lkgyammerah/Molecular_Dynamics_analysis/dock/ROS1/q2022p_vina/ligand_pdbqt/crizotinib.pdbqt,/homes/lkgyammerah/Molecular_Dynamics_analysis/dock/ROS1/q2022p_vina/configs/Q2022P_actout_ctlfit_dominant_cluster0_rep__crizotinib.txt,/homes/lkgyammerah/Molecular_Dynamics_analysis/dock/ROS1/q2022p_vina/vina_outputs/Q2022P_actout_ctlfit_dominant_cluster0_rep__crizotinib.pdbqt,/homes/lkgyammerah/Molecular_Dynamics_analysis/dock/ROS1/q2022p_vina/vina_logs/Q2022P_actout_ctlfit_dominant_cluster0_rep__crizotinib.log,20.0,-7.107,4.353,9.795
actout_ctlfit,Q2022P,dominant_cluster_representative,0,0,4440,/homes/lkgyammerah/Molecular_Dynamics_analysis/dock/ROS1/q2022p_subset_receptors/actout_ctlfit/Q2022P/Q2022P_actout_ctlfit_dominant_cluster0_rep.pdb,/homes/lkgyammerah/Molecular_Dynamics_analysis/dock/ROS1/q2022p_vina/receptor_pdbqt/Q2022P_actout_ctlfit_dominant_cluster0_rep.pdbqt,ceritinib,/homes/lkgyammerah/Molecular_Dynamics_analysis/dock/ROS1/q2022p_vina/ligand_pdbqt/ceritinib.pdbqt,/homes/lkgyammerah/Molecular_Dynamics_analysis/dock/ROS1/q2022p_vina/configs/Q2022P_actout_ctlfit_dominant_cluster0_rep__ceritinib.txt,/homes/lkgyammerah/Molecular_Dynamics_analysis/dock/ROS1/q2022p_vina/vina_outputs/Q2022P_actout_ctlfit_dominant_cluster0_rep__ceritinib.pdbqt,/homes/lkgyammerah/Molecular_Dynamics_analysis/dock/ROS1/q2022p_vina/vina_logs/Q2022P_actout_ctlfit_dominant_cluster0_rep__ceritinib.log,2.0,-10.41,2.432,6.51
actout_ctlfit,Q2022P,dominant_cluster_representative,0,0,4440,/homes/lkgyammerah/Molecular_Dynamics_analysis/dock/ROS1/q2022p_subset_receptors/actout_ctlfit/Q2022P/Q2022P_actout_ctlfit_dominant_cluster0_rep.pdb,/homes/lkgyammerah/Molecular_Dynamics_analysis/dock/ROS1/q2022p_vina/receptor_pdbqt/Q2022P_actout_ctlfit_dominant_cluster0_rep.pdbqt,ceritinib,/homes/lkgyammerah/Molecular_Dynamics_analysis/dock/ROS1/q2022p_vina/ligand_pdbqt/ceritinib.pdbqt,/homes/lkgyammerah/Molecular_Dynamics_analysis/dock/ROS1/q2022p_vina/configs/Q2022P_actout_ctlfit_dominant_cluster0_rep__ceritinib.txt,/homes/lkgyammerah/Molecular_Dynamics_analysis/dock/ROS1/q2022p_vina/vina_outputs/Q2022P_actout_ctlfit_dominant_cluster0_rep__ceritinib.pdbqt,/homes/lkgyammerah/Molecular_Dynamics_analysis/dock/ROS1/q2022p_vina/vina_logs/Q2022P_actout_ctlfit_dominant_cluster0_rep__ceritinib.log,3.0,-10.28,2.784,6.66
actout_ctlfit,Q2022P,dominant_cluster_representative,0,0,4440,/homes/lkgyammerah/Molecular_Dynamics_analysis/dock/ROS1/q2022p_subset_receptors/actout_ctlfit/Q2022P/Q2022P_actout_ctlfit_dominant_cluster0_rep.pdb,/homes/lkgyammerah/Molecular_Dynamics_analysis/dock/ROS1/q2022p_vina/receptor_pdbqt/Q2022P_actout_ctlfit_dominant_cluster0_rep.pdbqt,ceritinib,/homes/lkgyammerah/Molecular_Dynamics_analysis/dock/ROS1/q2022p_vina/ligand_pdbqt/ceritinib.pdbqt,/homes/lkgyammerah/Molecular_Dynamics_analysis/dock/ROS1/q2022p_vina/configs/Q2022P_actout_ctlfit_dominant_cluster0_rep__ceritinib.txt,/homes/lkgyammerah/Molecular_Dynamics_analysis/dock/ROS1/q2022p_vina/vina_outputs/Q2022P_actout_ctlfit_dominant_cluster0_rep__ceritinib.pdbqt,/homes/lkgyammerah/Molecular_Dynamics_analysis/dock/ROS1/q2022p_vina/vina_logs/Q2022P_actout_ctlfit_dominant_cluster0_rep__ceritinib.log,4.0,-10.23,2.61,6.351
actout_ctlfit,Q2022P,dominant_cluster_representative,0,0,4440,/homes/lkgyammerah/Molecular_Dynamics_analysis/dock/ROS1/q2022p_subset_receptors/actout_ctlfit/Q2022P/Q2022P_actout_ctlfit_dominant_cluster0_rep.pdb,/homes/lkgyammerah/Molecular_Dynamics_analysis/dock/ROS1/q2022p_vina/receptor_pdbqt/Q2022P_actout_ctlfit_dominant_cluster0_rep.pdbqt,ceritinib,/homes/lkgyammerah/Molecular_Dynamics_analysis/dock/ROS1/q2022p_vina/ligand_pdbqt/ceritinib.pdbqt,/homes/lkgyammerah/Molecular_Dynamics_analysis/dock/ROS1/q2022p_vina/configs/Q2022P_actout_ctlfit_dominant_cluster0_rep__ceritinib.txt,/homes/lkgyammerah/Molecular_Dynamics_analysis/dock/ROS1/q2022p_vina/vina_outputs/Q2022P_actout_ctlfit_dominant_cluster0_rep__ceritinib.pdbqt,/homes/lkgyammerah/Molecular_Dynamics_analysis/dock/ROS1/q2022p_vina/vina_logs/Q2022P_actout_ctlfit_dominant_cluster0_rep__ceritinib.log,5.0,-10.12,2.318,5.455
actout_ctlfit,Q2022P,dominant_cluster_representative,0,0,4440,/homes/lkgyammerah/Molecular_Dynamics_analysis/dock/ROS1/q2022p_subset_receptors/actout_ctlfit/Q2022P/Q2022P_actout_ctlfit_dominant_cluster0_rep.pdb,/homes/lkgyammerah/Molecular_Dynamics_analysis/dock/ROS1/q2022p_vina/receptor_pdbqt/Q2022P_actout_ctlfit_dominant_cluster0_rep.pdbqt,ceritinib,/homes/lkgyammerah/Molecular_Dynamics_analysis/dock/ROS1/q2022p_vina/ligand_pdbqt/ceritinib.pdbqt,/homes/lkgyammerah/Molecular_Dynamics_analysis/dock/ROS1/q2022p_vina/configs/Q2022P_actout_ctlfit_dominant_cluster0_rep__ceritinib.txt,/homes/lkgyammerah/Molecular_Dynamics_analysis/dock/ROS1/q2022p_vina/vina_outputs/Q2022P_actout_ctlfit_dominant_cluster0_rep__ceritinib.pdbqt,/homes/lkgyammerah/Molecular_Dynamics_analysis/dock/ROS1/q2022p_vina/vina_logs/Q2022P_actout_ctlfit_dominant_cluster0_rep__ceritinib.log,6.0,-10.05,2.073,3.983
actout_ctlfit,Q2022P,dominant_cluster_representative,0,0,4440,/homes/lkgyammerah/Molecular_Dynamics_analysis/dock/ROS1/q2022p_subset_receptors/actout_ctlfit/Q2022P/Q2022P_actout_ctlfit_dominant_cluster0_rep.pdb,/homes/lkgyammerah/Molecular_Dynamics_analysis/dock/ROS1/q2022p_vina/receptor_pdbqt/Q2022P_actout_ctlfit_dominant_cluster0_rep.pdbqt,ceritinib,/homes/lkgyammerah/Molecular_Dynamics_analysis/dock/ROS1/q2022p_vina/ligand_pdbqt/ceritinib.pdbqt,/homes/lkgyammerah/Molecular_Dynamics_analysis/dock/ROS1/q2022p_vina/configs/Q2022P_actout_ctlfit_dominant_cluster0_rep__ceritinib.txt,/homes/lkgyammerah/Molecular_Dynamics_analysis/dock/ROS1/q2022p_vina/vina_outputs/Q2022P_actout_ctlfit_dominant_cluster0_rep__ceritinib.pdbqt,/homes/lkgyammerah/Molecular_Dynamics_analysis/dock/ROS1/q2022p_vina/vina_logs/Q2022P_actout_ctlfit_dominant_cluster0_rep__ceritinib.log,7.0,-9.997,2.286,5.776
actout_ctlfit,Q2022P,dominant_cluster_representative,0,0,4440,/homes/lkgyammerah/Molecular_Dynamics_analysis/dock/ROS1/q2022p_subset_receptors/actout_ctlfit/Q2022P/Q2022P_actout_ctlfit_dominant_cluster0_rep.pdb,/homes/lkgyammerah/Molecular_Dynamics_analysis/dock/ROS1/q2022p_vina/receptor_pdbqt/Q2022P_actout_ctlfit_dominant_cluster0_rep.pdbqt,ceritinib,/homes/lkgyammerah/Molecular_Dynamics_analysis/dock/ROS1/q2022p_vina/ligand_pdbqt/ceritinib.pdbqt,/homes/lkgyammerah/Molecular_Dynamics_analysis/dock/ROS1/q2022p_vina/configs/Q2022P_actout_ctlfit_dominant_cluster0_rep__ceritinib.txt,/homes/lkgyammerah/Molecular_Dynamics_analysis/dock/ROS1/q2022p_vina/vina_outputs/Q2022P_actout_ctlfit_dominant_cluster0_rep__ceritinib.pdbqt,/homes/lkgyammerah/Molecular_Dynamics_analysis/dock/ROS1/q2022p_vina/vina_logs/Q2022P_actout_ctlfit_dominant_cluster0_rep__ceritinib.log,8.0,-9.898,1.909,3.56
actout_ctlfit,Q2022P,dominant_cluster_representative,0,0,4440,/homes/lkgyammerah/Molecular_Dynamics_analysis/dock/ROS1/q2022p_subset_receptors/actout_ctlfit/Q2022P/Q2022P_actout_ctlfit_dominant_cluster0_rep.pdb,/homes/lkgyammerah/Molecular_Dynamics_analysis/dock/ROS1/q2022p_vina/receptor_pdbqt/Q2022P_actout_ctlfit_dominant_cluster0_rep.pdbqt,ceritinib,/homes/lkgyammerah/Molecular_Dynamics_analysis/dock/ROS1/q2022p_vina/ligand_pdbqt/ceritinib.pdbqt,/homes/lkgyammerah/Molecular_Dynamics_analysis/dock/ROS1/q2022p_vina/configs/Q2022P_actout_ctlfit_dominant_cluster0_rep__ceritinib.txt,/homes/lkgyammerah/Molecular_Dynamics_analysis/dock/ROS1/q2022p_vina/vina_outputs/Q2022P_actout_ctlfit_dominant_cluster0_rep__ceritinib.pdbqt,/homes/lkgyammerah/Molecular_Dynamics_analysis/dock/ROS1/q2022p_vina/vina_logs/Q2022P_actout_ctlfit_dominant_cluster0_rep__ceritinib.log,9.0,-9.884,2.142,3.774
actout_ctlfit,Q2022P,dominant_cluster_representative,0,0,4440,/homes/lkgyammerah/Molecular_Dynamics_analysis/dock/ROS1/q2022p_subset_receptors/actout_ctlfit/Q2022P/Q2022P_actout_ctlfit_dominant_cluster0_rep.pdb,/homes/lkgyammerah/Molecular_Dynamics_analysis/dock/ROS1/q2022p_vina/receptor_pdbqt/Q2022P_actout_ctlfit_dominant_cluster0_rep.pdbqt,ceritinib,/homes/lkgyammerah/Molecular_Dynamics_analysis/dock/ROS1/q2022p_vina/ligand_pdbqt/ceritinib.pdbqt,/homes/lkgyammerah/Molecular_Dynamics_analysis/dock/ROS1/q2022p_vina/configs/Q2022P_actout_ctlfit_dominant_cluster0_rep__ceritinib.txt,/homes/lkgyammerah/Molecular_Dynamics_analysis/dock/ROS1/q2022p_vina/vina_outputs/Q2022P_actout_ctlfit_dominant_cluster0_rep__ceritinib.pdbqt,/homes/lkgyammerah/Molecular_Dynamics_analysis/dock/ROS1/q2022p_vina/vina_logs/Q2022P_actout_ctlfit_dominant_cluster0_rep__ceritinib.log,10.0,-9.8,1.238,2.339
actout_ctlfit,Q2022P,dominant_cluster_representative,0,0,4440,/homes/lkgyammerah/Molecular_Dynamics_analysis/dock/ROS1/q2022p_subset_receptors/actout_ctlfit/Q2022P/Q2022P_actout_ctlfit_dominant_cluster0_rep.pdb,/homes/lkgyammerah/Molecular_Dynamics_analysis/dock/ROS1/q2022p_vina/receptor_pdbqt/Q2022P_actout_ctlfit_dominant_cluster0_rep.pdbqt,ceritinib,/homes/lkgyammerah/Molecular_Dynamics_analysis/dock/ROS1/q2022p_vina/ligand_pdbqt/ceritinib.pdbqt,/homes/lkgyammerah/Molecular_Dynamics_analysis/dock/ROS1/q2022p_vina/configs/Q2022P_actout_ctlfit_dominant_cluster0_rep__ceritinib.txt,/homes/lkgyammerah/Molecular_Dynamics_analysis/dock/ROS1/q2022p_vina/vina_outputs/Q2022P_actout_ctlfit_dominant_cluster0_rep__ceritinib.pdbqt,/homes/lkgyammerah/Molecular_Dynamics_analysis/dock/ROS1/q2022p_vina/vina_logs/Q2022P_actout_ctlfit_dominant_cluster0_rep__ceritinib.log,11.0,-9.59,2.246,5.761
actout_ctlfit,Q2022P,dominant_cluster_representative,0,0,4440,/homes/lkgyammerah/Molecular_Dynamics_analysis/dock/ROS1/q2022p_subset_receptors/actout_ctlfit/Q2022P/Q2022P_actout_ctlfit_dominant_cluster0_rep.pdb,/homes/lkgyammerah/Molecular_Dynamics_analysis/dock/ROS1/q2022p_vina/receptor_pdbqt/Q2022P_actout_ctlfit_dominant_cluster0_rep.pdbqt,ceritinib,/homes/lkgyammerah/Molecular_Dynamics_analysis/dock/ROS1/q2022p_vina/ligand_pdbqt/ceritinib.pdbqt,/homes/lkgyammerah/Molecular_Dynamics_analysis/dock/ROS1/q2022p_vina/configs/Q2022P_actout_ctlfit_dominant_cluster0_rep__ceritinib.txt,/homes/lkgyammerah/Molecular_Dynamics_analysis/dock/ROS1/q2022p_vina/vina_outputs/Q2022P_actout_ctlfit_dominant_cluster0_rep__ceritinib.pdbqt,/homes/lkgyammerah/Molecular_Dynamics_analysis/dock/ROS1/q2022p_vina/vina_logs/Q2022P_actout_ctlfit_dominant_cluster0_rep__ceritinib.log,12.0,-9.539,2.065,4.414
actout_ctlfit,Q2022P,dominant_cluster_representative,0,0,4440,/homes/lkgyammerah/Molecular_Dynamics_analysis/dock/ROS1/q2022p_subset_receptors/actout_ctlfit/Q2022P/Q2022P_actout_ctlfit_dominant_cluster0_rep.pdb,/homes/lkgyammerah/Molecular_Dynamics_analysis/dock/ROS1/q2022p_vina/receptor_pdbqt/Q2022P_actout_ctlfit_dominant_cluster0_rep.pdbqt,ceritinib,/homes/lkgyammerah/Molecular_Dynamics_analysis/dock/ROS1/q2022p_vina/ligand_pdbqt/ceritinib.pdbqt,/homes/lkgyammerah/Molecular_Dynamics_analysis/dock/ROS1/q2022p_vina/configs/Q2022P_actout_ctlfit_dominant_cluster0_rep__ceritinib.txt,/homes/lkgyammerah/Molecular_Dynamics_analysis/dock/ROS1/q2022p_vina/vina_outputs/Q2022P_actout_ctlfit_dominant_cluster0_rep__ceritinib.pdbqt,/homes/lkgyammerah/Molecular_Dynamics_analysis/dock/ROS1/q2022p_vina/vina_logs/Q2022P_actout_ctlfit_dominant_cluster0_rep__ceritinib.log,13.0,-9.522,3.255,6.513
actout_ctlfit,Q2022P,dominant_cluster_representative,0,0,4440,/homes/lkgyammerah/Molecular_Dynamics_analysis/dock/ROS1/q2022p_subset_receptors/actout_ctlfit/Q2022P/Q2022P_actout_ctlfit_dominant_cluster0_rep.pdb,/homes/lkgyammerah/Molecular_Dynamics_analysis/dock/ROS1/q2022p_vina/receptor_pdbqt/Q2022P_actout_ctlfit_dominant_cluster0_rep.pdbqt,ceritinib,/homes/lkgyammerah/Molecular_Dynamics_analysis/dock/ROS1/q2022p_vina/ligand_pdbqt/ceritinib.pdbqt,/homes/lkgyammerah/Molecular_Dynamics_analysis/dock/ROS1/q2022p_vina/configs/Q2022P_actout_ctlfit_dominant_cluster0_rep__ceritinib.txt,/homes/lkgyammerah/Molecular_Dynamics_analysis/dock/ROS1/q2022p_vina/vina_outputs/Q2022P_actout_ctlfit_dominant_cluster0_rep__ceritinib.pdbqt,/homes/lkgyammerah/Molecular_Dynamics_analysis/dock/ROS1/q2022p_vina/vina_logs/Q2022P_actout_ctlfit_dominant_cluster0_rep__ceritinib.log,14.0,-9.45,2.357,3.917
actout_ctlfit,Q2022P,dominant_cluster_representative,0,0,4440,/homes/lkgyammerah/Molecular_Dynamics_analysis/dock/ROS1/q2022p_subset_receptors/actout_ctlfit/Q2022P/Q2022P_actout_ctlfit_dominant_cluster0_rep.pdb,/homes/lkgyammerah/Molecular_Dynamics_analysis/dock/ROS1/q2022p_vina/receptor_pdbqt/Q2022P_actout_ctlfit_dominant_cluster0_rep.pdbqt,ceritinib,/homes/lkgyammerah/Molecular_Dynamics_analysis/dock/ROS1/q2022p_vina/ligand_pdbqt/ceritinib.pdbqt,/homes/lkgyammerah/Molecular_Dynamics_analysis/dock/ROS1/q2022p_vina/configs/Q2022P_actout_ctlfit_dominant_cluster0_rep__ceritinib.txt,/homes/lkgyammerah/Molecular_Dynamics_analysis/dock/ROS1/q2022p_vina/vina_outputs/Q2022P_actout_ctlfit_dominant_cluster0_rep__ceritinib.pdbqt,/homes/lkgyammerah/Molecular_Dynamics_analysis/dock/ROS1/q2022p_vina/vina_logs/Q2022P_actout_ctlfit_dominant_cluster0_rep__ceritinib.log,15.0,-9.405,2.211,4.845
actout_ctlfit,Q2022P,dominant_cluster_representative,0,0,4440,/homes/lkgyammerah/Molecular_Dynamics_analysis/dock/ROS1/q2022p_subset_receptors/actout_ctlfit/Q2022P/Q2022P_actout_ctlfit_dominant_cluster0_rep.pdb,/homes/lkgyammerah/Molecular_Dynamics_analysis/dock/ROS1/q2022p_vina/receptor_pdbqt/Q2022P_actout_ctlfit_dominant_cluster0_rep.pdbqt,ceritinib,/homes/lkgyammerah/Molecular_Dynamics_analysis/dock/ROS1/q2022p_vina/ligand_pdbqt/ceritinib.pdbqt,/homes/lkgyammerah/Molecular_Dynamics_analysis/dock/ROS1/q2022p_vina/configs/Q2022P_actout_ctlfit_dominant_cluster0_rep__ceritinib.txt,/homes/lkgyammerah/Molecular_Dynamics_analysis/dock/ROS1/q2022p_vina/vina_outputs/Q2022P_actout_ctlfit_dominant_cluster0_rep__ceritinib.pdbqt,/homes/lkgyammerah/Molecular_Dynamics_analysis/dock/ROS1/q2022p_vina/vina_logs/Q2022P_actout_ctlfit_dominant_cluster0_rep__ceritinib.log,16.0,-9.185,1.962,3.274
actout_ctlfit,Q2022P,dominant_cluster_representative,0,0,4440,/homes/lkgyammerah/Molecular_Dynamics_analysis/dock/ROS1/q2022p_subset_receptors/actout_ctlfit/Q2022P/Q2022P_actout_ctlfit_dominant_cluster0_rep.pdb,/homes/lkgyammerah/Molecular_Dynamics_analysis/dock/ROS1/q2022p_vina/receptor_pdbqt/Q2022P_actout_ctlfit_dominant_cluster0_rep.pdbqt,ceritinib,/homes/lkgyammerah/Molecular_Dynamics_analysis/dock/ROS1/q2022p_vina/ligand_pdbqt/ceritinib.pdbqt,/homes/lkgyammerah/Molecular_Dynamics_analysis/dock/ROS1/q2022p_vina/configs/Q2022P_actout_ctlfit_dominant_cluster0_rep__ceritinib.txt,/homes/lkgyammerah/Molecular_Dynamics_analysis/dock/ROS1/q2022p_vina/vina_outputs/Q2022P_actout_ctlfit_dominant_cluster0_rep__ceritinib.pdbqt,/homes/lkgyammerah/Molecular_Dynamics_analysis/dock/ROS1/q2022p_vina/vina_logs/Q2022P_actout_ctlfit_dominant_cluster0_rep__ceritinib.log,17.0,-9.144,3.433,7.173
actout_ctlfit,Q2022P,dominant_cluster_representative,0,0,4440,/homes/lkgyammerah/Molecular_Dynamics_analysis/dock/ROS1/q2022p_subset_receptors/actout_ctlfit/Q2022P/Q2022P_actout_ctlfit_dominant_cluster0_rep.pdb,/homes/lkgyammerah/Molecular_Dynamics_analysis/dock/ROS1/q2022p_vina/receptor_pdbqt/Q2022P_actout_ctlfit_dominant_cluster0_rep.pdbqt,ceritinib,/homes/lkgyammerah/Molecular_Dynamics_analysis/dock/ROS1/q2022p_vina/ligand_pdbqt/ceritinib.pdbqt,/homes/lkgyammerah/Molecular_Dynamics_analysis/dock/ROS1/q2022p_vina/configs/Q2022P_actout_ctlfit_dominant_cluster0_rep__ceritinib.txt,/homes/lkgyammerah/Molecular_Dynamics_analysis/dock/ROS1/q2022p_vina/vina_outputs/Q2022P_actout_ctlfit_dominant_cluster0_rep__ceritinib.pdbqt,/homes/lkgyammerah/Molecular_Dynamics_analysis/dock/ROS1/q2022p_vina/vina_logs/Q2022P_actout_ctlfit_dominant_cluster0_rep__ceritinib.log,18.0,-9.135,3.32,6.497
actout_ctlfit,Q2022P,dominant_cluster_representative,0,0,4440,/homes/lkgyammerah/Molecular_Dynamics_analysis/dock/ROS1/q2022p_subset_receptors/actout_ctlfit/Q2022P/Q2022P_actout_ctlfit_dominant_cluster0_rep.pdb,/homes/lkgyammerah/Molecular_Dynamics_analysis/dock/ROS1/q2022p_vina/receptor_pdbqt/Q2022P_actout_ctlfit_dominant_cluster0_rep.pdbqt,ceritinib,/homes/lkgyammerah/Molecular_Dynamics_analysis/dock/ROS1/q2022p_vina/ligand_pdbqt/ceritinib.pdbqt,/homes/lkgyammerah/Molecular_Dynamics_analysis/dock/ROS1/q2022p_vina/configs/Q2022P_actout_ctlfit_dominant_cluster0_rep__ceritinib.txt,/homes/lkgyammerah/Molecular_Dynamics_analysis/dock/ROS1/q2022p_vina/vina_outputs/Q2022P_actout_ctlfit_dominant_cluster0_rep__ceritinib.pdbqt,/homes/lkgyammerah/Molecular_Dynamics_analysis/dock/ROS1/q2022p_vina/vina_logs/Q2022P_actout_ctlfit_dominant_cluster0_rep__ceritinib.log,19.0,-9.132,3.513,5.654
actout_ctlfit,Q2022P,dominant_cluster_representative,0,0,4440,/homes/lkgyammerah/Molecular_Dynamics_analysis/dock/ROS1/q2022p_subset_receptors/actout_ctlfit/Q2022P/Q2022P_actout_ctlfit_dominant_cluster0_rep.pdb,/homes/lkgyammerah/Molecular_Dynamics_analysis/dock/ROS1/q2022p_vina/receptor_pdbqt/Q2022P_actout_ctlfit_dominant_cluster0_rep.pdbqt,ceritinib,/homes/lkgyammerah/Molecular_Dynamics_analysis/dock/ROS1/q2022p_vina/ligand_pdbqt/ceritinib.pdbqt,/homes/lkgyammerah/Molecular_Dynamics_analysis/dock/ROS1/q2022p_vina/configs/Q2022P_actout_ctlfit_dominant_cluster0_rep__ceritinib.txt,/homes/lkgyammerah/Molecular_Dynamics_analysis/dock/ROS1/q2022p_vina/vina_outputs/Q2022P_actout_ctlfit_dominant_cluster0_rep__ceritinib.pdbqt,/homes/lkgyammerah/Molecular_Dynamics_analysis/dock/ROS1/q2022p_vina/vina_logs/Q2022P_actout_ctlfit_dominant_cluster0_rep__ceritinib.log,20.0,-9.123,2.76,6.898
actout_ctlfit,Q2022P,dominant_cluster_representative,0,0,4440,/homes/lkgyammerah/Molecular_Dynamics_analysis/dock/ROS1/q2022p_subset_receptors/actout_ctlfit/Q2022P/Q2022P_actout_ctlfit_dominant_cluster0_rep.pdb,/homes/lkgyammerah/Molecular_Dynamics_analysis/dock/ROS1/q2022p_vina/receptor_pdbqt/Q2022P_actout_ctlfit_dominant_cluster0_rep.pdbqt,lorlatinib,/homes/lkgyammerah/Molecular_Dynamics_analysis/dock/ROS1/q2022p_vina/ligand_pdbqt/lorlatinib.pdbqt,/homes/lkgyammerah/Molecular_Dynamics_analysis/dock/ROS1/q2022p_vina/configs/Q2022P_actout_ctlfit_dominant_cluster0_rep__lorlatinib.txt,/homes/lkgyammerah/Molecular_Dynamics_analysis/dock/ROS1/q2022p_vina/vina_outputs/Q2022P_actout_ctlfit_dominant_cluster0_rep__lorlatinib.pdbqt,/homes/lkgyammerah/Molecular_Dynamics_analysis/dock/ROS1/q2022p_vina/vina_logs/Q2022P_actout_ctlfit_dominant_cluster0_rep__lorlatinib.log,2.0,-8.538,1.401,1.647
actout_ctlfit,Q2022P,dominant_cluster_representative,0,0,4440,/homes/lkgyammerah/Molecular_Dynamics_analysis/dock/ROS1/q2022p_subset_receptors/actout_ctlfit/Q2022P/Q2022P_actout_ctlfit_dominant_cluster0_rep.pdb,/homes/lkgyammerah/Molecular_Dynamics_analysis/dock/ROS1/q2022p_vina/receptor_pdbqt/Q2022P_actout_ctlfit_dominant_cluster0_rep.pdbqt,lorlatinib,/homes/lkgyammerah/Molecular_Dynamics_analysis/dock/ROS1/q2022p_vina/ligand_pdbqt/lorlatinib.pdbqt,/homes/lkgyammerah/Molecular_Dynamics_analysis/dock/ROS1/q2022p_vina/configs/Q2022P_actout_ctlfit_dominant_cluster0_rep__lorlatinib.txt,/homes/lkgyammerah/Molecular_Dynamics_analysis/dock/ROS1/q2022p_vina/vina_outputs/Q2022P_actout_ctlfit_dominant_cluster0_rep__lorlatinib.pdbqt,/homes/lkgyammerah/Molecular_Dynamics_analysis/dock/ROS1/q2022p_vina/vina_logs/Q2022P_actout_ctlfit_dominant_cluster0_rep__lorlatinib.log,3.0,-8.185,3.605,6.128
actout_ctlfit,Q2022P,dominant_cluster_representative,0,0,4440,/homes/lkgyammerah/Molecular_Dynamics_analysis/dock/ROS1/q2022p_subset_receptors/actout_ctlfit/Q2022P/Q2022P_actout_ctlfit_dominant_cluster0_rep.pdb,/homes/lkgyammerah/Molecular_Dynamics_analysis/dock/ROS1/q2022p_vina/receptor_pdbqt/Q2022P_actout_ctlfit_dominant_cluster0_rep.pdbqt,lorlatinib,/homes/lkgyammerah/Molecular_Dynamics_analysis/dock/ROS1/q2022p_vina/ligand_pdbqt/lorlatinib.pdbqt,/homes/lkgyammerah/Molecular_Dynamics_analysis/dock/ROS1/q2022p_vina/configs/Q2022P_actout_ctlfit_dominant_cluster0_rep__lorlatinib.txt,/homes/lkgyammerah/Molecular_Dynamics_analysis/dock/ROS1/q2022p_vina/vina_outputs/Q2022P_actout_ctlfit_dominant_cluster0_rep__lorlatinib.pdbqt,/homes/lkgyammerah/Molecular_Dynamics_analysis/dock/ROS1/q2022p_vina/vina_logs/Q2022P_actout_ctlfit_dominant_cluster0_rep__lorlatinib.log,4.0,-8.115,2.905,5.348
actout_ctlfit,Q2022P,dominant_cluster_representative,0,0,4440,/homes/lkgyammerah/Molecular_Dynamics_analysis/dock/ROS1/q2022p_subset_receptors/actout_ctlfit/Q2022P/Q2022P_actout_ctlfit_dominant_cluster0_rep.pdb,/homes/lkgyammerah/Molecular_Dynamics_analysis/dock/ROS1/q2022p_vina/receptor_pdbqt/Q2022P_actout_ctlfit_dominant_cluster0_rep.pdbqt,lorlatinib,/homes/lkgyammerah/Molecular_Dynamics_analysis/dock/ROS1/q2022p_vina/ligand_pdbqt/lorlatinib.pdbqt,/homes/lkgyammerah/Molecular_Dynamics_analysis/dock/ROS1/q2022p_vina/configs/Q2022P_actout_ctlfit_dominant_cluster0_rep__lorlatinib.txt,/homes/lkgyammerah/Molecular_Dynamics_analysis/dock/ROS1/q2022p_vina/vina_outputs/Q2022P_actout_ctlfit_dominant_cluster0_rep__lorlatinib.pdbqt,/homes/lkgyammerah/Molecular_Dynamics_analysis/dock/ROS1/q2022p_vina/vina_logs/Q2022P_actout_ctlfit_dominant_cluster0_rep__lorlatinib.log,5.0,-7.767,2.537,4.087
actout_ctlfit,Q2022P,dominant_cluster_representative,0,0,4440,/homes/lkgyammerah/Molecular_Dynamics_analysis/dock/ROS1/q2022p_subset_receptors/actout_ctlfit/Q2022P/Q2022P_actout_ctlfit_dominant_cluster0_rep.pdb,/homes/lkgyammerah/Molecular_Dynamics_analysis/dock/ROS1/q2022p_vina/receptor_pdbqt/Q2022P_actout_ctlfit_dominant_cluster0_rep.pdbqt,lorlatinib,/homes/lkgyammerah/Molecular_Dynamics_analysis/dock/ROS1/q2022p_vina/ligand_pdbqt/lorlatinib.pdbqt,/homes/lkgyammerah/Molecular_Dynamics_analysis/dock/ROS1/q2022p_vina/configs/Q2022P_actout_ctlfit_dominant_cluster0_rep__lorlatinib.txt,/homes/lkgyammerah/Molecular_Dynamics_analysis/dock/ROS1/q2022p_vina/vina_outputs/Q2022P_actout_ctlfit_dominant_cluster0_rep__lorlatinib.pdbqt,/homes/lkgyammerah/Molecular_Dynamics_analysis/dock/ROS1/q2022p_vina/vina_logs/Q2022P_actout_ctlfit_dominant_cluster0_rep__lorlatinib.log,6.0,-7.641,3.682,11.29
actout_ctlfit,Q2022P,dominant_cluster_representative,0,0,4440,/homes/lkgyammerah/Molecular_Dynamics_analysis/dock/ROS1/q2022p_subset_receptors/actout_ctlfit/Q2022P/Q2022P_actout_ctlfit_dominant_cluster0_rep.pdb,/homes/lkgyammerah/Molecular_Dynamics_analysis/dock/ROS1/q2022p_vina/receptor_pdbqt/Q2022P_actout_ctlfit_dominant_cluster0_rep.pdbqt,lorlatinib,/homes/lkgyammerah/Molecular_Dynamics_analysis/dock/ROS1/q2022p_vina/ligand_pdbqt/lorlatinib.pdbqt,/homes/lkgyammerah/Molecular_Dynamics_analysis/dock/ROS1/q2022p_vina/configs/Q2022P_actout_ctlfit_dominant_cluster0_rep__lorlatinib.txt,/homes/lkgyammerah/Molecular_Dynamics_analysis/dock/ROS1/q2022p_vina/vina_outputs/Q2022P_actout_ctlfit_dominant_cluster0_rep__lorlatinib.pdbqt,/homes/lkgyammerah/Molecular_Dynamics_analysis/dock/ROS1/q2022p_vina/vina_logs/Q2022P_actout_ctlfit_dominant_cluster0_rep__lorlatinib.log,7.0,-7.614,3.36,5.704
actout_ctlfit,Q2022P,dominant_cluster_representative,0,0,4440,/homes/lkgyammerah/Molecular_Dynamics_analysis/dock/ROS1/q2022p_subset_receptors/actout_ctlfit/Q2022P/Q2022P_actout_ctlfit_dominant_cluster0_rep.pdb,/homes/lkgyammerah/Molecular_Dynamics_analysis/dock/ROS1/q2022p_vina/receptor_pdbqt/Q2022P_actout_ctlfit_dominant_cluster0_rep.pdbqt,lorlatinib,/homes/lkgyammerah/Molecular_Dynamics_analysis/dock/ROS1/q2022p_vina/ligand_pdbqt/lorlatinib.pdbqt,/homes/lkgyammerah/Molecular_Dynamics_analysis/dock/ROS1/q2022p_vina/configs/Q2022P_actout_ctlfit_dominant_cluster0_rep__lorlatinib.txt,/homes/lkgyammerah/Molecular_Dynamics_analysis/dock/ROS1/q2022p_vina/vina_outputs/Q2022P_actout_ctlfit_dominant_cluster0_rep__lorlatinib.pdbqt,/homes/lkgyammerah/Molecular_Dynamics_analysis/dock/ROS1/q2022p_vina/vina_logs/Q2022P_actout_ctlfit_dominant_cluster0_rep__lorlatinib.log,8.0,-7.605,3.205,11.52
actout_ctlfit,Q2022P,dominant_cluster_representative,0,0,4440,/homes/lkgyammerah/Molecular_Dynamics_analysis/dock/ROS1/q2022p_subset_receptors/actout_ctlfit/Q2022P/Q2022P_actout_ctlfit_dominant_cluster0_rep.pdb,/homes/lkgyammerah/Molecular_Dynamics_analysis/dock/ROS1/q2022p_vina/receptor_pdbqt/Q2022P_actout_ctlfit_dominant_cluster0_rep.pdbqt,lorlatinib,/homes/lkgyammerah/Molecular_Dynamics_analysis/dock/ROS1/q2022p_vina/ligand_pdbqt/lorlatinib.pdbqt,/homes/lkgyammerah/Molecular_Dynamics_analysis/dock/ROS1/q2022p_vina/configs/Q2022P_actout_ctlfit_dominant_cluster0_rep__lorlatinib.txt,/homes/lkgyammerah/Molecular_Dynamics_analysis/dock/ROS1/q2022p_vina/vina_outputs/Q2022P_actout_ctlfit_dominant_cluster0_rep__lorlatinib.pdbqt,/homes/lkgyammerah/Molecular_Dynamics_analysis/dock/ROS1/q2022p_vina/vina_logs/Q2022P_actout_ctlfit_dominant_cluster0_rep__lorlatinib.log,9.0,-7.451,1.795,4.541
actout_ctlfit,Q2022P,dominant_cluster_representative,0,0,4440,/homes/lkgyammerah/Molecular_Dynamics_analysis/dock/ROS1/q2022p_subset_receptors/actout_ctlfit/Q2022P/Q2022P_actout_ctlfit_dominant_cluster0_rep.pdb,/homes/lkgyammerah/Molecular_Dynamics_analysis/dock/ROS1/q2022p_vina/receptor_pdbqt/Q2022P_actout_ctlfit_dominant_cluster0_rep.pdbqt,lorlatinib,/homes/lkgyammerah/Molecular_Dynamics_analysis/dock/ROS1/q2022p_vina/ligand_pdbqt/lorlatinib.pdbqt,/homes/lkgyammerah/Molecular_Dynamics_analysis/dock/ROS1/q2022p_vina/configs/Q2022P_actout_ctlfit_dominant_cluster0_rep__lorlatinib.txt,/homes/lkgyammerah/Molecular_Dynamics_analysis/dock/ROS1/q2022p_vina/vina_outputs/Q2022P_actout_ctlfit_dominant_cluster0_rep__lorlatinib.pdbqt,/homes/lkgyammerah/Molecular_Dynamics_analysis/dock/ROS1/q2022p_vina/vina_logs/Q2022P_actout_ctlfit_dominant_cluster0_rep__lorlatinib.log,10.0,-7.408,3.38,11.57
actout_ctlfit,Q2022P,dominant_cluster_representative,0,0,4440,/homes/lkgyammerah/Molecular_Dynamics_analysis/dock/ROS1/q2022p_subset_receptors/actout_ctlfit/Q2022P/Q2022P_actout_ctlfit_dominant_cluster0_rep.pdb,/homes/lkgyammerah/Molecular_Dynamics_analysis/dock/ROS1/q2022p_vina/receptor_pdbqt/Q2022P_actout_ctlfit_dominant_cluster0_rep.pdbqt,lorlatinib,/homes/lkgyammerah/Molecular_Dynamics_analysis/dock/ROS1/q2022p_vina/ligand_pdbqt/lorlatinib.pdbqt,/homes/lkgyammerah/Molecular_Dynamics_analysis/dock/ROS1/q2022p_vina/configs/Q2022P_actout_ctlfit_dominant_cluster0_rep__lorlatinib.txt,/homes/lkgyammerah/Molecular_Dynamics_analysis/dock/ROS1/q2022p_vina/vina_outputs/Q2022P_actout_ctlfit_dominant_cluster0_rep__lorlatinib.pdbqt,/homes/lkgyammerah/Molecular_Dynamics_analysis/dock/ROS1/q2022p_vina/vina_logs/Q2022P_actout_ctlfit_dominant_cluster0_rep__lorlatinib.log,11.0,-7.311,3.159,5.352
actout_ctlfit,Q2022P,dominant_cluster_representative,0,0,4440,/homes/lkgyammerah/Molecular_Dynamics_analysis/dock/ROS1/q2022p_subset_receptors/actout_ctlfit/Q2022P/Q2022P_actout_ctlfit_dominant_cluster0_rep.pdb,/homes/lkgyammerah/Molecular_Dynamics_analysis/dock/ROS1/q2022p_vina/receptor_pdbqt/Q2022P_actout_ctlfit_dominant_cluster0_rep.pdbqt,lorlatinib,/homes/lkgyammerah/Molecular_Dynamics_analysis/dock/ROS1/q2022p_vina/ligand_pdbqt/lorlatinib.pdbqt,/homes/lkgyammerah/Molecular_Dynamics_analysis/dock/ROS1/q2022p_vina/configs/Q2022P_actout_ctlfit_dominant_cluster0_rep__lorlatinib.txt,/homes/lkgyammerah/Molecular_Dynamics_analysis/dock/ROS1/q2022p_vina/vina_outputs/Q2022P_actout_ctlfit_dominant_cluster0_rep__lorlatinib.pdbqt,/homes/lkgyammerah/Molecular_Dynamics_analysis/dock/ROS1/q2022p_vina/vina_logs/Q2022P_actout_ctlfit_dominant_cluster0_rep__lorlatinib.log,12.0,-7.197,2.707,10.69
actout_ctlfit,Q2022P,dominant_cluster_representative,0,0,4440,/homes/lkgyammerah/Molecular_Dynamics_analysis/dock/ROS1/q2022p_subset_receptors/actout_ctlfit/Q2022P/Q2022P_actout_ctlfit_dominant_cluster0_rep.pdb,/homes/lkgyammerah/Molecular_Dynamics_analysis/dock/ROS1/q2022p_vina/receptor_pdbqt/Q2022P_actout_ctlfit_dominant_cluster0_rep.pdbqt,lorlatinib,/homes/lkgyammerah/Molecular_Dynamics_analysis/dock/ROS1/q2022p_vina/ligand_pdbqt/lorlatinib.pdbqt,/homes/lkgyammerah/Molecular_Dynamics_analysis/dock/ROS1/q2022p_vina/configs/Q2022P_actout_ctlfit_dominant_cluster0_rep__lorlatinib.txt,/homes/lkgyammerah/Molecular_Dynamics_analysis/dock/ROS1/q2022p_vina/vina_outputs/Q2022P_actout_ctlfit_dominant_cluster0_rep__lorlatinib.pdbqt,/homes/lkgyammerah/Molecular_Dynamics_analysis/dock/ROS1/q2022p_vina/vina_logs/Q2022P_actout_ctlfit_dominant_cluster0_rep__lorlatinib.log,13.0,-7.181,3.394,10.94
actout_ctlfit,Q2022P,dominant_cluster_representative,0,0,4440,/homes/lkgyammerah/Molecular_Dynamics_analysis/dock/ROS1/q2022p_subset_receptors/actout_ctlfit/Q2022P/Q2022P_actout_ctlfit_dominant_cluster0_rep.pdb,/homes/lkgyammerah/Molecular_Dynamics_analysis/dock/ROS1/q2022p_vina/receptor_pdbqt/Q2022P_actout_ctlfit_dominant_cluster0_rep.pdbqt,lorlatinib,/homes/lkgyammerah/Molecular_Dynamics_analysis/dock/ROS1/q2022p_vina/ligand_pdbqt/lorlatinib.pdbqt,/homes/lkgyammerah/Molecular_Dynamics_analysis/dock/ROS1/q2022p_vina/configs/Q2022P_actout_ctlfit_dominant_cluster0_rep__lorlatinib.txt,/homes/lkgyammerah/Molecular_Dynamics_analysis/dock/ROS1/q2022p_vina/vina_outputs/Q2022P_actout_ctlfit_dominant_cluster0_rep__lorlatinib.pdbqt,/homes/lkgyammerah/Molecular_Dynamics_analysis/dock/ROS1/q2022p_vina/vina_logs/Q2022P_actout_ctlfit_dominant_cluster0_rep__lorlatinib.log,14.0,-7.094,3.586,5.729
actout_ctlfit,Q2022P,dominant_cluster_representative,0,0,4440,/homes/lkgyammerah/Molecular_Dynamics_analysis/dock/ROS1/q2022p_subset_receptors/actout_ctlfit/Q2022P/Q2022P_actout_ctlfit_dominant_cluster0_rep.pdb,/homes/lkgyammerah/Molecular_Dynamics_analysis/dock/ROS1/q2022p_vina/receptor_pdbqt/Q2022P_actout_ctlfit_dominant_cluster0_rep.pdbqt,lorlatinib,/homes/lkgyammerah/Molecular_Dynamics_analysis/dock/ROS1/q2022p_vina/ligand_pdbqt/lorlatinib.pdbqt,/homes/lkgyammerah/Molecular_Dynamics_analysis/dock/ROS1/q2022p_vina/configs/Q2022P_actout_ctlfit_dominant_cluster0_rep__lorlatinib.txt,/homes/lkgyammerah/Molecular_Dynamics_analysis/dock/ROS1/q2022p_vina/vina_outputs/Q2022P_actout_ctlfit_dominant_cluster0_rep__lorlatinib.pdbqt,/homes/lkgyammerah/Molecular_Dynamics_analysis/dock/ROS1/q2022p_vina/vina_logs/Q2022P_actout_ctlfit_dominant_cluster0_rep__lorlatinib.log,15.0,-6.974,5.178,8.617
actout_ctlfit,Q2022P,dominant_cluster_representative,0,0,4440,/homes/lkgyammerah/Molecular_Dynamics_analysis/dock/ROS1/q2022p_subset_receptors/actout_ctlfit/Q2022P/Q2022P_actout_ctlfit_dominant_cluster0_rep.pdb,/homes/lkgyammerah/Molecular_Dynamics_analysis/dock/ROS1/q2022p_vina/receptor_pdbqt/Q2022P_actout_ctlfit_dominant_cluster0_rep.pdbqt,lorlatinib,/homes/lkgyammerah/Molecular_Dynamics_analysis/dock/ROS1/q2022p_vina/ligand_pdbqt/lorlatinib.pdbqt,/homes/lkgyammerah/Molecular_Dynamics_analysis/dock/ROS1/q2022p_vina/configs/Q2022P_actout_ctlfit_dominant_cluster0_rep__lorlatinib.txt,/homes/lkgyammerah/Molecular_Dynamics_analysis/dock/ROS1/q2022p_vina/vina_outputs/Q2022P_actout_ctlfit_dominant_cluster0_rep__lorlatinib.pdbqt,/homes/lkgyammerah/Molecular_Dynamics_analysis/dock/ROS1/q2022p_vina/vina_logs/Q2022P_actout_ctlfit_dominant_cluster0_rep__lorlatinib.log,16.0,-6.937,2.451,5.155
actout_ctlfit,Q2022P,dominant_cluster_representative,0,0,4440,/homes/lkgyammerah/Molecular_Dynamics_analysis/dock/ROS1/q2022p_subset_receptors/actout_ctlfit/Q2022P/Q2022P_actout_ctlfit_dominant_cluster0_rep.pdb,/homes/lkgyammerah/Molecular_Dynamics_analysis/dock/ROS1/q2022p_vina/receptor_pdbqt/Q2022P_actout_ctlfit_dominant_cluster0_rep.pdbqt,lorlatinib,/homes/lkgyammerah/Molecular_Dynamics_analysis/dock/ROS1/q2022p_vina/ligand_pdbqt/lorlatinib.pdbqt,/homes/lkgyammerah/Molecular_Dynamics_analysis/dock/ROS1/q2022p_vina/configs/Q2022P_actout_ctlfit_dominant_cluster0_rep__lorlatinib.txt,/homes/lkgyammerah/Molecular_Dynamics_analysis/dock/ROS1/q2022p_vina/vina_outputs/Q2022P_actout_ctlfit_dominant_cluster0_rep__lorlatinib.pdbqt,/homes/lkgyammerah/Molecular_Dynamics_analysis/dock/ROS1/q2022p_vina/vina_logs/Q2022P_actout_ctlfit_dominant_cluster0_rep__lorlatinib.log,17.0,-6.895,3.819,6.74
actout_ctlfit,Q2022P,dominant_cluster_representative,0,0,4440,/homes/lkgyammerah/Molecular_Dynamics_analysis/dock/ROS1/q2022p_subset_receptors/actout_ctlfit/Q2022P/Q2022P_actout_ctlfit_dominant_cluster0_rep.pdb,/homes/lkgyammerah/Molecular_Dynamics_analysis/dock/ROS1/q2022p_vina/receptor_pdbqt/Q2022P_actout_ctlfit_dominant_cluster0_rep.pdbqt,lorlatinib,/homes/lkgyammerah/Molecular_Dynamics_analysis/dock/ROS1/q2022p_vina/ligand_pdbqt/lorlatinib.pdbqt,/homes/lkgyammerah/Molecular_Dynamics_analysis/dock/ROS1/q2022p_vina/configs/Q2022P_actout_ctlfit_dominant_cluster0_rep__lorlatinib.txt,/homes/lkgyammerah/Molecular_Dynamics_analysis/dock/ROS1/q2022p_vina/vina_outputs/Q2022P_actout_ctlfit_dominant_cluster0_rep__lorlatinib.pdbqt,/homes/lkgyammerah/Molecular_Dynamics_analysis/dock/ROS1/q2022p_vina/vina_logs/Q2022P_actout_ctlfit_dominant_cluster0_rep__lorlatinib.log,18.0,-6.682,2.918,11.51
actout_ctlfit,Q2022P,dominant_cluster_representative,0,0,4440,/homes/lkgyammerah/Molecular_Dynamics_analysis/dock/ROS1/q2022p_subset_receptors/actout_ctlfit/Q2022P/Q2022P_actout_ctlfit_dominant_cluster0_rep.pdb,/homes/lkgyammerah/Molecular_Dynamics_analysis/dock/ROS1/q2022p_vina/receptor_pdbqt/Q2022P_actout_ctlfit_dominant_cluster0_rep.pdbqt,lorlatinib,/homes/lkgyammerah/Molecular_Dynamics_analysis/dock/ROS1/q2022p_vina/ligand_pdbqt/lorlatinib.pdbqt,/homes/lkgyammerah/Molecular_Dynamics_analysis/dock/ROS1/q2022p_vina/configs/Q2022P_actout_ctlfit_dominant_cluster0_rep__lorlatinib.txt,/homes/lkgyammerah/Molecular_Dynamics_analysis/dock/ROS1/q2022p_vina/vina_outputs/Q2022P_actout_ctlfit_dominant_cluster0_rep__lorlatinib.pdbqt,/homes/lkgyammerah/Molecular_Dynamics_analysis/dock/ROS1/q2022p_vina/vina_logs/Q2022P_actout_ctlfit_dominant_cluster0_rep__lorlatinib.log,19.0,-6.564,3.025,11.37
actout_ctlfit,Q2022P,dominant_cluster_representative,0,0,4440,/homes/lkgyammerah/Molecular_Dynamics_analysis/dock/ROS1/q2022p_subset_receptors/actout_ctlfit/Q2022P/Q2022P_actout_ctlfit_dominant_cluster0_rep.pdb,/homes/lkgyammerah/Molecular_Dynamics_analysis/dock/ROS1/q2022p_vina/receptor_pdbqt/Q2022P_actout_ctlfit_dominant_cluster0_rep.pdbqt,lorlatinib,/homes/lkgyammerah/Molecular_Dynamics_analysis/dock/ROS1/q2022p_vina/ligand_pdbqt/lorlatinib.pdbqt,/homes/lkgyammerah/Molecular_Dynamics_analysis/dock/ROS1/q2022p_vina/configs/Q2022P_actout_ctlfit_dominant_cluster0_rep__lorlatinib.txt,/homes/lkgyammerah/Molecular_Dynamics_analysis/dock/ROS1/q2022p_vina/vina_outputs/Q2022P_actout_ctlfit_dominant_cluster0_rep__lorlatinib.pdbqt,/homes/lkgyammerah/Molecular_Dynamics_analysis/dock/ROS1/q2022p_vina/vina_logs/Q2022P_actout_ctlfit_dominant_cluster0_rep__lorlatinib.log,20.0,-6.428,2.728,10.98
actout_ctlfit,Q2022P,dominant_cluster_representative,0,0,4440,/homes/lkgyammerah/Molecular_Dynamics_analysis/dock/ROS1/q2022p_subset_receptors/actout_ctlfit/Q2022P/Q2022P_actout_ctlfit_dominant_cluster0_rep.pdb,/homes/lkgyammerah/Molecular_Dynamics_analysis/dock/ROS1/q2022p_vina/receptor_pdbqt/Q2022P_actout_ctlfit_dominant_cluster0_rep.pdbqt,repotrectinib,/homes/lkgyammerah/Molecular_Dynamics_analysis/dock/ROS1/q2022p_vina/ligand_pdbqt/repotrectinib.pdbqt,/homes/lkgyammerah/Molecular_Dynamics_analysis/dock/ROS1/q2022p_vina/configs/Q2022P_actout_ctlfit_dominant_cluster0_rep__repotrectinib.txt,/homes/lkgyammerah/Molecular_Dynamics_analysis/dock/ROS1/q2022p_vina/vina_outputs/Q2022P_actout_ctlfit_dominant_cluster0_rep__repotrectinib.pdbqt,/homes/lkgyammerah/Molecular_Dynamics_analysis/dock/ROS1/q2022p_vina/vina_logs/Q2022P_actout_ctlfit_dominant_cluster0_rep__repotrectinib.log,2.0,-8.429,2.605,3.912
actout_ctlfit,Q2022P,dominant_cluster_representative,0,0,4440,/homes/lkgyammerah/Molecular_Dynamics_analysis/dock/ROS1/q2022p_subset_receptors/actout_ctlfit/Q2022P/Q2022P_actout_ctlfit_dominant_cluster0_rep.pdb,/homes/lkgyammerah/Molecular_Dynamics_analysis/dock/ROS1/q2022p_vina/receptor_pdbqt/Q2022P_actout_ctlfit_dominant_cluster0_rep.pdbqt,repotrectinib,/homes/lkgyammerah/Molecular_Dynamics_analysis/dock/ROS1/q2022p_vina/ligand_pdbqt/repotrectinib.pdbqt,/homes/lkgyammerah/Molecular_Dynamics_analysis/dock/ROS1/q2022p_vina/configs/Q2022P_actout_ctlfit_dominant_cluster0_rep__repotrectinib.txt,/homes/lkgyammerah/Molecular_Dynamics_analysis/dock/ROS1/q2022p_vina/vina_outputs/Q2022P_actout_ctlfit_dominant_cluster0_rep__repotrectinib.pdbqt,/homes/lkgyammerah/Molecular_Dynamics_analysis/dock/ROS1/q2022p_vina/vina_logs/Q2022P_actout_ctlfit_dominant_cluster0_rep__repotrectinib.log,3.0,-8.368,2.288,4.973
actout_ctlfit,Q2022P,dominant_cluster_representative,0,0,4440,/homes/lkgyammerah/Molecular_Dynamics_analysis/dock/ROS1/q2022p_subset_receptors/actout_ctlfit/Q2022P/Q2022P_actout_ctlfit_dominant_cluster0_rep.pdb,/homes/lkgyammerah/Molecular_Dynamics_analysis/dock/ROS1/q2022p_vina/receptor_pdbqt/Q2022P_actout_ctlfit_dominant_cluster0_rep.pdbqt,repotrectinib,/homes/lkgyammerah/Molecular_Dynamics_analysis/dock/ROS1/q2022p_vina/ligand_pdbqt/repotrectinib.pdbqt,/homes/lkgyammerah/Molecular_Dynamics_analysis/dock/ROS1/q2022p_vina/configs/Q2022P_actout_ctlfit_dominant_cluster0_rep__repotrectinib.txt,/homes/lkgyammerah/Molecular_Dynamics_analysis/dock/ROS1/q2022p_vina/vina_outputs/Q2022P_actout_ctlfit_dominant_cluster0_rep__repotrectinib.pdbqt,/homes/lkgyammerah/Molecular_Dynamics_analysis/dock/ROS1/q2022p_vina/vina_logs/Q2022P_actout_ctlfit_dominant_cluster0_rep__repotrectinib.log,4.0,-7.999,2.599,4.365
actout_ctlfit,Q2022P,dominant_cluster_representative,0,0,4440,/homes/lkgyammerah/Molecular_Dynamics_analysis/dock/ROS1/q2022p_subset_receptors/actout_ctlfit/Q2022P/Q2022P_actout_ctlfit_dominant_cluster0_rep.pdb,/homes/lkgyammerah/Molecular_Dynamics_analysis/dock/ROS1/q2022p_vina/receptor_pdbqt/Q2022P_actout_ctlfit_dominant_cluster0_rep.pdbqt,repotrectinib,/homes/lkgyammerah/Molecular_Dynamics_analysis/dock/ROS1/q2022p_vina/ligand_pdbqt/repotrectinib.pdbqt,/homes/lkgyammerah/Molecular_Dynamics_analysis/dock/ROS1/q2022p_vina/configs/Q2022P_actout_ctlfit_dominant_cluster0_rep__repotrectinib.txt,/homes/lkgyammerah/Molecular_Dynamics_analysis/dock/ROS1/q2022p_vina/vina_outputs/Q2022P_actout_ctlfit_dominant_cluster0_rep__repotrectinib.pdbqt,/homes/lkgyammerah/Molecular_Dynamics_analysis/dock/ROS1/q2022p_vina/vina_logs/Q2022P_actout_ctlfit_dominant_cluster0_rep__repotrectinib.log,5.0,-7.872,1.83,2.586
actout_ctlfit,Q2022P,dominant_cluster_representative,0,0,4440,/homes/lkgyammerah/Molecular_Dynamics_analysis/dock/ROS1/q2022p_subset_receptors/actout_ctlfit/Q2022P/Q2022P_actout_ctlfit_dominant_cluster0_rep.pdb,/homes/lkgyammerah/Molecular_Dynamics_analysis/dock/ROS1/q2022p_vina/receptor_pdbqt/Q2022P_actout_ctlfit_dominant_cluster0_rep.pdbqt,repotrectinib,/homes/lkgyammerah/Molecular_Dynamics_analysis/dock/ROS1/q2022p_vina/ligand_pdbqt/repotrectinib.pdbqt,/homes/lkgyammerah/Molecular_Dynamics_analysis/dock/ROS1/q2022p_vina/configs/Q2022P_actout_ctlfit_dominant_cluster0_rep__repotrectinib.txt,/homes/lkgyammerah/Molecular_Dynamics_analysis/dock/ROS1/q2022p_vina/vina_outputs/Q2022P_actout_ctlfit_dominant_cluster0_rep__repotrectinib.pdbqt,/homes/lkgyammerah/Molecular_Dynamics_analysis/dock/ROS1/q2022p_vina/vina_logs/Q2022P_actout_ctlfit_dominant_cluster0_rep__repotrectinib.log,6.0,-7.671,1.76,2.73
actout_ctlfit,Q2022P,dominant_cluster_representative,0,0,4440,/homes/lkgyammerah/Molecular_Dynamics_analysis/dock/ROS1/q2022p_subset_receptors/actout_ctlfit/Q2022P/Q2022P_actout_ctlfit_dominant_cluster0_rep.pdb,/homes/lkgyammerah/Molecular_Dynamics_analysis/dock/ROS1/q2022p_vina/receptor_pdbqt/Q2022P_actout_ctlfit_dominant_cluster0_rep.pdbqt,repotrectinib,/homes/lkgyammerah/Molecular_Dynamics_analysis/dock/ROS1/q2022p_vina/ligand_pdbqt/repotrectinib.pdbqt,/homes/lkgyammerah/Molecular_Dynamics_analysis/dock/ROS1/q2022p_vina/configs/Q2022P_actout_ctlfit_dominant_cluster0_rep__repotrectinib.txt,/homes/lkgyammerah/Molecular_Dynamics_analysis/dock/ROS1/q2022p_vina/vina_outputs/Q2022P_actout_ctlfit_dominant_cluster0_rep__repotrectinib.pdbqt,/homes/lkgyammerah/Molecular_Dynamics_analysis/dock/ROS1/q2022p_vina/vina_logs/Q2022P_actout_ctlfit_dominant_cluster0_rep__repotrectinib.log,7.0,-7.565,1.564,2.943
actout_ctlfit,Q2022P,dominant_cluster_representative,0,0,4440,/homes/lkgyammerah/Molecular_Dynamics_analysis/dock/ROS1/q2022p_subset_receptors/actout_ctlfit/Q2022P/Q2022P_actout_ctlfit_dominant_cluster0_rep.pdb,/homes/lkgyammerah/Molecular_Dynamics_analysis/dock/ROS1/q2022p_vina/receptor_pdbqt/Q2022P_actout_ctlfit_dominant_cluster0_rep.pdbqt,repotrectinib,/homes/lkgyammerah/Molecular_Dynamics_analysis/dock/ROS1/q2022p_vina/ligand_pdbqt/repotrectinib.pdbqt,/homes/lkgyammerah/Molecular_Dynamics_analysis/dock/ROS1/q2022p_vina/configs/Q2022P_actout_ctlfit_dominant_cluster0_rep__repotrectinib.txt,/homes/lkgyammerah/Molecular_Dynamics_analysis/dock/ROS1/q2022p_vina/vina_outputs/Q2022P_actout_ctlfit_dominant_cluster0_rep__repotrectinib.pdbqt,/homes/lkgyammerah/Molecular_Dynamics_analysis/dock/ROS1/q2022p_vina/vina_logs/Q2022P_actout_ctlfit_dominant_cluster0_rep__repotrectinib.log,8.0,-7.486,2.356,4.943
actout_ctlfit,Q2022P,dominant_cluster_representative,0,0,4440,/homes/lkgyammerah/Molecular_Dynamics_analysis/dock/ROS1/q2022p_subset_receptors/actout_ctlfit/Q2022P/Q2022P_actout_ctlfit_dominant_cluster0_rep.pdb,/homes/lkgyammerah/Molecular_Dynamics_analysis/dock/ROS1/q2022p_vina/receptor_pdbqt/Q2022P_actout_ctlfit_dominant_cluster0_rep.pdbqt,repotrectinib,/homes/lkgyammerah/Molecular_Dynamics_analysis/dock/ROS1/q2022p_vina/ligand_pdbqt/repotrectinib.pdbqt,/homes/lkgyammerah/Molecular_Dynamics_analysis/dock/ROS1/q2022p_vina/configs/Q2022P_actout_ctlfit_dominant_cluster0_rep__repotrectinib.txt,/homes/lkgyammerah/Molecular_Dynamics_analysis/dock/ROS1/q2022p_vina/vina_outputs/Q2022P_actout_ctlfit_dominant_cluster0_rep__repotrectinib.pdbqt,/homes/lkgyammerah/Molecular_Dynamics_analysis/dock/ROS1/q2022p_vina/vina_logs/Q2022P_actout_ctlfit_dominant_cluster0_rep__repotrectinib.log,9.0,-7.431,2.324,4.422
actout_ctlfit,Q2022P,dominant_cluster_representative,0,0,4440,/homes/lkgyammerah/Molecular_Dynamics_analysis/dock/ROS1/q2022p_subset_receptors/actout_ctlfit/Q2022P/Q2022P_actout_ctlfit_dominant_cluster0_rep.pdb,/homes/lkgyammerah/Molecular_Dynamics_analysis/dock/ROS1/q2022p_vina/receptor_pdbqt/Q2022P_actout_ctlfit_dominant_cluster0_rep.pdbqt,repotrectinib,/homes/lkgyammerah/Molecular_Dynamics_analysis/dock/ROS1/q2022p_vina/ligand_pdbqt/repotrectinib.pdbqt,/homes/lkgyammerah/Molecular_Dynamics_analysis/dock/ROS1/q2022p_vina/configs/Q2022P_actout_ctlfit_dominant_cluster0_rep__repotrectinib.txt,/homes/lkgyammerah/Molecular_Dynamics_analysis/dock/ROS1/q2022p_vina/vina_outputs/Q2022P_actout_ctlfit_dominant_cluster0_rep__repotrectinib.pdbqt,/homes/lkgyammerah/Molecular_Dynamics_analysis/dock/ROS1/q2022p_vina/vina_logs/Q2022P_actout_ctlfit_dominant_cluster0_rep__repotrectinib.log,10.0,-7.4,3.103,4.929
actout_ctlfit,Q2022P,dominant_cluster_representative,0,0,4440,/homes/lkgyammerah/Molecular_Dynamics_analysis/dock/ROS1/q2022p_subset_receptors/actout_ctlfit/Q2022P/Q2022P_actout_ctlfit_dominant_cluster0_rep.pdb,/homes/lkgyammerah/Molecular_Dynamics_analysis/dock/ROS1/q2022p_vina/receptor_pdbqt/Q2022P_actout_ctlfit_dominant_cluster0_rep.pdbqt,repotrectinib,/homes/lkgyammerah/Molecular_Dynamics_analysis/dock/ROS1/q2022p_vina/ligand_pdbqt/repotrectinib.pdbqt,/homes/lkgyammerah/Molecular_Dynamics_analysis/dock/ROS1/q2022p_vina/configs/Q2022P_actout_ctlfit_dominant_cluster0_rep__repotrectinib.txt,/homes/lkgyammerah/Molecular_Dynamics_analysis/dock/ROS1/q2022p_vina/vina_outputs/Q2022P_actout_ctlfit_dominant_cluster0_rep__repotrectinib.pdbqt,/homes/lkgyammerah/Molecular_Dynamics_analysis/dock/ROS1/q2022p_vina/vina_logs/Q2022P_actout_ctlfit_dominant_cluster0_rep__repotrectinib.log,11.0,-7.355,2.386,4.512
actout_ctlfit,Q2022P,dominant_cluster_representative,0,0,4440,/homes/lkgyammerah/Molecular_Dynamics_analysis/dock/ROS1/q2022p_subset_receptors/actout_ctlfit/Q2022P/Q2022P_actout_ctlfit_dominant_cluster0_rep.pdb,/homes/lkgyammerah/Molecular_Dynamics_analysis/dock/ROS1/q2022p_vina/receptor_pdbqt/Q2022P_actout_ctlfit_dominant_cluster0_rep.pdbqt,repotrectinib,/homes/lkgyammerah/Molecular_Dynamics_analysis/dock/ROS1/q2022p_vina/ligand_pdbqt/repotrectinib.pdbqt,/homes/lkgyammerah/Molecular_Dynamics_analysis/dock/ROS1/q2022p_vina/configs/Q2022P_actout_ctlfit_dominant_cluster0_rep__repotrectinib.txt,/homes/lkgyammerah/Molecular_Dynamics_analysis/dock/ROS1/q2022p_vina/vina_outputs/Q2022P_actout_ctlfit_dominant_cluster0_rep__repotrectinib.pdbqt,/homes/lkgyammerah/Molecular_Dynamics_analysis/dock/ROS1/q2022p_vina/vina_logs/Q2022P_actout_ctlfit_dominant_cluster0_rep__repotrectinib.log,12.0,-7.277,2.324,4.432
actout_ctlfit,Q2022P,dominant_cluster_representative,0,0,4440,/homes/lkgyammerah/Molecular_Dynamics_analysis/dock/ROS1/q2022p_subset_receptors/actout_ctlfit/Q2022P/Q2022P_actout_ctlfit_dominant_cluster0_rep.pdb,/homes/lkgyammerah/Molecular_Dynamics_analysis/dock/ROS1/q2022p_vina/receptor_pdbqt/Q2022P_actout_ctlfit_dominant_cluster0_rep.pdbqt,repotrectinib,/homes/lkgyammerah/Molecular_Dynamics_analysis/dock/ROS1/q2022p_vina/ligand_pdbqt/repotrectinib.pdbqt,/homes/lkgyammerah/Molecular_Dynamics_analysis/dock/ROS1/q2022p_vina/configs/Q2022P_actout_ctlfit_dominant_cluster0_rep__repotrectinib.txt,/homes/lkgyammerah/Molecular_Dynamics_analysis/dock/ROS1/q2022p_vina/vina_outputs/Q2022P_actout_ctlfit_dominant_cluster0_rep__repotrectinib.pdbqt,/homes/lkgyammerah/Molecular_Dynamics_analysis/dock/ROS1/q2022p_vina/vina_logs/Q2022P_actout_ctlfit_dominant_cluster0_rep__repotrectinib.log,13.0,-7.027,2.204,3.813
actout_ctlfit,Q2022P,dominant_cluster_representative,0,0,4440,/homes/lkgyammerah/Molecular_Dynamics_analysis/dock/ROS1/q2022p_subset_receptors/actout_ctlfit/Q2022P/Q2022P_actout_ctlfit_dominant_cluster0_rep.pdb,/homes/lkgyammerah/Molecular_Dynamics_analysis/dock/ROS1/q2022p_vina/receptor_pdbqt/Q2022P_actout_ctlfit_dominant_cluster0_rep.pdbqt,repotrectinib,/homes/lkgyammerah/Molecular_Dynamics_analysis/dock/ROS1/q2022p_vina/ligand_pdbqt/repotrectinib.pdbqt,/homes/lkgyammerah/Molecular_Dynamics_analysis/dock/ROS1/q2022p_vina/configs/Q2022P_actout_ctlfit_dominant_cluster0_rep__repotrectinib.txt,/homes/lkgyammerah/Molecular_Dynamics_analysis/dock/ROS1/q2022p_vina/vina_outputs/Q2022P_actout_ctlfit_dominant_cluster0_rep__repotrectinib.pdbqt,/homes/lkgyammerah/Molecular_Dynamics_analysis/dock/ROS1/q2022p_vina/vina_logs/Q2022P_actout_ctlfit_dominant_cluster0_rep__repotrectinib.log,14.0,-6.842,2.383,3.952
actout_ctlfit,Q2022P,dominant_cluster_representative,0,0,4440,/homes/lkgyammerah/Molecular_Dynamics_analysis/dock/ROS1/q2022p_subset_receptors/actout_ctlfit/Q2022P/Q2022P_actout_ctlfit_dominant_cluster0_rep.pdb,/homes/lkgyammerah/Molecular_Dynamics_analysis/dock/ROS1/q2022p_vina/receptor_pdbqt/Q2022P_actout_ctlfit_dominant_cluster0_rep.pdbqt,repotrectinib,/homes/lkgyammerah/Molecular_Dynamics_analysis/dock/ROS1/q2022p_vina/ligand_pdbqt/repotrectinib.pdbqt,/homes/lkgyammerah/Molecular_Dynamics_analysis/dock/ROS1/q2022p_vina/configs/Q2022P_actout_ctlfit_dominant_cluster0_rep__repotrectinib.txt,/homes/lkgyammerah/Molecular_Dynamics_analysis/dock/ROS1/q2022p_vina/vina_outputs/Q2022P_actout_ctlfit_dominant_cluster0_rep__repotrectinib.pdbqt,/homes/lkgyammerah/Molecular_Dynamics_analysis/dock/ROS1/q2022p_vina/vina_logs/Q2022P_actout_ctlfit_dominant_cluster0_rep__repotrectinib.log,15.0,-6.679,2.881,5.134
actout_ctlfit,Q2022P,dominant_cluster_representative,0,0,4440,/homes/lkgyammerah/Molecular_Dynamics_analysis/dock/ROS1/q2022p_subset_receptors/actout_ctlfit/Q2022P/Q2022P_actout_ctlfit_dominant_cluster0_rep.pdb,/homes/lkgyammerah/Molecular_Dynamics_analysis/dock/ROS1/q2022p_vina/receptor_pdbqt/Q2022P_actout_ctlfit_dominant_cluster0_rep.pdbqt,repotrectinib,/homes/lkgyammerah/Molecular_Dynamics_analysis/dock/ROS1/q2022p_vina/ligand_pdbqt/repotrectinib.pdbqt,/homes/lkgyammerah/Molecular_Dynamics_analysis/dock/ROS1/q2022p_vina/configs/Q2022P_actout_ctlfit_dominant_cluster0_rep__repotrectinib.txt,/homes/lkgyammerah/Molecular_Dynamics_analysis/dock/ROS1/q2022p_vina/vina_outputs/Q2022P_actout_ctlfit_dominant_cluster0_rep__repotrectinib.pdbqt,/homes/lkgyammerah/Molecular_Dynamics_analysis/dock/ROS1/q2022p_vina/vina_logs/Q2022P_actout_ctlfit_dominant_cluster0_rep__repotrectinib.log,16.0,-6.429,2.141,3.762
actout_ctlfit,Q2022P,dominant_cluster_representative,0,0,4440,/homes/lkgyammerah/Molecular_Dynamics_analysis/dock/ROS1/q2022p_subset_receptors/actout_ctlfit/Q2022P/Q2022P_actout_ctlfit_dominant_cluster0_rep.pdb,/homes/lkgyammerah/Molecular_Dynamics_analysis/dock/ROS1/q2022p_vina/receptor_pdbqt/Q2022P_actout_ctlfit_dominant_cluster0_rep.pdbqt,repotrectinib,/homes/lkgyammerah/Molecular_Dynamics_analysis/dock/ROS1/q2022p_vina/ligand_pdbqt/repotrectinib.pdbqt,/homes/lkgyammerah/Molecular_Dynamics_analysis/dock/ROS1/q2022p_vina/configs/Q2022P_actout_ctlfit_dominant_cluster0_rep__repotrectinib.txt,/homes/lkgyammerah/Molecular_Dynamics_analysis/dock/ROS1/q2022p_vina/vina_outputs/Q2022P_actout_ctlfit_dominant_cluster0_rep__repotrectinib.pdbqt,/homes/lkgyammerah/Molecular_Dynamics_analysis/dock/ROS1/q2022p_vina/vina_logs/Q2022P_actout_ctlfit_dominant_cluster0_rep__repotrectinib.log,17.0,-6.31,2.092,4.118
actout_ctlfit,Q2022P,dominant_cluster_representative,0,0,4440,/homes/lkgyammerah/Molecular_Dynamics_analysis/dock/ROS1/q2022p_subset_receptors/actout_ctlfit/Q2022P/Q2022P_actout_ctlfit_dominant_cluster0_rep.pdb,/homes/lkgyammerah/Molecular_Dynamics_analysis/dock/ROS1/q2022p_vina/receptor_pdbqt/Q2022P_actout_ctlfit_dominant_cluster0_rep.pdbqt,repotrectinib,/homes/lkgyammerah/Molecular_Dynamics_analysis/dock/ROS1/q2022p_vina/ligand_pdbqt/repotrectinib.pdbqt,/homes/lkgyammerah/Molecular_Dynamics_analysis/dock/ROS1/q2022p_vina/configs/Q2022P_actout_ctlfit_dominant_cluster0_rep__repotrectinib.txt,/homes/lkgyammerah/Molecular_Dynamics_analysis/dock/ROS1/q2022p_vina/vina_outputs/Q2022P_actout_ctlfit_dominant_cluster0_rep__repotrectinib.pdbqt,/homes/lkgyammerah/Molecular_Dynamics_analysis/dock/ROS1/q2022p_vina/vina_logs/Q2022P_actout_ctlfit_dominant_cluster0_rep__repotrectinib.log,18.0,-6.181,2.121,4.394
actout_ctlfit,Q2022P,dominant_cluster_representative,0,0,4440,/homes/lkgyammerah/Molecular_Dynamics_analysis/dock/ROS1/q2022p_subset_receptors/actout_ctlfit/Q2022P/Q2022P_actout_ctlfit_dominant_cluster0_rep.pdb,/homes/lkgyammerah/Molecular_Dynamics_analysis/dock/ROS1/q2022p_vina/receptor_pdbqt/Q2022P_actout_ctlfit_dominant_cluster0_rep.pdbqt,repotrectinib,/homes/lkgyammerah/Molecular_Dynamics_analysis/dock/ROS1/q2022p_vina/ligand_pdbqt/repotrectinib.pdbqt,/homes/lkgyammerah/Molecular_Dynamics_analysis/dock/ROS1/q2022p_vina/configs/Q2022P_actout_ctlfit_dominant_cluster0_rep__repotrectinib.txt,/homes/lkgyammerah/Molecular_Dynamics_analysis/dock/ROS1/q2022p_vina/vina_outputs/Q2022P_actout_ctlfit_dominant_cluster0_rep__repotrectinib.pdbqt,/homes/lkgyammerah/Molecular_Dynamics_analysis/dock/ROS1/q2022p_vina/vina_logs/Q2022P_actout_ctlfit_dominant_cluster0_rep__repotrectinib.log,19.0,-5.949,2.046,2.88
actout_ctlfit,Q2022P,dominant_cluster_representative,0,0,4440,/homes/lkgyammerah/Molecular_Dynamics_analysis/dock/ROS1/q2022p_subset_receptors/actout_ctlfit/Q2022P/Q2022P_actout_ctlfit_dominant_cluster0_rep.pdb,/homes/lkgyammerah/Molecular_Dynamics_analysis/dock/ROS1/q2022p_vina/receptor_pdbqt/Q2022P_actout_ctlfit_dominant_cluster0_rep.pdbqt,repotrectinib,/homes/lkgyammerah/Molecular_Dynamics_analysis/dock/ROS1/q2022p_vina/ligand_pdbqt/repotrectinib.pdbqt,/homes/lkgyammerah/Molecular_Dynamics_analysis/dock/ROS1/q2022p_vina/configs/Q2022P_actout_ctlfit_dominant_cluster0_rep__repotrectinib.txt,/homes/lkgyammerah/Molecular_Dynamics_analysis/dock/ROS1/q2022p_vina/vina_outputs/Q2022P_actout_ctlfit_dominant_cluster0_rep__repotrectinib.pdbqt,/homes/lkgyammerah/Molecular_Dynamics_analysis/dock/ROS1/q2022p_vina/vina_logs/Q2022P_actout_ctlfit_dominant_cluster0_rep__repotrectinib.log,20.0,-5.763,1.109,2.479
actout_ctlfit,Q2022P,dominant_cluster_representative,0,0,4440,/homes/lkgyammerah/Molecular_Dynamics_analysis/dock/ROS1/q2022p_subset_receptors/actout_ctlfit/Q2022P/Q2022P_actout_ctlfit_dominant_cluster0_rep.pdb,/homes/lkgyammerah/Molecular_Dynamics_analysis/dock/ROS1/q2022p_vina/receptor_pdbqt/Q2022P_actout_ctlfit_dominant_cluster0_rep.pdbqt,zidesamtinib,/homes/lkgyammerah/Molecular_Dynamics_analysis/dock/ROS1/q2022p_vina/ligand_pdbqt/zidesamtinib.pdbqt,/homes/lkgyammerah/Molecular_Dynamics_analysis/dock/ROS1/q2022p_vina/configs/Q2022P_actout_ctlfit_dominant_cluster0_rep__zidesamtinib.txt,/homes/lkgyammerah/Molecular_Dynamics_analysis/dock/ROS1/q2022p_vina/vina_outputs/Q2022P_actout_ctlfit_dominant_cluster0_rep__zidesamtinib.pdbqt,/homes/lkgyammerah/Molecular_Dynamics_analysis/dock/ROS1/q2022p_vina/vina_logs/Q2022P_actout_ctlfit_dominant_cluster0_rep__zidesamtinib.log,2.0,-13.26,1.988,4.149
actout_ctlfit,Q2022P,dominant_cluster_representative,0,0,4440,/homes/lkgyammerah/Molecular_Dynamics_analysis/dock/ROS1/q2022p_subset_receptors/actout_ctlfit/Q2022P/Q2022P_actout_ctlfit_dominant_cluster0_rep.pdb,/homes/lkgyammerah/Molecular_Dynamics_analysis/dock/ROS1/q2022p_vina/receptor_pdbqt/Q2022P_actout_ctlfit_dominant_cluster0_rep.pdbqt,zidesamtinib,/homes/lkgyammerah/Molecular_Dynamics_analysis/dock/ROS1/q2022p_vina/ligand_pdbqt/zidesamtinib.pdbqt,/homes/lkgyammerah/Molecular_Dynamics_analysis/dock/ROS1/q2022p_vina/configs/Q2022P_actout_ctlfit_dominant_cluster0_rep__zidesamtinib.txt,/homes/lkgyammerah/Molecular_Dynamics_analysis/dock/ROS1/q2022p_vina/vina_outputs/Q2022P_actout_ctlfit_dominant_cluster0_rep__zidesamtinib.pdbqt,/homes/lkgyammerah/Molecular_Dynamics_analysis/dock/ROS1/q2022p_vina/vina_logs/Q2022P_actout_ctlfit_dominant_cluster0_rep__zidesamtinib.log,3.0,-12.89,2.02,4.199
actout_ctlfit,Q2022P,dominant_cluster_representative,0,0,4440,/homes/lkgyammerah/Molecular_Dynamics_analysis/dock/ROS1/q2022p_subset_receptors/actout_ctlfit/Q2022P/Q2022P_actout_ctlfit_dominant_cluster0_rep.pdb,/homes/lkgyammerah/Molecular_Dynamics_analysis/dock/ROS1/q2022p_vina/receptor_pdbqt/Q2022P_actout_ctlfit_dominant_cluster0_rep.pdbqt,zidesamtinib,/homes/lkgyammerah/Molecular_Dynamics_analysis/dock/ROS1/q2022p_vina/ligand_pdbqt/zidesamtinib.pdbqt,/homes/lkgyammerah/Molecular_Dynamics_analysis/dock/ROS1/q2022p_vina/configs/Q2022P_actout_ctlfit_dominant_cluster0_rep__zidesamtinib.txt,/homes/lkgyammerah/Molecular_Dynamics_analysis/dock/ROS1/q2022p_vina/vina_outputs/Q2022P_actout_ctlfit_dominant_cluster0_rep__zidesamtinib.pdbqt,/homes/lkgyammerah/Molecular_Dynamics_analysis/dock/ROS1/q2022p_vina/vina_logs/Q2022P_actout_ctlfit_dominant_cluster0_rep__zidesamtinib.log,4.0,-12.83,2.459,5.183
actout_ctlfit,Q2022P,dominant_cluster_representative,0,0,4440,/homes/lkgyammerah/Molecular_Dynamics_analysis/dock/ROS1/q2022p_subset_receptors/actout_ctlfit/Q2022P/Q2022P_actout_ctlfit_dominant_cluster0_rep.pdb,/homes/lkgyammerah/Molecular_Dynamics_analysis/dock/ROS1/q2022p_vina/receptor_pdbqt/Q2022P_actout_ctlfit_dominant_cluster0_rep.pdbqt,zidesamtinib,/homes/lkgyammerah/Molecular_Dynamics_analysis/dock/ROS1/q2022p_vina/ligand_pdbqt/zidesamtinib.pdbqt,/homes/lkgyammerah/Molecular_Dynamics_analysis/dock/ROS1/q2022p_vina/configs/Q2022P_actout_ctlfit_dominant_cluster0_rep__zidesamtinib.txt,/homes/lkgyammerah/Molecular_Dynamics_analysis/dock/ROS1/q2022p_vina/vina_outputs/Q2022P_actout_ctlfit_dominant_cluster0_rep__zidesamtinib.pdbqt,/homes/lkgyammerah/Molecular_Dynamics_analysis/dock/ROS1/q2022p_vina/vina_logs/Q2022P_actout_ctlfit_dominant_cluster0_rep__zidesamtinib.log,5.0,-12.57,1.782,4.29
actout_ctlfit,Q2022P,dominant_cluster_representative,0,0,4440,/homes/lkgyammerah/Molecular_Dynamics_analysis/dock/ROS1/q2022p_subset_receptors/actout_ctlfit/Q2022P/Q2022P_actout_ctlfit_dominant_cluster0_rep.pdb,/homes/lkgyammerah/Molecular_Dynamics_analysis/dock/ROS1/q2022p_vina/receptor_pdbqt/Q2022P_actout_ctlfit_dominant_cluster0_rep.pdbqt,zidesamtinib,/homes/lkgyammerah/Molecular_Dynamics_analysis/dock/ROS1/q2022p_vina/ligand_pdbqt/zidesamtinib.pdbqt,/homes/lkgyammerah/Molecular_Dynamics_analysis/dock/ROS1/q2022p_vina/configs/Q2022P_actout_ctlfit_dominant_cluster0_rep__zidesamtinib.txt,/homes/lkgyammerah/Molecular_Dynamics_analysis/dock/ROS1/q2022p_vina/vina_outputs/Q2022P_actout_ctlfit_dominant_cluster0_rep__zidesamtinib.pdbqt,/homes/lkgyammerah/Molecular_Dynamics_analysis/dock/ROS1/q2022p_vina/vina_logs/Q2022P_actout_ctlfit_dominant_cluster0_rep__zidesamtinib.log,6.0,-12.38,1.592,3.25
actout_ctlfit,Q2022P,dominant_cluster_representative,0,0,4440,/homes/lkgyammerah/Molecular_Dynamics_analysis/dock/ROS1/q2022p_subset_receptors/actout_ctlfit/Q2022P/Q2022P_actout_ctlfit_dominant_cluster0_rep.pdb,/homes/lkgyammerah/Molecular_Dynamics_analysis/dock/ROS1/q2022p_vina/receptor_pdbqt/Q2022P_actout_ctlfit_dominant_cluster0_rep.pdbqt,zidesamtinib,/homes/lkgyammerah/Molecular_Dynamics_analysis/dock/ROS1/q2022p_vina/ligand_pdbqt/zidesamtinib.pdbqt,/homes/lkgyammerah/Molecular_Dynamics_analysis/dock/ROS1/q2022p_vina/configs/Q2022P_actout_ctlfit_dominant_cluster0_rep__zidesamtinib.txt,/homes/lkgyammerah/Molecular_Dynamics_analysis/dock/ROS1/q2022p_vina/vina_outputs/Q2022P_actout_ctlfit_dominant_cluster0_rep__zidesamtinib.pdbqt,/homes/lkgyammerah/Molecular_Dynamics_analysis/dock/ROS1/q2022p_vina/vina_logs/Q2022P_actout_ctlfit_dominant_cluster0_rep__zidesamtinib.log,7.0,-12.34,1.342,4.112
actout_ctlfit,Q2022P,dominant_cluster_representative,0,0,4440,/homes/lkgyammerah/Molecular_Dynamics_analysis/dock/ROS1/q2022p_subset_receptors/actout_ctlfit/Q2022P/Q2022P_actout_ctlfit_dominant_cluster0_rep.pdb,/homes/lkgyammerah/Molecular_Dynamics_analysis/dock/ROS1/q2022p_vina/receptor_pdbqt/Q2022P_actout_ctlfit_dominant_cluster0_rep.pdbqt,zidesamtinib,/homes/lkgyammerah/Molecular_Dynamics_analysis/dock/ROS1/q2022p_vina/ligand_pdbqt/zidesamtinib.pdbqt,/homes/lkgyammerah/Molecular_Dynamics_analysis/dock/ROS1/q2022p_vina/configs/Q2022P_actout_ctlfit_dominant_cluster0_rep__zidesamtinib.txt,/homes/lkgyammerah/Molecular_Dynamics_analysis/dock/ROS1/q2022p_vina/vina_outputs/Q2022P_actout_ctlfit_dominant_cluster0_rep__zidesamtinib.pdbqt,/homes/lkgyammerah/Molecular_Dynamics_analysis/dock/ROS1/q2022p_vina/vina_logs/Q2022P_actout_ctlfit_dominant_cluster0_rep__zidesamtinib.log,8.0,-12.3,1.82,4.014
actout_ctlfit,Q2022P,dominant_cluster_representative,0,0,4440,/homes/lkgyammerah/Molecular_Dynamics_analysis/dock/ROS1/q2022p_subset_receptors/actout_ctlfit/Q2022P/Q2022P_actout_ctlfit_dominant_cluster0_rep.pdb,/homes/lkgyammerah/Molecular_Dynamics_analysis/dock/ROS1/q2022p_vina/receptor_pdbqt/Q2022P_actout_ctlfit_dominant_cluster0_rep.pdbqt,zidesamtinib,/homes/lkgyammerah/Molecular_Dynamics_analysis/dock/ROS1/q2022p_vina/ligand_pdbqt/zidesamtinib.pdbqt,/homes/lkgyammerah/Molecular_Dynamics_analysis/dock/ROS1/q2022p_vina/configs/Q2022P_actout_ctlfit_dominant_cluster0_rep__zidesamtinib.txt,/homes/lkgyammerah/Molecular_Dynamics_analysis/dock/ROS1/q2022p_vina/vina_outputs/Q2022P_actout_ctlfit_dominant_cluster0_rep__zidesamtinib.pdbqt,/homes/lkgyammerah/Molecular_Dynamics_analysis/dock/ROS1/q2022p_vina/vina_logs/Q2022P_actout_ctlfit_dominant_cluster0_rep__zidesamtinib.log,9.0,-12.26,2.147,5.255
actout_ctlfit,Q2022P,dominant_cluster_representative,0,0,4440,/homes/lkgyammerah/Molecular_Dynamics_analysis/dock/ROS1/q2022p_subset_receptors/actout_ctlfit/Q2022P/Q2022P_actout_ctlfit_dominant_cluster0_rep.pdb,/homes/lkgyammerah/Molecular_Dynamics_analysis/dock/ROS1/q2022p_vina/receptor_pdbqt/Q2022P_actout_ctlfit_dominant_cluster0_rep.pdbqt,zidesamtinib,/homes/lkgyammerah/Molecular_Dynamics_analysis/dock/ROS1/q2022p_vina/ligand_pdbqt/zidesamtinib.pdbqt,/homes/lkgyammerah/Molecular_Dynamics_analysis/dock/ROS1/q2022p_vina/configs/Q2022P_actout_ctlfit_dominant_cluster0_rep__zidesamtinib.txt,/homes/lkgyammerah/Molecular_Dynamics_analysis/dock/ROS1/q2022p_vina/vina_outputs/Q2022P_actout_ctlfit_dominant_cluster0_rep__zidesamtinib.pdbqt,/homes/lkgyammerah/Molecular_Dynamics_analysis/dock/ROS1/q2022p_vina/vina_logs/Q2022P_actout_ctlfit_dominant_cluster0_rep__zidesamtinib.log,10.0,-12.25,1.388,2.177
actout_ctlfit,Q2022P,dominant_cluster_representative,0,0,4440,/homes/lkgyammerah/Molecular_Dynamics_analysis/dock/ROS1/q2022p_subset_receptors/actout_ctlfit/Q2022P/Q2022P_actout_ctlfit_dominant_cluster0_rep.pdb,/homes/lkgyammerah/Molecular_Dynamics_analysis/dock/ROS1/q2022p_vina/receptor_pdbqt/Q2022P_actout_ctlfit_dominant_cluster0_rep.pdbqt,zidesamtinib,/homes/lkgyammerah/Molecular_Dynamics_analysis/dock/ROS1/q2022p_vina/ligand_pdbqt/zidesamtinib.pdbqt,/homes/lkgyammerah/Molecular_Dynamics_analysis/dock/ROS1/q2022p_vina/configs/Q2022P_actout_ctlfit_dominant_cluster0_rep__zidesamtinib.txt,/homes/lkgyammerah/Molecular_Dynamics_analysis/dock/ROS1/q2022p_vina/vina_outputs/Q2022P_actout_ctlfit_dominant_cluster0_rep__zidesamtinib.pdbqt,/homes/lkgyammerah/Molecular_Dynamics_analysis/dock/ROS1/q2022p_vina/vina_logs/Q2022P_actout_ctlfit_dominant_cluster0_rep__zidesamtinib.log,11.0,-12.21,1.689,3.525
actout_ctlfit,Q2022P,dominant_cluster_representative,0,0,4440,/homes/lkgyammerah/Molecular_Dynamics_analysis/dock/ROS1/q2022p_subset_receptors/actout_ctlfit/Q2022P/Q2022P_actout_ctlfit_dominant_cluster0_rep.pdb,/homes/lkgyammerah/Molecular_Dynamics_analysis/dock/ROS1/q2022p_vina/receptor_pdbqt/Q2022P_actout_ctlfit_dominant_cluster0_rep.pdbqt,zidesamtinib,/homes/lkgyammerah/Molecular_Dynamics_analysis/dock/ROS1/q2022p_vina/ligand_pdbqt/zidesamtinib.pdbqt,/homes/lkgyammerah/Molecular_Dynamics_analysis/dock/ROS1/q2022p_vina/configs/Q2022P_actout_ctlfit_dominant_cluster0_rep__zidesamtinib.txt,/homes/lkgyammerah/Molecular_Dynamics_analysis/dock/ROS1/q2022p_vina/vina_outputs/Q2022P_actout_ctlfit_dominant_cluster0_rep__zidesamtinib.pdbqt,/homes/lkgyammerah/Molecular_Dynamics_analysis/dock/ROS1/q2022p_vina/vina_logs/Q2022P_actout_ctlfit_dominant_cluster0_rep__zidesamtinib.log,12.0,-12.12,1.857,3.57
actout_ctlfit,Q2022P,dominant_cluster_representative,0,0,4440,/homes/lkgyammerah/Molecular_Dynamics_analysis/dock/ROS1/q2022p_subset_receptors/actout_ctlfit/Q2022P/Q2022P_actout_ctlfit_dominant_cluster0_rep.pdb,/homes/lkgyammerah/Molecular_Dynamics_analysis/dock/ROS1/q2022p_vina/receptor_pdbqt/Q2022P_actout_ctlfit_dominant_cluster0_rep.pdbqt,zidesamtinib,/homes/lkgyammerah/Molecular_Dynamics_analysis/dock/ROS1/q2022p_vina/ligand_pdbqt/zidesamtinib.pdbqt,/homes/lkgyammerah/Molecular_Dynamics_analysis/dock/ROS1/q2022p_vina/configs/Q2022P_actout_ctlfit_dominant_cluster0_rep__zidesamtinib.txt,/homes/lkgyammerah/Molecular_Dynamics_analysis/dock/ROS1/q2022p_vina/vina_outputs/Q2022P_actout_ctlfit_dominant_cluster0_rep__zidesamtinib.pdbqt,/homes/lkgyammerah/Molecular_Dynamics_analysis/dock/ROS1/q2022p_vina/vina_logs/Q2022P_actout_ctlfit_dominant_cluster0_rep__zidesamtinib.log,13.0,-12.11,2.15,5.483
actout_ctlfit,Q2022P,dominant_cluster_representative,0,0,4440,/homes/lkgyammerah/Molecular_Dynamics_analysis/dock/ROS1/q2022p_subset_receptors/actout_ctlfit/Q2022P/Q2022P_actout_ctlfit_dominant_cluster0_rep.pdb,/homes/lkgyammerah/Molecular_Dynamics_analysis/dock/ROS1/q2022p_vina/receptor_pdbqt/Q2022P_actout_ctlfit_dominant_cluster0_rep.pdbqt,zidesamtinib,/homes/lkgyammerah/Molecular_Dynamics_analysis/dock/ROS1/q2022p_vina/ligand_pdbqt/zidesamtinib.pdbqt,/homes/lkgyammerah/Molecular_Dynamics_analysis/dock/ROS1/q2022p_vina/configs/Q2022P_actout_ctlfit_dominant_cluster0_rep__zidesamtinib.txt,/homes/lkgyammerah/Molecular_Dynamics_analysis/dock/ROS1/q2022p_vina/vina_outputs/Q2022P_actout_ctlfit_dominant_cluster0_rep__zidesamtinib.pdbqt,/homes/lkgyammerah/Molecular_Dynamics_analysis/dock/ROS1/q2022p_vina/vina_logs/Q2022P_actout_ctlfit_dominant_cluster0_rep__zidesamtinib.log,14.0,-11.72,1.859,5.105
actout_ctlfit,Q2022P,dominant_cluster_representative,0,0,4440,/homes/lkgyammerah/Molecular_Dynamics_analysis/dock/ROS1/q2022p_subset_receptors/actout_ctlfit/Q2022P/Q2022P_actout_ctlfit_dominant_cluster0_rep.pdb,/homes/lkgyammerah/Molecular_Dynamics_analysis/dock/ROS1/q2022p_vina/receptor_pdbqt/Q2022P_actout_ctlfit_dominant_cluster0_rep.pdbqt,zidesamtinib,/homes/lkgyammerah/Molecular_Dynamics_analysis/dock/ROS1/q2022p_vina/ligand_pdbqt/zidesamtinib.pdbqt,/homes/lkgyammerah/Molecular_Dynamics_analysis/dock/ROS1/q2022p_vina/configs/Q2022P_actout_ctlfit_dominant_cluster0_rep__zidesamtinib.txt,/homes/lkgyammerah/Molecular_Dynamics_analysis/dock/ROS1/q2022p_vina/vina_outputs/Q2022P_actout_ctlfit_dominant_cluster0_rep__zidesamtinib.pdbqt,/homes/lkgyammerah/Molecular_Dynamics_analysis/dock/ROS1/q2022p_vina/vina_logs/Q2022P_actout_ctlfit_dominant_cluster0_rep__zidesamtinib.log,15.0,-10.82,1.743,2.585
actout_ctlfit,Q2022P,dominant_cluster_representative,0,0,4440,/homes/lkgyammerah/Molecular_Dynamics_analysis/dock/ROS1/q2022p_subset_receptors/actout_ctlfit/Q2022P/Q2022P_actout_ctlfit_dominant_cluster0_rep.pdb,/homes/lkgyammerah/Molecular_Dynamics_analysis/dock/ROS1/q2022p_vina/receptor_pdbqt/Q2022P_actout_ctlfit_dominant_cluster0_rep.pdbqt,zidesamtinib,/homes/lkgyammerah/Molecular_Dynamics_analysis/dock/ROS1/q2022p_vina/ligand_pdbqt/zidesamtinib.pdbqt,/homes/lkgyammerah/Molecular_Dynamics_analysis/dock/ROS1/q2022p_vina/configs/Q2022P_actout_ctlfit_dominant_cluster0_rep__zidesamtinib.txt,/homes/lkgyammerah/Molecular_Dynamics_analysis/dock/ROS1/q2022p_vina/vina_outputs/Q2022P_actout_ctlfit_dominant_cluster0_rep__zidesamtinib.pdbqt,/homes/lkgyammerah/Molecular_Dynamics_analysis/dock/ROS1/q2022p_vina/vina_logs/Q2022P_actout_ctlfit_dominant_cluster0_rep__zidesamtinib.log,16.0,-10.82,2.244,5.223
actout_ctlfit,Q2022P,dominant_cluster_representative,0,0,4440,/homes/lkgyammerah/Molecular_Dynamics_analysis/dock/ROS1/q2022p_subset_receptors/actout_ctlfit/Q2022P/Q2022P_actout_ctlfit_dominant_cluster0_rep.pdb,/homes/lkgyammerah/Molecular_Dynamics_analysis/dock/ROS1/q2022p_vina/receptor_pdbqt/Q2022P_actout_ctlfit_dominant_cluster0_rep.pdbqt,zidesamtinib,/homes/lkgyammerah/Molecular_Dynamics_analysis/dock/ROS1/q2022p_vina/ligand_pdbqt/zidesamtinib.pdbqt,/homes/lkgyammerah/Molecular_Dynamics_analysis/dock/ROS1/q2022p_vina/configs/Q2022P_actout_ctlfit_dominant_cluster0_rep__zidesamtinib.txt,/homes/lkgyammerah/Molecular_Dynamics_analysis/dock/ROS1/q2022p_vina/vina_outputs/Q2022P_actout_ctlfit_dominant_cluster0_rep__zidesamtinib.pdbqt,/homes/lkgyammerah/Molecular_Dynamics_analysis/dock/ROS1/q2022p_vina/vina_logs/Q2022P_actout_ctlfit_dominant_cluster0_rep__zidesamtinib.log,17.0,-10.65,2.422,5.038
actout_ctlfit,Q2022P,dominant_cluster_representative,0,0,4440,/homes/lkgyammerah/Molecular_Dynamics_analysis/dock/ROS1/q2022p_subset_receptors/actout_ctlfit/Q2022P/Q2022P_actout_ctlfit_dominant_cluster0_rep.pdb,/homes/lkgyammerah/Molecular_Dynamics_analysis/dock/ROS1/q2022p_vina/receptor_pdbqt/Q2022P_actout_ctlfit_dominant_cluster0_rep.pdbqt,zidesamtinib,/homes/lkgyammerah/Molecular_Dynamics_analysis/dock/ROS1/q2022p_vina/ligand_pdbqt/zidesamtinib.pdbqt,/homes/lkgyammerah/Molecular_Dynamics_analysis/dock/ROS1/q2022p_vina/configs/Q2022P_actout_ctlfit_dominant_cluster0_rep__zidesamtinib.txt,/homes/lkgyammerah/Molecular_Dynamics_analysis/dock/ROS1/q2022p_vina/vina_outputs/Q2022P_actout_ctlfit_dominant_cluster0_rep__zidesamtinib.pdbqt,/homes/lkgyammerah/Molecular_Dynamics_analysis/dock/ROS1/q2022p_vina/vina_logs/Q2022P_actout_ctlfit_dominant_cluster0_rep__zidesamtinib.log,18.0,-10.37,2.883,5.222
actout_ctlfit,Q2022P,dominant_cluster_representative,0,0,4440,/homes/lkgyammerah/Molecular_Dynamics_analysis/dock/ROS1/q2022p_subset_receptors/actout_ctlfit/Q2022P/Q2022P_actout_ctlfit_dominant_cluster0_rep.pdb,/homes/lkgyammerah/Molecular_Dynamics_analysis/dock/ROS1/q2022p_vina/receptor_pdbqt/Q2022P_actout_ctlfit_dominant_cluster0_rep.pdbqt,zidesamtinib,/homes/lkgyammerah/Molecular_Dynamics_analysis/dock/ROS1/q2022p_vina/ligand_pdbqt/zidesamtinib.pdbqt,/homes/lkgyammerah/Molecular_Dynamics_analysis/dock/ROS1/q2022p_vina/configs/Q2022P_actout_ctlfit_dominant_cluster0_rep__zidesamtinib.txt,/homes/lkgyammerah/Molecular_Dynamics_analysis/dock/ROS1/q2022p_vina/vina_outputs/Q2022P_actout_ctlfit_dominant_cluster0_rep__zidesamtinib.pdbqt,/homes/lkgyammerah/Molecular_Dynamics_analysis/dock/ROS1/q2022p_vina/vina_logs/Q2022P_actout_ctlfit_dominant_cluster0_rep__zidesamtinib.log,19.0,-9.985,2.623,4.658
actout_ctlfit,Q2022P_S1986F,dominant_cluster_representative,0,1,11250,/homes/lkgyammerah/Molecular_Dynamics_analysis/dock/ROS1/q2022p_subset_receptors/actout_ctlfit/Q2022P_S1986F/Q2022P_S1986F_actout_ctlfit_dominant_cluster0_rep.pdb,/homes/lkgyammerah/Molecular_Dynamics_analysis/dock/ROS1/q2022p_vina/receptor_pdbqt/Q2022P_S1986F_actout_ctlfit_dominant_cluster0_rep.pdbqt,crizotinib,/homes/lkgyammerah/Molecular_Dynamics_analysis/dock/ROS1/q2022p_vina/ligand_pdbqt/crizotinib.pdbqt,/homes/lkgyammerah/Molecular_Dynamics_analysis/dock/ROS1/q2022p_vina/configs/Q2022P_S1986F_actout_ctlfit_dominant_cluster0_rep__crizotinib.txt,/homes/lkgyammerah/Molecular_Dynamics_analysis/dock/ROS1/q2022p_vina/vina_outputs/Q2022P_S1986F_actout_ctlfit_dominant_cluster0_rep__crizotinib.pdbqt,/homes/lkgyammerah/Molecular_Dynamics_analysis/dock/ROS1/q2022p_vina/vina_logs/Q2022P_S1986F_actout_ctlfit_dominant_cluster0_rep__crizotinib.log,2.0,-6.353,0.807,1.842
actout_ctlfit,Q2022P_S1986F,dominant_cluster_representative,0,1,11250,/homes/lkgyammerah/Molecular_Dynamics_analysis/dock/ROS1/q2022p_subset_receptors/actout_ctlfit/Q2022P_S1986F/Q2022P_S1986F_actout_ctlfit_dominant_cluster0_rep.pdb,/homes/lkgyammerah/Molecular_Dynamics_analysis/dock/ROS1/q2022p_vina/receptor_pdbqt/Q2022P_S1986F_actout_ctlfit_dominant_cluster0_rep.pdbqt,crizotinib,/homes/lkgyammerah/Molecular_Dynamics_analysis/dock/ROS1/q2022p_vina/ligand_pdbqt/crizotinib.pdbqt,/homes/lkgyammerah/Molecular_Dynamics_analysis/dock/ROS1/q2022p_vina/configs/Q2022P_S1986F_actout_ctlfit_dominant_cluster0_rep__crizotinib.txt,/homes/lkgyammerah/Molecular_Dynamics_analysis/dock/ROS1/q2022p_vina/vina_outputs/Q2022P_S1986F_actout_ctlfit_dominant_cluster0_rep__crizotinib.pdbqt,/homes/lkgyammerah/Molecular_Dynamics_analysis/dock/ROS1/q2022p_vina/vina_logs/Q2022P_S1986F_actout_ctlfit_dominant_cluster0_rep__crizotinib.log,3.0,-6.041,4.808,9.367
actout_ctlfit,Q2022P_S1986F,dominant_cluster_representative,0,1,11250,/homes/lkgyammerah/Molecular_Dynamics_analysis/dock/ROS1/q2022p_subset_receptors/actout_ctlfit/Q2022P_S1986F/Q2022P_S1986F_actout_ctlfit_dominant_cluster0_rep.pdb,/homes/lkgyammerah/Molecular_Dynamics_analysis/dock/ROS1/q2022p_vina/receptor_pdbqt/Q2022P_S1986F_actout_ctlfit_dominant_cluster0_rep.pdbqt,crizotinib,/homes/lkgyammerah/Molecular_Dynamics_analysis/dock/ROS1/q2022p_vina/ligand_pdbqt/crizotinib.pdbqt,/homes/lkgyammerah/Molecular_Dynamics_analysis/dock/ROS1/q2022p_vina/configs/Q2022P_S1986F_actout_ctlfit_dominant_cluster0_rep__crizotinib.txt,/homes/lkgyammerah/Molecular_Dynamics_analysis/dock/ROS1/q2022p_vina/vina_outputs/Q2022P_S1986F_actout_ctlfit_dominant_cluster0_rep__crizotinib.pdbqt,/homes/lkgyammerah/Molecular_Dynamics_analysis/dock/ROS1/q2022p_vina/vina_logs/Q2022P_S1986F_actout_ctlfit_dominant_cluster0_rep__crizotinib.log,4.0,-5.882,4.434,7.484
actout_ctlfit,Q2022P_S1986F,dominant_cluster_representative,0,1,11250,/homes/lkgyammerah/Molecular_Dynamics_analysis/dock/ROS1/q2022p_subset_receptors/actout_ctlfit/Q2022P_S1986F/Q2022P_S1986F_actout_ctlfit_dominant_cluster0_rep.pdb,/homes/lkgyammerah/Molecular_Dynamics_analysis/dock/ROS1/q2022p_vina/receptor_pdbqt/Q2022P_S1986F_actout_ctlfit_dominant_cluster0_rep.pdbqt,crizotinib,/homes/lkgyammerah/Molecular_Dynamics_analysis/dock/ROS1/q2022p_vina/ligand_pdbqt/crizotinib.pdbqt,/homes/lkgyammerah/Molecular_Dynamics_analysis/dock/ROS1/q2022p_vina/configs/Q2022P_S1986F_actout_ctlfit_dominant_cluster0_rep__crizotinib.txt,/homes/lkgyammerah/Molecular_Dynamics_analysis/dock/ROS1/q2022p_vina/vina_outputs/Q2022P_S1986F_actout_ctlfit_dominant_cluster0_rep__crizotinib.pdbqt,/homes/lkgyammerah/Molecular_Dynamics_analysis/dock/ROS1/q2022p_vina/vina_logs/Q2022P_S1986F_actout_ctlfit_dominant_cluster0_rep__crizotinib.log,5.0,-5.838,4.224,5.803
actout_ctlfit,Q2022P_S1986F,dominant_cluster_representative,0,1,11250,/homes/lkgyammerah/Molecular_Dynamics_analysis/dock/ROS1/q2022p_subset_receptors/actout_ctlfit/Q2022P_S1986F/Q2022P_S1986F_actout_ctlfit_dominant_cluster0_rep.pdb,/homes/lkgyammerah/Molecular_Dynamics_analysis/dock/ROS1/q2022p_vina/receptor_pdbqt/Q2022P_S1986F_actout_ctlfit_dominant_cluster0_rep.pdbqt,crizotinib,/homes/lkgyammerah/Molecular_Dynamics_analysis/dock/ROS1/q2022p_vina/ligand_pdbqt/crizotinib.pdbqt,/homes/lkgyammerah/Molecular_Dynamics_analysis/dock/ROS1/q2022p_vina/configs/Q2022P_S1986F_actout_ctlfit_dominant_cluster0_rep__crizotinib.txt,/homes/lkgyammerah/Molecular_Dynamics_analysis/dock/ROS1/q2022p_vina/vina_outputs/Q2022P_S1986F_actout_ctlfit_dominant_cluster0_rep__crizotinib.pdbqt,/homes/lkgyammerah/Molecular_Dynamics_analysis/dock/ROS1/q2022p_vina/vina_logs/Q2022P_S1986F_actout_ctlfit_dominant_cluster0_rep__crizotinib.log,6.0,-5.745,4.567,6.361
actout_ctlfit,Q2022P_S1986F,dominant_cluster_representative,0,1,11250,/homes/lkgyammerah/Molecular_Dynamics_analysis/dock/ROS1/q2022p_subset_receptors/actout_ctlfit/Q2022P_S1986F/Q2022P_S1986F_actout_ctlfit_dominant_cluster0_rep.pdb,/homes/lkgyammerah/Molecular_Dynamics_analysis/dock/ROS1/q2022p_vina/receptor_pdbqt/Q2022P_S1986F_actout_ctlfit_dominant_cluster0_rep.pdbqt,crizotinib,/homes/lkgyammerah/Molecular_Dynamics_analysis/dock/ROS1/q2022p_vina/ligand_pdbqt/crizotinib.pdbqt,/homes/lkgyammerah/Molecular_Dynamics_analysis/dock/ROS1/q2022p_vina/configs/Q2022P_S1986F_actout_ctlfit_dominant_cluster0_rep__crizotinib.txt,/homes/lkgyammerah/Molecular_Dynamics_analysis/dock/ROS1/q2022p_vina/vina_outputs/Q2022P_S1986F_actout_ctlfit_dominant_cluster0_rep__crizotinib.pdbqt,/homes/lkgyammerah/Molecular_Dynamics_analysis/dock/ROS1/q2022p_vina/vina_logs/Q2022P_S1986F_actout_ctlfit_dominant_cluster0_rep__crizotinib.log,7.0,-5.721,5.411,8.427
actout_ctlfit,Q2022P_S1986F,dominant_cluster_representative,0,1,11250,/homes/lkgyammerah/Molecular_Dynamics_analysis/dock/ROS1/q2022p_subset_receptors/actout_ctlfit/Q2022P_S1986F/Q2022P_S1986F_actout_ctlfit_dominant_cluster0_rep.pdb,/homes/lkgyammerah/Molecular_Dynamics_analysis/dock/ROS1/q2022p_vina/receptor_pdbqt/Q2022P_S1986F_actout_ctlfit_dominant_cluster0_rep.pdbqt,crizotinib,/homes/lkgyammerah/Molecular_Dynamics_analysis/dock/ROS1/q2022p_vina/ligand_pdbqt/crizotinib.pdbqt,/homes/lkgyammerah/Molecular_Dynamics_analysis/dock/ROS1/q2022p_vina/configs/Q2022P_S1986F_actout_ctlfit_dominant_cluster0_rep__crizotinib.txt,/homes/lkgyammerah/Molecular_Dynamics_analysis/dock/ROS1/q2022p_vina/vina_outputs/Q2022P_S1986F_actout_ctlfit_dominant_cluster0_rep__crizotinib.pdbqt,/homes/lkgyammerah/Molecular_Dynamics_analysis/dock/ROS1/q2022p_vina/vina_logs/Q2022P_S1986F_actout_ctlfit_dominant_cluster0_rep__crizotinib.log,8.0,-5.717,4.316,7.913
actout_ctlfit,Q2022P_S1986F,dominant_cluster_representative,0,1,11250,/homes/lkgyammerah/Molecular_Dynamics_analysis/dock/ROS1/q2022p_subset_receptors/actout_ctlfit/Q2022P_S1986F/Q2022P_S1986F_actout_ctlfit_dominant_cluster0_rep.pdb,/homes/lkgyammerah/Molecular_Dynamics_analysis/dock/ROS1/q2022p_vina/receptor_pdbqt/Q2022P_S1986F_actout_ctlfit_dominant_cluster0_rep.pdbqt,crizotinib,/homes/lkgyammerah/Molecular_Dynamics_analysis/dock/ROS1/q2022p_vina/ligand_pdbqt/crizotinib.pdbqt,/homes/lkgyammerah/Molecular_Dynamics_analysis/dock/ROS1/q2022p_vina/configs/Q2022P_S1986F_actout_ctlfit_dominant_cluster0_rep__crizotinib.txt,/homes/lkgyammerah/Molecular_Dynamics_analysis/dock/ROS1/q2022p_vina/vina_outputs/Q2022P_S1986F_actout_ctlfit_dominant_cluster0_rep__crizotinib.pdbqt,/homes/lkgyammerah/Molecular_Dynamics_analysis/dock/ROS1/q2022p_vina/vina_logs/Q2022P_S1986F_actout_ctlfit_dominant_cluster0_rep__crizotinib.log,9.0,-5.713,5.407,9.817
actout_ctlfit,Q2022P_S1986F,dominant_cluster_representative,0,1,11250,/homes/lkgyammerah/Molecular_Dynamics_analysis/dock/ROS1/q2022p_subset_receptors/actout_ctlfit/Q2022P_S1986F/Q2022P_S1986F_actout_ctlfit_dominant_cluster0_rep.pdb,/homes/lkgyammerah/Molecular_Dynamics_analysis/dock/ROS1/q2022p_vina/receptor_pdbqt/Q2022P_S1986F_actout_ctlfit_dominant_cluster0_rep.pdbqt,crizotinib,/homes/lkgyammerah/Molecular_Dynamics_analysis/dock/ROS1/q2022p_vina/ligand_pdbqt/crizotinib.pdbqt,/homes/lkgyammerah/Molecular_Dynamics_analysis/dock/ROS1/q2022p_vina/configs/Q2022P_S1986F_actout_ctlfit_dominant_cluster0_rep__crizotinib.txt,/homes/lkgyammerah/Molecular_Dynamics_analysis/dock/ROS1/q2022p_vina/vina_outputs/Q2022P_S1986F_actout_ctlfit_dominant_cluster0_rep__crizotinib.pdbqt,/homes/lkgyammerah/Molecular_Dynamics_analysis/dock/ROS1/q2022p_vina/vina_logs/Q2022P_S1986F_actout_ctlfit_dominant_cluster0_rep__crizotinib.log,10.0,-5.627,5.027,9.423
actout_ctlfit,Q2022P_S1986F,dominant_cluster_representative,0,1,11250,/homes/lkgyammerah/Molecular_Dynamics_analysis/dock/ROS1/q2022p_subset_receptors/actout_ctlfit/Q2022P_S1986F/Q2022P_S1986F_actout_ctlfit_dominant_cluster0_rep.pdb,/homes/lkgyammerah/Molecular_Dynamics_analysis/dock/ROS1/q2022p_vina/receptor_pdbqt/Q2022P_S1986F_actout_ctlfit_dominant_cluster0_rep.pdbqt,crizotinib,/homes/lkgyammerah/Molecular_Dynamics_analysis/dock/ROS1/q2022p_vina/ligand_pdbqt/crizotinib.pdbqt,/homes/lkgyammerah/Molecular_Dynamics_analysis/dock/ROS1/q2022p_vina/configs/Q2022P_S1986F_actout_ctlfit_dominant_cluster0_rep__crizotinib.txt,/homes/lkgyammerah/Molecular_Dynamics_analysis/dock/ROS1/q2022p_vina/vina_outputs/Q2022P_S1986F_actout_ctlfit_dominant_cluster0_rep__crizotinib.pdbqt,/homes/lkgyammerah/Molecular_Dynamics_analysis/dock/ROS1/q2022p_vina/vina_logs/Q2022P_S1986F_actout_ctlfit_dominant_cluster0_rep__crizotinib.log,11.0,-5.623,5.057,7.908
actout_ctlfit,Q2022P_S1986F,dominant_cluster_representative,0,1,11250,/homes/lkgyammerah/Molecular_Dynamics_analysis/dock/ROS1/q2022p_subset_receptors/actout_ctlfit/Q2022P_S1986F/Q2022P_S1986F_actout_ctlfit_dominant_cluster0_rep.pdb,/homes/lkgyammerah/Molecular_Dynamics_analysis/dock/ROS1/q2022p_vina/receptor_pdbqt/Q2022P_S1986F_actout_ctlfit_dominant_cluster0_rep.pdbqt,crizotinib,/homes/lkgyammerah/Molecular_Dynamics_analysis/dock/ROS1/q2022p_vina/ligand_pdbqt/crizotinib.pdbqt,/homes/lkgyammerah/Molecular_Dynamics_analysis/dock/ROS1/q2022p_vina/configs/Q2022P_S1986F_actout_ctlfit_dominant_cluster0_rep__crizotinib.txt,/homes/lkgyammerah/Molecular_Dynamics_analysis/dock/ROS1/q2022p_vina/vina_outputs/Q2022P_S1986F_actout_ctlfit_dominant_cluster0_rep__crizotinib.pdbqt,/homes/lkgyammerah/Molecular_Dynamics_analysis/dock/ROS1/q2022p_vina/vina_logs/Q2022P_S1986F_actout_ctlfit_dominant_cluster0_rep__crizotinib.log,12.0,-5.588,4.474,7.987
actout_ctlfit,Q2022P_S1986F,dominant_cluster_representative,0,1,11250,/homes/lkgyammerah/Molecular_Dynamics_analysis/dock/ROS1/q2022p_subset_receptors/actout_ctlfit/Q2022P_S1986F/Q2022P_S1986F_actout_ctlfit_dominant_cluster0_rep.pdb,/homes/lkgyammerah/Molecular_Dynamics_analysis/dock/ROS1/q2022p_vina/receptor_pdbqt/Q2022P_S1986F_actout_ctlfit_dominant_cluster0_rep.pdbqt,crizotinib,/homes/lkgyammerah/Molecular_Dynamics_analysis/dock/ROS1/q2022p_vina/ligand_pdbqt/crizotinib.pdbqt,/homes/lkgyammerah/Molecular_Dynamics_analysis/dock/ROS1/q2022p_vina/configs/Q2022P_S1986F_actout_ctlfit_dominant_cluster0_rep__crizotinib.txt,/homes/lkgyammerah/Molecular_Dynamics_analysis/dock/ROS1/q2022p_vina/vina_outputs/Q2022P_S1986F_actout_ctlfit_dominant_cluster0_rep__crizotinib.pdbqt,/homes/lkgyammerah/Molecular_Dynamics_analysis/dock/ROS1/q2022p_vina/vina_logs/Q2022P_S1986F_actout_ctlfit_dominant_cluster0_rep__crizotinib.log,13.0,-5.555,4.3,8.149
actout_ctlfit,Q2022P_S1986F,dominant_cluster_representative,0,1,11250,/homes/lkgyammerah/Molecular_Dynamics_analysis/dock/ROS1/q2022p_subset_receptors/actout_ctlfit/Q2022P_S1986F/Q2022P_S1986F_actout_ctlfit_dominant_cluster0_rep.pdb,/homes/lkgyammerah/Molecular_Dynamics_analysis/dock/ROS1/q2022p_vina/receptor_pdbqt/Q2022P_S1986F_actout_ctlfit_dominant_cluster0_rep.pdbqt,crizotinib,/homes/lkgyammerah/Molecular_Dynamics_analysis/dock/ROS1/q2022p_vina/ligand_pdbqt/crizotinib.pdbqt,/homes/lkgyammerah/Molecular_Dynamics_analysis/dock/ROS1/q2022p_vina/configs/Q2022P_S1986F_actout_ctlfit_dominant_cluster0_rep__crizotinib.txt,/homes/lkgyammerah/Molecular_Dynamics_analysis/dock/ROS1/q2022p_vina/vina_outputs/Q2022P_S1986F_actout_ctlfit_dominant_cluster0_rep__crizotinib.pdbqt,/homes/lkgyammerah/Molecular_Dynamics_analysis/dock/ROS1/q2022p_vina/vina_logs/Q2022P_S1986F_actout_ctlfit_dominant_cluster0_rep__crizotinib.log,14.0,-5.522,3.98,5.576
actout_ctlfit,Q2022P_S1986F,dominant_cluster_representative,0,1,11250,/homes/lkgyammerah/Molecular_Dynamics_analysis/dock/ROS1/q2022p_subset_receptors/actout_ctlfit/Q2022P_S1986F/Q2022P_S1986F_actout_ctlfit_dominant_cluster0_rep.pdb,/homes/lkgyammerah/Molecular_Dynamics_analysis/dock/ROS1/q2022p_vina/receptor_pdbqt/Q2022P_S1986F_actout_ctlfit_dominant_cluster0_rep.pdbqt,crizotinib,/homes/lkgyammerah/Molecular_Dynamics_analysis/dock/ROS1/q2022p_vina/ligand_pdbqt/crizotinib.pdbqt,/homes/lkgyammerah/Molecular_Dynamics_analysis/dock/ROS1/q2022p_vina/configs/Q2022P_S1986F_actout_ctlfit_dominant_cluster0_rep__crizotinib.txt,/homes/lkgyammerah/Molecular_Dynamics_analysis/dock/ROS1/q2022p_vina/vina_outputs/Q2022P_S1986F_actout_ctlfit_dominant_cluster0_rep__crizotinib.pdbqt,/homes/lkgyammerah/Molecular_Dynamics_analysis/dock/ROS1/q2022p_vina/vina_logs/Q2022P_S1986F_actout_ctlfit_dominant_cluster0_rep__crizotinib.log,15.0,-5.393,4.381,8.13
actout_ctlfit,Q2022P_S1986F,dominant_cluster_representative,0,1,11250,/homes/lkgyammerah/Molecular_Dynamics_analysis/dock/ROS1/q2022p_subset_receptors/actout_ctlfit/Q2022P_S1986F/Q2022P_S1986F_actout_ctlfit_dominant_cluster0_rep.pdb,/homes/lkgyammerah/Molecular_Dynamics_analysis/dock/ROS1/q2022p_vina/receptor_pdbqt/Q2022P_S1986F_actout_ctlfit_dominant_cluster0_rep.pdbqt,crizotinib,/homes/lkgyammerah/Molecular_Dynamics_analysis/dock/ROS1/q2022p_vina/ligand_pdbqt/crizotinib.pdbqt,/homes/lkgyammerah/Molecular_Dynamics_analysis/dock/ROS1/q2022p_vina/configs/Q2022P_S1986F_actout_ctlfit_dominant_cluster0_rep__crizotinib.txt,/homes/lkgyammerah/Molecular_Dynamics_analysis/dock/ROS1/q2022p_vina/vina_outputs/Q2022P_S1986F_actout_ctlfit_dominant_cluster0_rep__crizotinib.pdbqt,/homes/lkgyammerah/Molecular_Dynamics_analysis/dock/ROS1/q2022p_vina/vina_logs/Q2022P_S1986F_actout_ctlfit_dominant_cluster0_rep__crizotinib.log,16.0,-5.384,7.636,11.64
actout_ctlfit,Q2022P_S1986F,dominant_cluster_representative,0,1,11250,/homes/lkgyammerah/Molecular_Dynamics_analysis/dock/ROS1/q2022p_subset_receptors/actout_ctlfit/Q2022P_S1986F/Q2022P_S1986F_actout_ctlfit_dominant_cluster0_rep.pdb,/homes/lkgyammerah/Molecular_Dynamics_analysis/dock/ROS1/q2022p_vina/receptor_pdbqt/Q2022P_S1986F_actout_ctlfit_dominant_cluster0_rep.pdbqt,crizotinib,/homes/lkgyammerah/Molecular_Dynamics_analysis/dock/ROS1/q2022p_vina/ligand_pdbqt/crizotinib.pdbqt,/homes/lkgyammerah/Molecular_Dynamics_analysis/dock/ROS1/q2022p_vina/configs/Q2022P_S1986F_actout_ctlfit_dominant_cluster0_rep__crizotinib.txt,/homes/lkgyammerah/Molecular_Dynamics_analysis/dock/ROS1/q2022p_vina/vina_outputs/Q2022P_S1986F_actout_ctlfit_dominant_cluster0_rep__crizotinib.pdbqt,/homes/lkgyammerah/Molecular_Dynamics_analysis/dock/ROS1/q2022p_vina/vina_logs/Q2022P_S1986F_actout_ctlfit_dominant_cluster0_rep__crizotinib.log,17.0,-5.29,5.139,8.232
actout_ctlfit,Q2022P_S1986F,dominant_cluster_representative,0,1,11250,/homes/lkgyammerah/Molecular_Dynamics_analysis/dock/ROS1/q2022p_subset_receptors/actout_ctlfit/Q2022P_S1986F/Q2022P_S1986F_actout_ctlfit_dominant_cluster0_rep.pdb,/homes/lkgyammerah/Molecular_Dynamics_analysis/dock/ROS1/q2022p_vina/receptor_pdbqt/Q2022P_S1986F_actout_ctlfit_dominant_cluster0_rep.pdbqt,crizotinib,/homes/lkgyammerah/Molecular_Dynamics_analysis/dock/ROS1/q2022p_vina/ligand_pdbqt/crizotinib.pdbqt,/homes/lkgyammerah/Molecular_Dynamics_analysis/dock/ROS1/q2022p_vina/configs/Q2022P_S1986F_actout_ctlfit_dominant_cluster0_rep__crizotinib.txt,/homes/lkgyammerah/Molecular_Dynamics_analysis/dock/ROS1/q2022p_vina/vina_outputs/Q2022P_S1986F_actout_ctlfit_dominant_cluster0_rep__crizotinib.pdbqt,/homes/lkgyammerah/Molecular_Dynamics_analysis/dock/ROS1/q2022p_vina/vina_logs/Q2022P_S1986F_actout_ctlfit_dominant_cluster0_rep__crizotinib.log,18.0,-5.274,2.922,3.845
actout_ctlfit,Q2022P_S1986F,dominant_cluster_representative,0,1,11250,/homes/lkgyammerah/Molecular_Dynamics_analysis/dock/ROS1/q2022p_subset_receptors/actout_ctlfit/Q2022P_S1986F/Q2022P_S1986F_actout_ctlfit_dominant_cluster0_rep.pdb,/homes/lkgyammerah/Molecular_Dynamics_analysis/dock/ROS1/q2022p_vina/receptor_pdbqt/Q2022P_S1986F_actout_ctlfit_dominant_cluster0_rep.pdbqt,crizotinib,/homes/lkgyammerah/Molecular_Dynamics_analysis/dock/ROS1/q2022p_vina/ligand_pdbqt/crizotinib.pdbqt,/homes/lkgyammerah/Molecular_Dynamics_analysis/dock/ROS1/q2022p_vina/configs/Q2022P_S1986F_actout_ctlfit_dominant_cluster0_rep__crizotinib.txt,/homes/lkgyammerah/Molecular_Dynamics_analysis/dock/ROS1/q2022p_vina/vina_outputs/Q2022P_S1986F_actout_ctlfit_dominant_cluster0_rep__crizotinib.pdbqt,/homes/lkgyammerah/Molecular_Dynamics_analysis/dock/ROS1/q2022p_vina/vina_logs/Q2022P_S1986F_actout_ctlfit_dominant_cluster0_rep__crizotinib.log,19.0,-5.268,1.982,2.721
actout_ctlfit,Q2022P_S1986F,dominant_cluster_representative,0,1,11250,/homes/lkgyammerah/Molecular_Dynamics_analysis/dock/ROS1/q2022p_subset_receptors/actout_ctlfit/Q2022P_S1986F/Q2022P_S1986F_actout_ctlfit_dominant_cluster0_rep.pdb,/homes/lkgyammerah/Molecular_Dynamics_analysis/dock/ROS1/q2022p_vina/receptor_pdbqt/Q2022P_S1986F_actout_ctlfit_dominant_cluster0_rep.pdbqt,crizotinib,/homes/lkgyammerah/Molecular_Dynamics_analysis/dock/ROS1/q2022p_vina/ligand_pdbqt/crizotinib.pdbqt,/homes/lkgyammerah/Molecular_Dynamics_analysis/dock/ROS1/q2022p_vina/configs/Q2022P_S1986F_actout_ctlfit_dominant_cluster0_rep__crizotinib.txt,/homes/lkgyammerah/Molecular_Dynamics_analysis/dock/ROS1/q2022p_vina/vina_outputs/Q2022P_S1986F_actout_ctlfit_dominant_cluster0_rep__crizotinib.pdbqt,/homes/lkgyammerah/Molecular_Dynamics_analysis/dock/ROS1/q2022p_vina/vina_logs/Q2022P_S1986F_actout_ctlfit_dominant_cluster0_rep__crizotinib.log,20.0,-5.218,4.986,9.144
actout_ctlfit,Q2022P_S1986F,dominant_cluster_representative,0,1,11250,/homes/lkgyammerah/Molecular_Dynamics_analysis/dock/ROS1/q2022p_subset_receptors/actout_ctlfit/Q2022P_S1986F/Q2022P_S1986F_actout_ctlfit_dominant_cluster0_rep.pdb,/homes/lkgyammerah/Molecular_Dynamics_analysis/dock/ROS1/q2022p_vina/receptor_pdbqt/Q2022P_S1986F_actout_ctlfit_dominant_cluster0_rep.pdbqt,ceritinib,/homes/lkgyammerah/Molecular_Dynamics_analysis/dock/ROS1/q2022p_vina/ligand_pdbqt/ceritinib.pdbqt,/homes/lkgyammerah/Molecular_Dynamics_analysis/dock/ROS1/q2022p_vina/configs/Q2022P_S1986F_actout_ctlfit_dominant_cluster0_rep__ceritinib.txt,/homes/lkgyammerah/Molecular_Dynamics_analysis/dock/ROS1/q2022p_vina/vina_outputs/Q2022P_S1986F_actout_ctlfit_dominant_cluster0_rep__ceritinib.pdbqt,/homes/lkgyammerah/Molecular_Dynamics_analysis/dock/ROS1/q2022p_vina/vina_logs/Q2022P_S1986F_actout_ctlfit_dominant_cluster0_rep__ceritinib.log,2.0,-6.217,2.235,3.639
actout_ctlfit,Q2022P_S1986F,dominant_cluster_representative,0,1,11250,/homes/lkgyammerah/Molecular_Dynamics_analysis/dock/ROS1/q2022p_subset_receptors/actout_ctlfit/Q2022P_S1986F/Q2022P_S1986F_actout_ctlfit_dominant_cluster0_rep.pdb,/homes/lkgyammerah/Molecular_Dynamics_analysis/dock/ROS1/q2022p_vina/receptor_pdbqt/Q2022P_S1986F_actout_ctlfit_dominant_cluster0_rep.pdbqt,ceritinib,/homes/lkgyammerah/Molecular_Dynamics_analysis/dock/ROS1/q2022p_vina/ligand_pdbqt/ceritinib.pdbqt,/homes/lkgyammerah/Molecular_Dynamics_analysis/dock/ROS1/q2022p_vina/configs/Q2022P_S1986F_actout_ctlfit_dominant_cluster0_rep__ceritinib.txt,/homes/lkgyammerah/Molecular_Dynamics_analysis/dock/ROS1/q2022p_vina/vina_outputs/Q2022P_S1986F_actout_ctlfit_dominant_cluster0_rep__ceritinib.pdbqt,/homes/lkgyammerah/Molecular_Dynamics_analysis/dock/ROS1/q2022p_vina/vina_logs/Q2022P_S1986F_actout_ctlfit_dominant_cluster0_rep__ceritinib.log,3.0,-6.166,2.111,3.667
actout_ctlfit,Q2022P_S1986F,dominant_cluster_representative,0,1,11250,/homes/lkgyammerah/Molecular_Dynamics_analysis/dock/ROS1/q2022p_subset_receptors/actout_ctlfit/Q2022P_S1986F/Q2022P_S1986F_actout_ctlfit_dominant_cluster0_rep.pdb,/homes/lkgyammerah/Molecular_Dynamics_analysis/dock/ROS1/q2022p_vina/receptor_pdbqt/Q2022P_S1986F_actout_ctlfit_dominant_cluster0_rep.pdbqt,ceritinib,/homes/lkgyammerah/Molecular_Dynamics_analysis/dock/ROS1/q2022p_vina/ligand_pdbqt/ceritinib.pdbqt,/homes/lkgyammerah/Molecular_Dynamics_analysis/dock/ROS1/q2022p_vina/configs/Q2022P_S1986F_actout_ctlfit_dominant_cluster0_rep__ceritinib.txt,/homes/lkgyammerah/Molecular_Dynamics_analysis/dock/ROS1/q2022p_vina/vina_outputs/Q2022P_S1986F_actout_ctlfit_dominant_cluster0_rep__ceritinib.pdbqt,/homes/lkgyammerah/Molecular_Dynamics_analysis/dock/ROS1/q2022p_vina/vina_logs/Q2022P_S1986F_actout_ctlfit_dominant_cluster0_rep__ceritinib.log,4.0,-6.16,1.948,3.49
actout_ctlfit,Q2022P_S1986F,dominant_cluster_representative,0,1,11250,/homes/lkgyammerah/Molecular_Dynamics_analysis/dock/ROS1/q2022p_subset_receptors/actout_ctlfit/Q2022P_S1986F/Q2022P_S1986F_actout_ctlfit_dominant_cluster0_rep.pdb,/homes/lkgyammerah/Molecular_Dynamics_analysis/dock/ROS1/q2022p_vina/receptor_pdbqt/Q2022P_S1986F_actout_ctlfit_dominant_cluster0_rep.pdbqt,ceritinib,/homes/lkgyammerah/Molecular_Dynamics_analysis/dock/ROS1/q2022p_vina/ligand_pdbqt/ceritinib.pdbqt,/homes/lkgyammerah/Molecular_Dynamics_analysis/dock/ROS1/q2022p_vina/configs/Q2022P_S1986F_actout_ctlfit_dominant_cluster0_rep__ceritinib.txt,/homes/lkgyammerah/Molecular_Dynamics_analysis/dock/ROS1/q2022p_vina/vina_outputs/Q2022P_S1986F_actout_ctlfit_dominant_cluster0_rep__ceritinib.pdbqt,/homes/lkgyammerah/Molecular_Dynamics_analysis/dock/ROS1/q2022p_vina/vina_logs/Q2022P_S1986F_actout_ctlfit_dominant_cluster0_rep__ceritinib.log,5.0,-5.995,2.345,3.614
actout_ctlfit,Q2022P_S1986F,dominant_cluster_representative,0,1,11250,/homes/lkgyammerah/Molecular_Dynamics_analysis/dock/ROS1/q2022p_subset_receptors/actout_ctlfit/Q2022P_S1986F/Q2022P_S1986F_actout_ctlfit_dominant_cluster0_rep.pdb,/homes/lkgyammerah/Molecular_Dynamics_analysis/dock/ROS1/q2022p_vina/receptor_pdbqt/Q2022P_S1986F_actout_ctlfit_dominant_cluster0_rep.pdbqt,ceritinib,/homes/lkgyammerah/Molecular_Dynamics_analysis/dock/ROS1/q2022p_vina/ligand_pdbqt/ceritinib.pdbqt,/homes/lkgyammerah/Molecular_Dynamics_analysis/dock/ROS1/q2022p_vina/configs/Q2022P_S1986F_actout_ctlfit_dominant_cluster0_rep__ceritinib.txt,/homes/lkgyammerah/Molecular_Dynamics_analysis/dock/ROS1/q2022p_vina/vina_outputs/Q2022P_S1986F_actout_ctlfit_dominant_cluster0_rep__ceritinib.pdbqt,/homes/lkgyammerah/Molecular_Dynamics_analysis/dock/ROS1/q2022p_vina/vina_logs/Q2022P_S1986F_actout_ctlfit_dominant_cluster0_rep__ceritinib.log,6.0,-5.949,3.292,6.081
actout_ctlfit,Q2022P_S1986F,dominant_cluster_representative,0,1,11250,/homes/lkgyammerah/Molecular_Dynamics_analysis/dock/ROS1/q2022p_subset_receptors/actout_ctlfit/Q2022P_S1986F/Q2022P_S1986F_actout_ctlfit_dominant_cluster0_rep.pdb,/homes/lkgyammerah/Molecular_Dynamics_analysis/dock/ROS1/q2022p_vina/receptor_pdbqt/Q2022P_S1986F_actout_ctlfit_dominant_cluster0_rep.pdbqt,ceritinib,/homes/lkgyammerah/Molecular_Dynamics_analysis/dock/ROS1/q2022p_vina/ligand_pdbqt/ceritinib.pdbqt,/homes/lkgyammerah/Molecular_Dynamics_analysis/dock/ROS1/q2022p_vina/configs/Q2022P_S1986F_actout_ctlfit_dominant_cluster0_rep__ceritinib.txt,/homes/lkgyammerah/Molecular_Dynamics_analysis/dock/ROS1/q2022p_vina/vina_outputs/Q2022P_S1986F_actout_ctlfit_dominant_cluster0_rep__ceritinib.pdbqt,/homes/lkgyammerah/Molecular_Dynamics_analysis/dock/ROS1/q2022p_vina/vina_logs/Q2022P_S1986F_actout_ctlfit_dominant_cluster0_rep__ceritinib.log,7.0,-5.933,5.539,7.447
actout_ctlfit,Q2022P_S1986F,dominant_cluster_representative,0,1,11250,/homes/lkgyammerah/Molecular_Dynamics_analysis/dock/ROS1/q2022p_subset_receptors/actout_ctlfit/Q2022P_S1986F/Q2022P_S1986F_actout_ctlfit_dominant_cluster0_rep.pdb,/homes/lkgyammerah/Molecular_Dynamics_analysis/dock/ROS1/q2022p_vina/receptor_pdbqt/Q2022P_S1986F_actout_ctlfit_dominant_cluster0_rep.pdbqt,ceritinib,/homes/lkgyammerah/Molecular_Dynamics_analysis/dock/ROS1/q2022p_vina/ligand_pdbqt/ceritinib.pdbqt,/homes/lkgyammerah/Molecular_Dynamics_analysis/dock/ROS1/q2022p_vina/configs/Q2022P_S1986F_actout_ctlfit_dominant_cluster0_rep__ceritinib.txt,/homes/lkgyammerah/Molecular_Dynamics_analysis/dock/ROS1/q2022p_vina/vina_outputs/Q2022P_S1986F_actout_ctlfit_dominant_cluster0_rep__ceritinib.pdbqt,/homes/lkgyammerah/Molecular_Dynamics_analysis/dock/ROS1/q2022p_vina/vina_logs/Q2022P_S1986F_actout_ctlfit_dominant_cluster0_rep__ceritinib.log,8.0,-5.882,3.756,7.394
actout_ctlfit,Q2022P_S1986F,dominant_cluster_representative,0,1,11250,/homes/lkgyammerah/Molecular_Dynamics_analysis/dock/ROS1/q2022p_subset_receptors/actout_ctlfit/Q2022P_S1986F/Q2022P_S1986F_actout_ctlfit_dominant_cluster0_rep.pdb,/homes/lkgyammerah/Molecular_Dynamics_analysis/dock/ROS1/q2022p_vina/receptor_pdbqt/Q2022P_S1986F_actout_ctlfit_dominant_cluster0_rep.pdbqt,ceritinib,/homes/lkgyammerah/Molecular_Dynamics_analysis/dock/ROS1/q2022p_vina/ligand_pdbqt/ceritinib.pdbqt,/homes/lkgyammerah/Molecular_Dynamics_analysis/dock/ROS1/q2022p_vina/configs/Q2022P_S1986F_actout_ctlfit_dominant_cluster0_rep__ceritinib.txt,/homes/lkgyammerah/Molecular_Dynamics_analysis/dock/ROS1/q2022p_vina/vina_outputs/Q2022P_S1986F_actout_ctlfit_dominant_cluster0_rep__ceritinib.pdbqt,/homes/lkgyammerah/Molecular_Dynamics_analysis/dock/ROS1/q2022p_vina/vina_logs/Q2022P_S1986F_actout_ctlfit_dominant_cluster0_rep__ceritinib.log,9.0,-5.873,1.943,2.536
actout_ctlfit,Q2022P_S1986F,dominant_cluster_representative,0,1,11250,/homes/lkgyammerah/Molecular_Dynamics_analysis/dock/ROS1/q2022p_subset_receptors/actout_ctlfit/Q2022P_S1986F/Q2022P_S1986F_actout_ctlfit_dominant_cluster0_rep.pdb,/homes/lkgyammerah/Molecular_Dynamics_analysis/dock/ROS1/q2022p_vina/receptor_pdbqt/Q2022P_S1986F_actout_ctlfit_dominant_cluster0_rep.pdbqt,ceritinib,/homes/lkgyammerah/Molecular_Dynamics_analysis/dock/ROS1/q2022p_vina/ligand_pdbqt/ceritinib.pdbqt,/homes/lkgyammerah/Molecular_Dynamics_analysis/dock/ROS1/q2022p_vina/configs/Q2022P_S1986F_actout_ctlfit_dominant_cluster0_rep__ceritinib.txt,/homes/lkgyammerah/Molecular_Dynamics_analysis/dock/ROS1/q2022p_vina/vina_outputs/Q2022P_S1986F_actout_ctlfit_dominant_cluster0_rep__ceritinib.pdbqt,/homes/lkgyammerah/Molecular_Dynamics_analysis/dock/ROS1/q2022p_vina/vina_logs/Q2022P_S1986F_actout_ctlfit_dominant_cluster0_rep__ceritinib.log,10.0,-5.863,2.809,5.206
actout_ctlfit,Q2022P_S1986F,dominant_cluster_representative,0,1,11250,/homes/lkgyammerah/Molecular_Dynamics_analysis/dock/ROS1/q2022p_subset_receptors/actout_ctlfit/Q2022P_S1986F/Q2022P_S1986F_actout_ctlfit_dominant_cluster0_rep.pdb,/homes/lkgyammerah/Molecular_Dynamics_analysis/dock/ROS1/q2022p_vina/receptor_pdbqt/Q2022P_S1986F_actout_ctlfit_dominant_cluster0_rep.pdbqt,ceritinib,/homes/lkgyammerah/Molecular_Dynamics_analysis/dock/ROS1/q2022p_vina/ligand_pdbqt/ceritinib.pdbqt,/homes/lkgyammerah/Molecular_Dynamics_analysis/dock/ROS1/q2022p_vina/configs/Q2022P_S1986F_actout_ctlfit_dominant_cluster0_rep__ceritinib.txt,/homes/lkgyammerah/Molecular_Dynamics_analysis/dock/ROS1/q2022p_vina/vina_outputs/Q2022P_S1986F_actout_ctlfit_dominant_cluster0_rep__ceritinib.pdbqt,/homes/lkgyammerah/Molecular_Dynamics_analysis/dock/ROS1/q2022p_vina/vina_logs/Q2022P_S1986F_actout_ctlfit_dominant_cluster0_rep__ceritinib.log,11.0,-5.837,3.541,5.033
actout_ctlfit,Q2022P_S1986F,dominant_cluster_representative,0,1,11250,/homes/lkgyammerah/Molecular_Dynamics_analysis/dock/ROS1/q2022p_subset_receptors/actout_ctlfit/Q2022P_S1986F/Q2022P_S1986F_actout_ctlfit_dominant_cluster0_rep.pdb,/homes/lkgyammerah/Molecular_Dynamics_analysis/dock/ROS1/q2022p_vina/receptor_pdbqt/Q2022P_S1986F_actout_ctlfit_dominant_cluster0_rep.pdbqt,ceritinib,/homes/lkgyammerah/Molecular_Dynamics_analysis/dock/ROS1/q2022p_vina/ligand_pdbqt/ceritinib.pdbqt,/homes/lkgyammerah/Molecular_Dynamics_analysis/dock/ROS1/q2022p_vina/configs/Q2022P_S1986F_actout_ctlfit_dominant_cluster0_rep__ceritinib.txt,/homes/lkgyammerah/Molecular_Dynamics_analysis/dock/ROS1/q2022p_vina/vina_outputs/Q2022P_S1986F_actout_ctlfit_dominant_cluster0_rep__ceritinib.pdbqt,/homes/lkgyammerah/Molecular_Dynamics_analysis/dock/ROS1/q2022p_vina/vina_logs/Q2022P_S1986F_actout_ctlfit_dominant_cluster0_rep__ceritinib.log,12.0,-5.835,7.846,10.98
actout_ctlfit,Q2022P_S1986F,dominant_cluster_representative,0,1,11250,/homes/lkgyammerah/Molecular_Dynamics_analysis/dock/ROS1/q2022p_subset_receptors/actout_ctlfit/Q2022P_S1986F/Q2022P_S1986F_actout_ctlfit_dominant_cluster0_rep.pdb,/homes/lkgyammerah/Molecular_Dynamics_analysis/dock/ROS1/q2022p_vina/receptor_pdbqt/Q2022P_S1986F_actout_ctlfit_dominant_cluster0_rep.pdbqt,ceritinib,/homes/lkgyammerah/Molecular_Dynamics_analysis/dock/ROS1/q2022p_vina/ligand_pdbqt/ceritinib.pdbqt,/homes/lkgyammerah/Molecular_Dynamics_analysis/dock/ROS1/q2022p_vina/configs/Q2022P_S1986F_actout_ctlfit_dominant_cluster0_rep__ceritinib.txt,/homes/lkgyammerah/Molecular_Dynamics_analysis/dock/ROS1/q2022p_vina/vina_outputs/Q2022P_S1986F_actout_ctlfit_dominant_cluster0_rep__ceritinib.pdbqt,/homes/lkgyammerah/Molecular_Dynamics_analysis/dock/ROS1/q2022p_vina/vina_logs/Q2022P_S1986F_actout_ctlfit_dominant_cluster0_rep__ceritinib.log,13.0,-5.751,3.858,5.725
actout_ctlfit,Q2022P_S1986F,dominant_cluster_representative,0,1,11250,/homes/lkgyammerah/Molecular_Dynamics_analysis/dock/ROS1/q2022p_subset_receptors/actout_ctlfit/Q2022P_S1986F/Q2022P_S1986F_actout_ctlfit_dominant_cluster0_rep.pdb,/homes/lkgyammerah/Molecular_Dynamics_analysis/dock/ROS1/q2022p_vina/receptor_pdbqt/Q2022P_S1986F_actout_ctlfit_dominant_cluster0_rep.pdbqt,ceritinib,/homes/lkgyammerah/Molecular_Dynamics_analysis/dock/ROS1/q2022p_vina/ligand_pdbqt/ceritinib.pdbqt,/homes/lkgyammerah/Molecular_Dynamics_analysis/dock/ROS1/q2022p_vina/configs/Q2022P_S1986F_actout_ctlfit_dominant_cluster0_rep__ceritinib.txt,/homes/lkgyammerah/Molecular_Dynamics_analysis/dock/ROS1/q2022p_vina/vina_outputs/Q2022P_S1986F_actout_ctlfit_dominant_cluster0_rep__ceritinib.pdbqt,/homes/lkgyammerah/Molecular_Dynamics_analysis/dock/ROS1/q2022p_vina/vina_logs/Q2022P_S1986F_actout_ctlfit_dominant_cluster0_rep__ceritinib.log,14.0,-5.749,1.851,3.241
actout_ctlfit,Q2022P_S1986F,dominant_cluster_representative,0,1,11250,/homes/lkgyammerah/Molecular_Dynamics_analysis/dock/ROS1/q2022p_subset_receptors/actout_ctlfit/Q2022P_S1986F/Q2022P_S1986F_actout_ctlfit_dominant_cluster0_rep.pdb,/homes/lkgyammerah/Molecular_Dynamics_analysis/dock/ROS1/q2022p_vina/receptor_pdbqt/Q2022P_S1986F_actout_ctlfit_dominant_cluster0_rep.pdbqt,ceritinib,/homes/lkgyammerah/Molecular_Dynamics_analysis/dock/ROS1/q2022p_vina/ligand_pdbqt/ceritinib.pdbqt,/homes/lkgyammerah/Molecular_Dynamics_analysis/dock/ROS1/q2022p_vina/configs/Q2022P_S1986F_actout_ctlfit_dominant_cluster0_rep__ceritinib.txt,/homes/lkgyammerah/Molecular_Dynamics_analysis/dock/ROS1/q2022p_vina/vina_outputs/Q2022P_S1986F_actout_ctlfit_dominant_cluster0_rep__ceritinib.pdbqt,/homes/lkgyammerah/Molecular_Dynamics_analysis/dock/ROS1/q2022p_vina/vina_logs/Q2022P_S1986F_actout_ctlfit_dominant_cluster0_rep__ceritinib.log,15.0,-5.717,3.257,6.175
actout_ctlfit,Q2022P_S1986F,dominant_cluster_representative,0,1,11250,/homes/lkgyammerah/Molecular_Dynamics_analysis/dock/ROS1/q2022p_subset_receptors/actout_ctlfit/Q2022P_S1986F/Q2022P_S1986F_actout_ctlfit_dominant_cluster0_rep.pdb,/homes/lkgyammerah/Molecular_Dynamics_analysis/dock/ROS1/q2022p_vina/receptor_pdbqt/Q2022P_S1986F_actout_ctlfit_dominant_cluster0_rep.pdbqt,ceritinib,/homes/lkgyammerah/Molecular_Dynamics_analysis/dock/ROS1/q2022p_vina/ligand_pdbqt/ceritinib.pdbqt,/homes/lkgyammerah/Molecular_Dynamics_analysis/dock/ROS1/q2022p_vina/configs/Q2022P_S1986F_actout_ctlfit_dominant_cluster0_rep__ceritinib.txt,/homes/lkgyammerah/Molecular_Dynamics_analysis/dock/ROS1/q2022p_vina/vina_outputs/Q2022P_S1986F_actout_ctlfit_dominant_cluster0_rep__ceritinib.pdbqt,/homes/lkgyammerah/Molecular_Dynamics_analysis/dock/ROS1/q2022p_vina/vina_logs/Q2022P_S1986F_actout_ctlfit_dominant_cluster0_rep__ceritinib.log,16.0,-5.705,4.355,7.666
actout_ctlfit,Q2022P_S1986F,dominant_cluster_representative,0,1,11250,/homes/lkgyammerah/Molecular_Dynamics_analysis/dock/ROS1/q2022p_subset_receptors/actout_ctlfit/Q2022P_S1986F/Q2022P_S1986F_actout_ctlfit_dominant_cluster0_rep.pdb,/homes/lkgyammerah/Molecular_Dynamics_analysis/dock/ROS1/q2022p_vina/receptor_pdbqt/Q2022P_S1986F_actout_ctlfit_dominant_cluster0_rep.pdbqt,ceritinib,/homes/lkgyammerah/Molecular_Dynamics_analysis/dock/ROS1/q2022p_vina/ligand_pdbqt/ceritinib.pdbqt,/homes/lkgyammerah/Molecular_Dynamics_analysis/dock/ROS1/q2022p_vina/configs/Q2022P_S1986F_actout_ctlfit_dominant_cluster0_rep__ceritinib.txt,/homes/lkgyammerah/Molecular_Dynamics_analysis/dock/ROS1/q2022p_vina/vina_outputs/Q2022P_S1986F_actout_ctlfit_dominant_cluster0_rep__ceritinib.pdbqt,/homes/lkgyammerah/Molecular_Dynamics_analysis/dock/ROS1/q2022p_vina/vina_logs/Q2022P_S1986F_actout_ctlfit_dominant_cluster0_rep__ceritinib.log,17.0,-5.698,2.03,3.96
actout_ctlfit,Q2022P_S1986F,dominant_cluster_representative,0,1,11250,/homes/lkgyammerah/Molecular_Dynamics_analysis/dock/ROS1/q2022p_subset_receptors/actout_ctlfit/Q2022P_S1986F/Q2022P_S1986F_actout_ctlfit_dominant_cluster0_rep.pdb,/homes/lkgyammerah/Molecular_Dynamics_analysis/dock/ROS1/q2022p_vina/receptor_pdbqt/Q2022P_S1986F_actout_ctlfit_dominant_cluster0_rep.pdbqt,ceritinib,/homes/lkgyammerah/Molecular_Dynamics_analysis/dock/ROS1/q2022p_vina/ligand_pdbqt/ceritinib.pdbqt,/homes/lkgyammerah/Molecular_Dynamics_analysis/dock/ROS1/q2022p_vina/configs/Q2022P_S1986F_actout_ctlfit_dominant_cluster0_rep__ceritinib.txt,/homes/lkgyammerah/Molecular_Dynamics_analysis/dock/ROS1/q2022p_vina/vina_outputs/Q2022P_S1986F_actout_ctlfit_dominant_cluster0_rep__ceritinib.pdbqt,/homes/lkgyammerah/Molecular_Dynamics_analysis/dock/ROS1/q2022p_vina/vina_logs/Q2022P_S1986F_actout_ctlfit_dominant_cluster0_rep__ceritinib.log,18.0,-5.654,2.67,5.428
actout_ctlfit,Q2022P_S1986F,dominant_cluster_representative,0,1,11250,/homes/lkgyammerah/Molecular_Dynamics_analysis/dock/ROS1/q2022p_subset_receptors/actout_ctlfit/Q2022P_S1986F/Q2022P_S1986F_actout_ctlfit_dominant_cluster0_rep.pdb,/homes/lkgyammerah/Molecular_Dynamics_analysis/dock/ROS1/q2022p_vina/receptor_pdbqt/Q2022P_S1986F_actout_ctlfit_dominant_cluster0_rep.pdbqt,ceritinib,/homes/lkgyammerah/Molecular_Dynamics_analysis/dock/ROS1/q2022p_vina/ligand_pdbqt/ceritinib.pdbqt,/homes/lkgyammerah/Molecular_Dynamics_analysis/dock/ROS1/q2022p_vina/configs/Q2022P_S1986F_actout_ctlfit_dominant_cluster0_rep__ceritinib.txt,/homes/lkgyammerah/Molecular_Dynamics_analysis/dock/ROS1/q2022p_vina/vina_outputs/Q2022P_S1986F_actout_ctlfit_dominant_cluster0_rep__ceritinib.pdbqt,/homes/lkgyammerah/Molecular_Dynamics_analysis/dock/ROS1/q2022p_vina/vina_logs/Q2022P_S1986F_actout_ctlfit_dominant_cluster0_rep__ceritinib.log,19.0,-5.65,1.895,2.635
actout_ctlfit,Q2022P_S1986F,dominant_cluster_representative,0,1,11250,/homes/lkgyammerah/Molecular_Dynamics_analysis/dock/ROS1/q2022p_subset_receptors/actout_ctlfit/Q2022P_S1986F/Q2022P_S1986F_actout_ctlfit_dominant_cluster0_rep.pdb,/homes/lkgyammerah/Molecular_Dynamics_analysis/dock/ROS1/q2022p_vina/receptor_pdbqt/Q2022P_S1986F_actout_ctlfit_dominant_cluster0_rep.pdbqt,lorlatinib,/homes/lkgyammerah/Molecular_Dynamics_analysis/dock/ROS1/q2022p_vina/ligand_pdbqt/lorlatinib.pdbqt,/homes/lkgyammerah/Molecular_Dynamics_analysis/dock/ROS1/q2022p_vina/configs/Q2022P_S1986F_actout_ctlfit_dominant_cluster0_rep__lorlatinib.txt,/homes/lkgyammerah/Molecular_Dynamics_analysis/dock/ROS1/q2022p_vina/vina_outputs/Q2022P_S1986F_actout_ctlfit_dominant_cluster0_rep__lorlatinib.pdbqt,/homes/lkgyammerah/Molecular_Dynamics_analysis/dock/ROS1/q2022p_vina/vina_logs/Q2022P_S1986F_actout_ctlfit_dominant_cluster0_rep__lorlatinib.log,2.0,-6.13,2.757,5.514
actout_ctlfit,Q2022P_S1986F,dominant_cluster_representative,0,1,11250,/homes/lkgyammerah/Molecular_Dynamics_analysis/dock/ROS1/q2022p_subset_receptors/actout_ctlfit/Q2022P_S1986F/Q2022P_S1986F_actout_ctlfit_dominant_cluster0_rep.pdb,/homes/lkgyammerah/Molecular_Dynamics_analysis/dock/ROS1/q2022p_vina/receptor_pdbqt/Q2022P_S1986F_actout_ctlfit_dominant_cluster0_rep.pdbqt,lorlatinib,/homes/lkgyammerah/Molecular_Dynamics_analysis/dock/ROS1/q2022p_vina/ligand_pdbqt/lorlatinib.pdbqt,/homes/lkgyammerah/Molecular_Dynamics_analysis/dock/ROS1/q2022p_vina/configs/Q2022P_S1986F_actout_ctlfit_dominant_cluster0_rep__lorlatinib.txt,/homes/lkgyammerah/Molecular_Dynamics_analysis/dock/ROS1/q2022p_vina/vina_outputs/Q2022P_S1986F_actout_ctlfit_dominant_cluster0_rep__lorlatinib.pdbqt,/homes/lkgyammerah/Molecular_Dynamics_analysis/dock/ROS1/q2022p_vina/vina_logs/Q2022P_S1986F_actout_ctlfit_dominant_cluster0_rep__lorlatinib.log,3.0,-5.724,3.29,10.35
actout_ctlfit,Q2022P_S1986F,dominant_cluster_representative,0,1,11250,/homes/lkgyammerah/Molecular_Dynamics_analysis/dock/ROS1/q2022p_subset_receptors/actout_ctlfit/Q2022P_S1986F/Q2022P_S1986F_actout_ctlfit_dominant_cluster0_rep.pdb,/homes/lkgyammerah/Molecular_Dynamics_analysis/dock/ROS1/q2022p_vina/receptor_pdbqt/Q2022P_S1986F_actout_ctlfit_dominant_cluster0_rep.pdbqt,lorlatinib,/homes/lkgyammerah/Molecular_Dynamics_analysis/dock/ROS1/q2022p_vina/ligand_pdbqt/lorlatinib.pdbqt,/homes/lkgyammerah/Molecular_Dynamics_analysis/dock/ROS1/q2022p_vina/configs/Q2022P_S1986F_actout_ctlfit_dominant_cluster0_rep__lorlatinib.txt,/homes/lkgyammerah/Molecular_Dynamics_analysis/dock/ROS1/q2022p_vina/vina_outputs/Q2022P_S1986F_actout_ctlfit_dominant_cluster0_rep__lorlatinib.pdbqt,/homes/lkgyammerah/Molecular_Dynamics_analysis/dock/ROS1/q2022p_vina/vina_logs/Q2022P_S1986F_actout_ctlfit_dominant_cluster0_rep__lorlatinib.log,4.0,-5.6,1.636,2.077
actout_ctlfit,Q2022P_S1986F,dominant_cluster_representative,0,1,11250,/homes/lkgyammerah/Molecular_Dynamics_analysis/dock/ROS1/q2022p_subset_receptors/actout_ctlfit/Q2022P_S1986F/Q2022P_S1986F_actout_ctlfit_dominant_cluster0_rep.pdb,/homes/lkgyammerah/Molecular_Dynamics_analysis/dock/ROS1/q2022p_vina/receptor_pdbqt/Q2022P_S1986F_actout_ctlfit_dominant_cluster0_rep.pdbqt,lorlatinib,/homes/lkgyammerah/Molecular_Dynamics_analysis/dock/ROS1/q2022p_vina/ligand_pdbqt/lorlatinib.pdbqt,/homes/lkgyammerah/Molecular_Dynamics_analysis/dock/ROS1/q2022p_vina/configs/Q2022P_S1986F_actout_ctlfit_dominant_cluster0_rep__lorlatinib.txt,/homes/lkgyammerah/Molecular_Dynamics_analysis/dock/ROS1/q2022p_vina/vina_outputs/Q2022P_S1986F_actout_ctlfit_dominant_cluster0_rep__lorlatinib.pdbqt,/homes/lkgyammerah/Molecular_Dynamics_analysis/dock/ROS1/q2022p_vina/vina_logs/Q2022P_S1986F_actout_ctlfit_dominant_cluster0_rep__lorlatinib.log,5.0,-5.407,5.125,10.43
actout_ctlfit,Q2022P_S1986F,dominant_cluster_representative,0,1,11250,/homes/lkgyammerah/Molecular_Dynamics_analysis/dock/ROS1/q2022p_subset_receptors/actout_ctlfit/Q2022P_S1986F/Q2022P_S1986F_actout_ctlfit_dominant_cluster0_rep.pdb,/homes/lkgyammerah/Molecular_Dynamics_analysis/dock/ROS1/q2022p_vina/receptor_pdbqt/Q2022P_S1986F_actout_ctlfit_dominant_cluster0_rep.pdbqt,lorlatinib,/homes/lkgyammerah/Molecular_Dynamics_analysis/dock/ROS1/q2022p_vina/ligand_pdbqt/lorlatinib.pdbqt,/homes/lkgyammerah/Molecular_Dynamics_analysis/dock/ROS1/q2022p_vina/configs/Q2022P_S1986F_actout_ctlfit_dominant_cluster0_rep__lorlatinib.txt,/homes/lkgyammerah/Molecular_Dynamics_analysis/dock/ROS1/q2022p_vina/vina_outputs/Q2022P_S1986F_actout_ctlfit_dominant_cluster0_rep__lorlatinib.pdbqt,/homes/lkgyammerah/Molecular_Dynamics_analysis/dock/ROS1/q2022p_vina/vina_logs/Q2022P_S1986F_actout_ctlfit_dominant_cluster0_rep__lorlatinib.log,6.0,-5.392,3.12,5.609
actout_ctlfit,Q2022P_S1986F,dominant_cluster_representative,0,1,11250,/homes/lkgyammerah/Molecular_Dynamics_analysis/dock/ROS1/q2022p_subset_receptors/actout_ctlfit/Q2022P_S1986F/Q2022P_S1986F_actout_ctlfit_dominant_cluster0_rep.pdb,/homes/lkgyammerah/Molecular_Dynamics_analysis/dock/ROS1/q2022p_vina/receptor_pdbqt/Q2022P_S1986F_actout_ctlfit_dominant_cluster0_rep.pdbqt,lorlatinib,/homes/lkgyammerah/Molecular_Dynamics_analysis/dock/ROS1/q2022p_vina/ligand_pdbqt/lorlatinib.pdbqt,/homes/lkgyammerah/Molecular_Dynamics_analysis/dock/ROS1/q2022p_vina/configs/Q2022P_S1986F_actout_ctlfit_dominant_cluster0_rep__lorlatinib.txt,/homes/lkgyammerah/Molecular_Dynamics_analysis/dock/ROS1/q2022p_vina/vina_outputs/Q2022P_S1986F_actout_ctlfit_dominant_cluster0_rep__lorlatinib.pdbqt,/homes/lkgyammerah/Molecular_Dynamics_analysis/dock/ROS1/q2022p_vina/vina_logs/Q2022P_S1986F_actout_ctlfit_dominant_cluster0_rep__lorlatinib.log,7.0,-5.321,4.326,6.758
actout_ctlfit,Q2022P_S1986F,dominant_cluster_representative,0,1,11250,/homes/lkgyammerah/Molecular_Dynamics_analysis/dock/ROS1/q2022p_subset_receptors/actout_ctlfit/Q2022P_S1986F/Q2022P_S1986F_actout_ctlfit_dominant_cluster0_rep.pdb,/homes/lkgyammerah/Molecular_Dynamics_analysis/dock/ROS1/q2022p_vina/receptor_pdbqt/Q2022P_S1986F_actout_ctlfit_dominant_cluster0_rep.pdbqt,lorlatinib,/homes/lkgyammerah/Molecular_Dynamics_analysis/dock/ROS1/q2022p_vina/ligand_pdbqt/lorlatinib.pdbqt,/homes/lkgyammerah/Molecular_Dynamics_analysis/dock/ROS1/q2022p_vina/configs/Q2022P_S1986F_actout_ctlfit_dominant_cluster0_rep__lorlatinib.txt,/homes/lkgyammerah/Molecular_Dynamics_analysis/dock/ROS1/q2022p_vina/vina_outputs/Q2022P_S1986F_actout_ctlfit_dominant_cluster0_rep__lorlatinib.pdbqt,/homes/lkgyammerah/Molecular_Dynamics_analysis/dock/ROS1/q2022p_vina/vina_logs/Q2022P_S1986F_actout_ctlfit_dominant_cluster0_rep__lorlatinib.log,8.0,-5.299,4.393,10.85
actout_ctlfit,Q2022P_S1986F,dominant_cluster_representative,0,1,11250,/homes/lkgyammerah/Molecular_Dynamics_analysis/dock/ROS1/q2022p_subset_receptors/actout_ctlfit/Q2022P_S1986F/Q2022P_S1986F_actout_ctlfit_dominant_cluster0_rep.pdb,/homes/lkgyammerah/Molecular_Dynamics_analysis/dock/ROS1/q2022p_vina/receptor_pdbqt/Q2022P_S1986F_actout_ctlfit_dominant_cluster0_rep.pdbqt,lorlatinib,/homes/lkgyammerah/Molecular_Dynamics_analysis/dock/ROS1/q2022p_vina/ligand_pdbqt/lorlatinib.pdbqt,/homes/lkgyammerah/Molecular_Dynamics_analysis/dock/ROS1/q2022p_vina/configs/Q2022P_S1986F_actout_ctlfit_dominant_cluster0_rep__lorlatinib.txt,/homes/lkgyammerah/Molecular_Dynamics_analysis/dock/ROS1/q2022p_vina/vina_outputs/Q2022P_S1986F_actout_ctlfit_dominant_cluster0_rep__lorlatinib.pdbqt,/homes/lkgyammerah/Molecular_Dynamics_analysis/dock/ROS1/q2022p_vina/vina_logs/Q2022P_S1986F_actout_ctlfit_dominant_cluster0_rep__lorlatinib.log,9.0,-5.231,3.325,5.313
actout_ctlfit,Q2022P_S1986F,dominant_cluster_representative,0,1,11250,/homes/lkgyammerah/Molecular_Dynamics_analysis/dock/ROS1/q2022p_subset_receptors/actout_ctlfit/Q2022P_S1986F/Q2022P_S1986F_actout_ctlfit_dominant_cluster0_rep.pdb,/homes/lkgyammerah/Molecular_Dynamics_analysis/dock/ROS1/q2022p_vina/receptor_pdbqt/Q2022P_S1986F_actout_ctlfit_dominant_cluster0_rep.pdbqt,lorlatinib,/homes/lkgyammerah/Molecular_Dynamics_analysis/dock/ROS1/q2022p_vina/ligand_pdbqt/lorlatinib.pdbqt,/homes/lkgyammerah/Molecular_Dynamics_analysis/dock/ROS1/q2022p_vina/configs/Q2022P_S1986F_actout_ctlfit_dominant_cluster0_rep__lorlatinib.txt,/homes/lkgyammerah/Molecular_Dynamics_analysis/dock/ROS1/q2022p_vina/vina_outputs/Q2022P_S1986F_actout_ctlfit_dominant_cluster0_rep__lorlatinib.pdbqt,/homes/lkgyammerah/Molecular_Dynamics_analysis/dock/ROS1/q2022p_vina/vina_logs/Q2022P_S1986F_actout_ctlfit_dominant_cluster0_rep__lorlatinib.log,10.0,-5.188,3.961,10.58
actout_ctlfit,Q2022P_S1986F,dominant_cluster_representative,0,1,11250,/homes/lkgyammerah/Molecular_Dynamics_analysis/dock/ROS1/q2022p_subset_receptors/actout_ctlfit/Q2022P_S1986F/Q2022P_S1986F_actout_ctlfit_dominant_cluster0_rep.pdb,/homes/lkgyammerah/Molecular_Dynamics_analysis/dock/ROS1/q2022p_vina/receptor_pdbqt/Q2022P_S1986F_actout_ctlfit_dominant_cluster0_rep.pdbqt,lorlatinib,/homes/lkgyammerah/Molecular_Dynamics_analysis/dock/ROS1/q2022p_vina/ligand_pdbqt/lorlatinib.pdbqt,/homes/lkgyammerah/Molecular_Dynamics_analysis/dock/ROS1/q2022p_vina/configs/Q2022P_S1986F_actout_ctlfit_dominant_cluster0_rep__lorlatinib.txt,/homes/lkgyammerah/Molecular_Dynamics_analysis/dock/ROS1/q2022p_vina/vina_outputs/Q2022P_S1986F_actout_ctlfit_dominant_cluster0_rep__lorlatinib.pdbqt,/homes/lkgyammerah/Molecular_Dynamics_analysis/dock/ROS1/q2022p_vina/vina_logs/Q2022P_S1986F_actout_ctlfit_dominant_cluster0_rep__lorlatinib.log,11.0,-5.182,4.277,6.065
actout_ctlfit,Q2022P_S1986F,dominant_cluster_representative,0,1,11250,/homes/lkgyammerah/Molecular_Dynamics_analysis/dock/ROS1/q2022p_subset_receptors/actout_ctlfit/Q2022P_S1986F/Q2022P_S1986F_actout_ctlfit_dominant_cluster0_rep.pdb,/homes/lkgyammerah/Molecular_Dynamics_analysis/dock/ROS1/q2022p_vina/receptor_pdbqt/Q2022P_S1986F_actout_ctlfit_dominant_cluster0_rep.pdbqt,lorlatinib,/homes/lkgyammerah/Molecular_Dynamics_analysis/dock/ROS1/q2022p_vina/ligand_pdbqt/lorlatinib.pdbqt,/homes/lkgyammerah/Molecular_Dynamics_analysis/dock/ROS1/q2022p_vina/configs/Q2022P_S1986F_actout_ctlfit_dominant_cluster0_rep__lorlatinib.txt,/homes/lkgyammerah/Molecular_Dynamics_analysis/dock/ROS1/q2022p_vina/vina_outputs/Q2022P_S1986F_actout_ctlfit_dominant_cluster0_rep__lorlatinib.pdbqt,/homes/lkgyammerah/Molecular_Dynamics_analysis/dock/ROS1/q2022p_vina/vina_logs/Q2022P_S1986F_actout_ctlfit_dominant_cluster0_rep__lorlatinib.log,12.0,-5.125,3.891,6.122
actout_ctlfit,Q2022P_S1986F,dominant_cluster_representative,0,1,11250,/homes/lkgyammerah/Molecular_Dynamics_analysis/dock/ROS1/q2022p_subset_receptors/actout_ctlfit/Q2022P_S1986F/Q2022P_S1986F_actout_ctlfit_dominant_cluster0_rep.pdb,/homes/lkgyammerah/Molecular_Dynamics_analysis/dock/ROS1/q2022p_vina/receptor_pdbqt/Q2022P_S1986F_actout_ctlfit_dominant_cluster0_rep.pdbqt,lorlatinib,/homes/lkgyammerah/Molecular_Dynamics_analysis/dock/ROS1/q2022p_vina/ligand_pdbqt/lorlatinib.pdbqt,/homes/lkgyammerah/Molecular_Dynamics_analysis/dock/ROS1/q2022p_vina/configs/Q2022P_S1986F_actout_ctlfit_dominant_cluster0_rep__lorlatinib.txt,/homes/lkgyammerah/Molecular_Dynamics_analysis/dock/ROS1/q2022p_vina/vina_outputs/Q2022P_S1986F_actout_ctlfit_dominant_cluster0_rep__lorlatinib.pdbqt,/homes/lkgyammerah/Molecular_Dynamics_analysis/dock/ROS1/q2022p_vina/vina_logs/Q2022P_S1986F_actout_ctlfit_dominant_cluster0_rep__lorlatinib.log,13.0,-5.104,6.529,11.34
actout_ctlfit,Q2022P_S1986F,dominant_cluster_representative,0,1,11250,/homes/lkgyammerah/Molecular_Dynamics_analysis/dock/ROS1/q2022p_subset_receptors/actout_ctlfit/Q2022P_S1986F/Q2022P_S1986F_actout_ctlfit_dominant_cluster0_rep.pdb,/homes/lkgyammerah/Molecular_Dynamics_analysis/dock/ROS1/q2022p_vina/receptor_pdbqt/Q2022P_S1986F_actout_ctlfit_dominant_cluster0_rep.pdbqt,lorlatinib,/homes/lkgyammerah/Molecular_Dynamics_analysis/dock/ROS1/q2022p_vina/ligand_pdbqt/lorlatinib.pdbqt,/homes/lkgyammerah/Molecular_Dynamics_analysis/dock/ROS1/q2022p_vina/configs/Q2022P_S1986F_actout_ctlfit_dominant_cluster0_rep__lorlatinib.txt,/homes/lkgyammerah/Molecular_Dynamics_analysis/dock/ROS1/q2022p_vina/vina_outputs/Q2022P_S1986F_actout_ctlfit_dominant_cluster0_rep__lorlatinib.pdbqt,/homes/lkgyammerah/Molecular_Dynamics_analysis/dock/ROS1/q2022p_vina/vina_logs/Q2022P_S1986F_actout_ctlfit_dominant_cluster0_rep__lorlatinib.log,14.0,-5.069,4.396,11.94
actout_ctlfit,Q2022P_S1986F,dominant_cluster_representative,0,1,11250,/homes/lkgyammerah/Molecular_Dynamics_analysis/dock/ROS1/q2022p_subset_receptors/actout_ctlfit/Q2022P_S1986F/Q2022P_S1986F_actout_ctlfit_dominant_cluster0_rep.pdb,/homes/lkgyammerah/Molecular_Dynamics_analysis/dock/ROS1/q2022p_vina/receptor_pdbqt/Q2022P_S1986F_actout_ctlfit_dominant_cluster0_rep.pdbqt,lorlatinib,/homes/lkgyammerah/Molecular_Dynamics_analysis/dock/ROS1/q2022p_vina/ligand_pdbqt/lorlatinib.pdbqt,/homes/lkgyammerah/Molecular_Dynamics_analysis/dock/ROS1/q2022p_vina/configs/Q2022P_S1986F_actout_ctlfit_dominant_cluster0_rep__lorlatinib.txt,/homes/lkgyammerah/Molecular_Dynamics_analysis/dock/ROS1/q2022p_vina/vina_outputs/Q2022P_S1986F_actout_ctlfit_dominant_cluster0_rep__lorlatinib.pdbqt,/homes/lkgyammerah/Molecular_Dynamics_analysis/dock/ROS1/q2022p_vina/vina_logs/Q2022P_S1986F_actout_ctlfit_dominant_cluster0_rep__lorlatinib.log,15.0,-5.033,3.512,10.71
actout_ctlfit,Q2022P_S1986F,dominant_cluster_representative,0,1,11250,/homes/lkgyammerah/Molecular_Dynamics_analysis/dock/ROS1/q2022p_subset_receptors/actout_ctlfit/Q2022P_S1986F/Q2022P_S1986F_actout_ctlfit_dominant_cluster0_rep.pdb,/homes/lkgyammerah/Molecular_Dynamics_analysis/dock/ROS1/q2022p_vina/receptor_pdbqt/Q2022P_S1986F_actout_ctlfit_dominant_cluster0_rep.pdbqt,lorlatinib,/homes/lkgyammerah/Molecular_Dynamics_analysis/dock/ROS1/q2022p_vina/ligand_pdbqt/lorlatinib.pdbqt,/homes/lkgyammerah/Molecular_Dynamics_analysis/dock/ROS1/q2022p_vina/configs/Q2022P_S1986F_actout_ctlfit_dominant_cluster0_rep__lorlatinib.txt,/homes/lkgyammerah/Molecular_Dynamics_analysis/dock/ROS1/q2022p_vina/vina_outputs/Q2022P_S1986F_actout_ctlfit_dominant_cluster0_rep__lorlatinib.pdbqt,/homes/lkgyammerah/Molecular_Dynamics_analysis/dock/ROS1/q2022p_vina/vina_logs/Q2022P_S1986F_actout_ctlfit_dominant_cluster0_rep__lorlatinib.log,16.0,-5.007,3.69,10.52
actout_ctlfit,Q2022P_S1986F,dominant_cluster_representative,0,1,11250,/homes/lkgyammerah/Molecular_Dynamics_analysis/dock/ROS1/q2022p_subset_receptors/actout_ctlfit/Q2022P_S1986F/Q2022P_S1986F_actout_ctlfit_dominant_cluster0_rep.pdb,/homes/lkgyammerah/Molecular_Dynamics_analysis/dock/ROS1/q2022p_vina/receptor_pdbqt/Q2022P_S1986F_actout_ctlfit_dominant_cluster0_rep.pdbqt,lorlatinib,/homes/lkgyammerah/Molecular_Dynamics_analysis/dock/ROS1/q2022p_vina/ligand_pdbqt/lorlatinib.pdbqt,/homes/lkgyammerah/Molecular_Dynamics_analysis/dock/ROS1/q2022p_vina/configs/Q2022P_S1986F_actout_ctlfit_dominant_cluster0_rep__lorlatinib.txt,/homes/lkgyammerah/Molecular_Dynamics_analysis/dock/ROS1/q2022p_vina/vina_outputs/Q2022P_S1986F_actout_ctlfit_dominant_cluster0_rep__lorlatinib.pdbqt,/homes/lkgyammerah/Molecular_Dynamics_analysis/dock/ROS1/q2022p_vina/vina_logs/Q2022P_S1986F_actout_ctlfit_dominant_cluster0_rep__lorlatinib.log,17.0,-4.931,3.555,4.734
actout_ctlfit,Q2022P_S1986F,dominant_cluster_representative,0,1,11250,/homes/lkgyammerah/Molecular_Dynamics_analysis/dock/ROS1/q2022p_subset_receptors/actout_ctlfit/Q2022P_S1986F/Q2022P_S1986F_actout_ctlfit_dominant_cluster0_rep.pdb,/homes/lkgyammerah/Molecular_Dynamics_analysis/dock/ROS1/q2022p_vina/receptor_pdbqt/Q2022P_S1986F_actout_ctlfit_dominant_cluster0_rep.pdbqt,lorlatinib,/homes/lkgyammerah/Molecular_Dynamics_analysis/dock/ROS1/q2022p_vina/ligand_pdbqt/lorlatinib.pdbqt,/homes/lkgyammerah/Molecular_Dynamics_analysis/dock/ROS1/q2022p_vina/configs/Q2022P_S1986F_actout_ctlfit_dominant_cluster0_rep__lorlatinib.txt,/homes/lkgyammerah/Molecular_Dynamics_analysis/dock/ROS1/q2022p_vina/vina_outputs/Q2022P_S1986F_actout_ctlfit_dominant_cluster0_rep__lorlatinib.pdbqt,/homes/lkgyammerah/Molecular_Dynamics_analysis/dock/ROS1/q2022p_vina/vina_logs/Q2022P_S1986F_actout_ctlfit_dominant_cluster0_rep__lorlatinib.log,18.0,-4.901,8.511,14.71
actout_ctlfit,Q2022P_S1986F,dominant_cluster_representative,0,1,11250,/homes/lkgyammerah/Molecular_Dynamics_analysis/dock/ROS1/q2022p_subset_receptors/actout_ctlfit/Q2022P_S1986F/Q2022P_S1986F_actout_ctlfit_dominant_cluster0_rep.pdb,/homes/lkgyammerah/Molecular_Dynamics_analysis/dock/ROS1/q2022p_vina/receptor_pdbqt/Q2022P_S1986F_actout_ctlfit_dominant_cluster0_rep.pdbqt,lorlatinib,/homes/lkgyammerah/Molecular_Dynamics_analysis/dock/ROS1/q2022p_vina/ligand_pdbqt/lorlatinib.pdbqt,/homes/lkgyammerah/Molecular_Dynamics_analysis/dock/ROS1/q2022p_vina/configs/Q2022P_S1986F_actout_ctlfit_dominant_cluster0_rep__lorlatinib.txt,/homes/lkgyammerah/Molecular_Dynamics_analysis/dock/ROS1/q2022p_vina/vina_outputs/Q2022P_S1986F_actout_ctlfit_dominant_cluster0_rep__lorlatinib.pdbqt,/homes/lkgyammerah/Molecular_Dynamics_analysis/dock/ROS1/q2022p_vina/vina_logs/Q2022P_S1986F_actout_ctlfit_dominant_cluster0_rep__lorlatinib.log,19.0,-4.883,6.899,11.28
actout_ctlfit,Q2022P_S1986F,dominant_cluster_representative,0,1,11250,/homes/lkgyammerah/Molecular_Dynamics_analysis/dock/ROS1/q2022p_subset_receptors/actout_ctlfit/Q2022P_S1986F/Q2022P_S1986F_actout_ctlfit_dominant_cluster0_rep.pdb,/homes/lkgyammerah/Molecular_Dynamics_analysis/dock/ROS1/q2022p_vina/receptor_pdbqt/Q2022P_S1986F_actout_ctlfit_dominant_cluster0_rep.pdbqt,lorlatinib,/homes/lkgyammerah/Molecular_Dynamics_analysis/dock/ROS1/q2022p_vina/ligand_pdbqt/lorlatinib.pdbqt,/homes/lkgyammerah/Molecular_Dynamics_analysis/dock/ROS1/q2022p_vina/configs/Q2022P_S1986F_actout_ctlfit_dominant_cluster0_rep__lorlatinib.txt,/homes/lkgyammerah/Molecular_Dynamics_analysis/dock/ROS1/q2022p_vina/vina_outputs/Q2022P_S1986F_actout_ctlfit_dominant_cluster0_rep__lorlatinib.pdbqt,/homes/lkgyammerah/Molecular_Dynamics_analysis/dock/ROS1/q2022p_vina/vina_logs/Q2022P_S1986F_actout_ctlfit_dominant_cluster0_rep__lorlatinib.log,20.0,-4.85,5.037,11.06
actout_ctlfit,Q2022P_S1986F,dominant_cluster_representative,0,1,11250,/homes/lkgyammerah/Molecular_Dynamics_analysis/dock/ROS1/q2022p_subset_receptors/actout_ctlfit/Q2022P_S1986F/Q2022P_S1986F_actout_ctlfit_dominant_cluster0_rep.pdb,/homes/lkgyammerah/Molecular_Dynamics_analysis/dock/ROS1/q2022p_vina/receptor_pdbqt/Q2022P_S1986F_actout_ctlfit_dominant_cluster0_rep.pdbqt,repotrectinib,/homes/lkgyammerah/Molecular_Dynamics_analysis/dock/ROS1/q2022p_vina/ligand_pdbqt/repotrectinib.pdbqt,/homes/lkgyammerah/Molecular_Dynamics_analysis/dock/ROS1/q2022p_vina/configs/Q2022P_S1986F_actout_ctlfit_dominant_cluster0_rep__repotrectinib.txt,/homes/lkgyammerah/Molecular_Dynamics_analysis/dock/ROS1/q2022p_vina/vina_outputs/Q2022P_S1986F_actout_ctlfit_dominant_cluster0_rep__repotrectinib.pdbqt,/homes/lkgyammerah/Molecular_Dynamics_analysis/dock/ROS1/q2022p_vina/vina_logs/Q2022P_S1986F_actout_ctlfit_dominant_cluster0_rep__repotrectinib.log,2.0,-4.187,1.784,3.061
actout_ctlfit,Q2022P_S1986F,dominant_cluster_representative,0,1,11250,/homes/lkgyammerah/Molecular_Dynamics_analysis/dock/ROS1/q2022p_subset_receptors/actout_ctlfit/Q2022P_S1986F/Q2022P_S1986F_actout_ctlfit_dominant_cluster0_rep.pdb,/homes/lkgyammerah/Molecular_Dynamics_analysis/dock/ROS1/q2022p_vina/receptor_pdbqt/Q2022P_S1986F_actout_ctlfit_dominant_cluster0_rep.pdbqt,repotrectinib,/homes/lkgyammerah/Molecular_Dynamics_analysis/dock/ROS1/q2022p_vina/ligand_pdbqt/repotrectinib.pdbqt,/homes/lkgyammerah/Molecular_Dynamics_analysis/dock/ROS1/q2022p_vina/configs/Q2022P_S1986F_actout_ctlfit_dominant_cluster0_rep__repotrectinib.txt,/homes/lkgyammerah/Molecular_Dynamics_analysis/dock/ROS1/q2022p_vina/vina_outputs/Q2022P_S1986F_actout_ctlfit_dominant_cluster0_rep__repotrectinib.pdbqt,/homes/lkgyammerah/Molecular_Dynamics_analysis/dock/ROS1/q2022p_vina/vina_logs/Q2022P_S1986F_actout_ctlfit_dominant_cluster0_rep__repotrectinib.log,3.0,-3.984,2.686,4.976
actout_ctlfit,Q2022P_S1986F,dominant_cluster_representative,0,1,11250,/homes/lkgyammerah/Molecular_Dynamics_analysis/dock/ROS1/q2022p_subset_receptors/actout_ctlfit/Q2022P_S1986F/Q2022P_S1986F_actout_ctlfit_dominant_cluster0_rep.pdb,/homes/lkgyammerah/Molecular_Dynamics_analysis/dock/ROS1/q2022p_vina/receptor_pdbqt/Q2022P_S1986F_actout_ctlfit_dominant_cluster0_rep.pdbqt,repotrectinib,/homes/lkgyammerah/Molecular_Dynamics_analysis/dock/ROS1/q2022p_vina/ligand_pdbqt/repotrectinib.pdbqt,/homes/lkgyammerah/Molecular_Dynamics_analysis/dock/ROS1/q2022p_vina/configs/Q2022P_S1986F_actout_ctlfit_dominant_cluster0_rep__repotrectinib.txt,/homes/lkgyammerah/Molecular_Dynamics_analysis/dock/ROS1/q2022p_vina/vina_outputs/Q2022P_S1986F_actout_ctlfit_dominant_cluster0_rep__repotrectinib.pdbqt,/homes/lkgyammerah/Molecular_Dynamics_analysis/dock/ROS1/q2022p_vina/vina_logs/Q2022P_S1986F_actout_ctlfit_dominant_cluster0_rep__repotrectinib.log,4.0,-3.699,3.808,5.688
actout_ctlfit,Q2022P_S1986F,dominant_cluster_representative,0,1,11250,/homes/lkgyammerah/Molecular_Dynamics_analysis/dock/ROS1/q2022p_subset_receptors/actout_ctlfit/Q2022P_S1986F/Q2022P_S1986F_actout_ctlfit_dominant_cluster0_rep.pdb,/homes/lkgyammerah/Molecular_Dynamics_analysis/dock/ROS1/q2022p_vina/receptor_pdbqt/Q2022P_S1986F_actout_ctlfit_dominant_cluster0_rep.pdbqt,repotrectinib,/homes/lkgyammerah/Molecular_Dynamics_analysis/dock/ROS1/q2022p_vina/ligand_pdbqt/repotrectinib.pdbqt,/homes/lkgyammerah/Molecular_Dynamics_analysis/dock/ROS1/q2022p_vina/configs/Q2022P_S1986F_actout_ctlfit_dominant_cluster0_rep__repotrectinib.txt,/homes/lkgyammerah/Molecular_Dynamics_analysis/dock/ROS1/q2022p_vina/vina_outputs/Q2022P_S1986F_actout_ctlfit_dominant_cluster0_rep__repotrectinib.pdbqt,/homes/lkgyammerah/Molecular_Dynamics_analysis/dock/ROS1/q2022p_vina/vina_logs/Q2022P_S1986F_actout_ctlfit_dominant_cluster0_rep__repotrectinib.log,5.0,-3.382,10.71,12.14
actout_ctlfit,Q2022P_S1986F,dominant_cluster_representative,0,1,11250,/homes/lkgyammerah/Molecular_Dynamics_analysis/dock/ROS1/q2022p_subset_receptors/actout_ctlfit/Q2022P_S1986F/Q2022P_S1986F_actout_ctlfit_dominant_cluster0_rep.pdb,/homes/lkgyammerah/Molecular_Dynamics_analysis/dock/ROS1/q2022p_vina/receptor_pdbqt/Q2022P_S1986F_actout_ctlfit_dominant_cluster0_rep.pdbqt,repotrectinib,/homes/lkgyammerah/Molecular_Dynamics_analysis/dock/ROS1/q2022p_vina/ligand_pdbqt/repotrectinib.pdbqt,/homes/lkgyammerah/Molecular_Dynamics_analysis/dock/ROS1/q2022p_vina/configs/Q2022P_S1986F_actout_ctlfit_dominant_cluster0_rep__repotrectinib.txt,/homes/lkgyammerah/Molecular_Dynamics_analysis/dock/ROS1/q2022p_vina/vina_outputs/Q2022P_S1986F_actout_ctlfit_dominant_cluster0_rep__repotrectinib.pdbqt,/homes/lkgyammerah/Molecular_Dynamics_analysis/dock/ROS1/q2022p_vina/vina_logs/Q2022P_S1986F_actout_ctlfit_dominant_cluster0_rep__repotrectinib.log,6.0,-3.283,2.573,4.749
actout_ctlfit,Q2022P_S1986F,dominant_cluster_representative,0,1,11250,/homes/lkgyammerah/Molecular_Dynamics_analysis/dock/ROS1/q2022p_subset_receptors/actout_ctlfit/Q2022P_S1986F/Q2022P_S1986F_actout_ctlfit_dominant_cluster0_rep.pdb,/homes/lkgyammerah/Molecular_Dynamics_analysis/dock/ROS1/q2022p_vina/receptor_pdbqt/Q2022P_S1986F_actout_ctlfit_dominant_cluster0_rep.pdbqt,repotrectinib,/homes/lkgyammerah/Molecular_Dynamics_analysis/dock/ROS1/q2022p_vina/ligand_pdbqt/repotrectinib.pdbqt,/homes/lkgyammerah/Molecular_Dynamics_analysis/dock/ROS1/q2022p_vina/configs/Q2022P_S1986F_actout_ctlfit_dominant_cluster0_rep__repotrectinib.txt,/homes/lkgyammerah/Molecular_Dynamics_analysis/dock/ROS1/q2022p_vina/vina_outputs/Q2022P_S1986F_actout_ctlfit_dominant_cluster0_rep__repotrectinib.pdbqt,/homes/lkgyammerah/Molecular_Dynamics_analysis/dock/ROS1/q2022p_vina/vina_logs/Q2022P_S1986F_actout_ctlfit_dominant_cluster0_rep__repotrectinib.log,7.0,-3.081,1.507,2.185
actout_ctlfit,Q2022P_S1986F,dominant_cluster_representative,0,1,11250,/homes/lkgyammerah/Molecular_Dynamics_analysis/dock/ROS1/q2022p_subset_receptors/actout_ctlfit/Q2022P_S1986F/Q2022P_S1986F_actout_ctlfit_dominant_cluster0_rep.pdb,/homes/lkgyammerah/Molecular_Dynamics_analysis/dock/ROS1/q2022p_vina/receptor_pdbqt/Q2022P_S1986F_actout_ctlfit_dominant_cluster0_rep.pdbqt,repotrectinib,/homes/lkgyammerah/Molecular_Dynamics_analysis/dock/ROS1/q2022p_vina/ligand_pdbqt/repotrectinib.pdbqt,/homes/lkgyammerah/Molecular_Dynamics_analysis/dock/ROS1/q2022p_vina/configs/Q2022P_S1986F_actout_ctlfit_dominant_cluster0_rep__repotrectinib.txt,/homes/lkgyammerah/Molecular_Dynamics_analysis/dock/ROS1/q2022p_vina/vina_outputs/Q2022P_S1986F_actout_ctlfit_dominant_cluster0_rep__repotrectinib.pdbqt,/homes/lkgyammerah/Molecular_Dynamics_analysis/dock/ROS1/q2022p_vina/vina_logs/Q2022P_S1986F_actout_ctlfit_dominant_cluster0_rep__repotrectinib.log,8.0,-2.768,1.355,2.64
actout_ctlfit,Q2022P_S1986F,dominant_cluster_representative,0,1,11250,/homes/lkgyammerah/Molecular_Dynamics_analysis/dock/ROS1/q2022p_subset_receptors/actout_ctlfit/Q2022P_S1986F/Q2022P_S1986F_actout_ctlfit_dominant_cluster0_rep.pdb,/homes/lkgyammerah/Molecular_Dynamics_analysis/dock/ROS1/q2022p_vina/receptor_pdbqt/Q2022P_S1986F_actout_ctlfit_dominant_cluster0_rep.pdbqt,repotrectinib,/homes/lkgyammerah/Molecular_Dynamics_analysis/dock/ROS1/q2022p_vina/ligand_pdbqt/repotrectinib.pdbqt,/homes/lkgyammerah/Molecular_Dynamics_analysis/dock/ROS1/q2022p_vina/configs/Q2022P_S1986F_actout_ctlfit_dominant_cluster0_rep__repotrectinib.txt,/homes/lkgyammerah/Molecular_Dynamics_analysis/dock/ROS1/q2022p_vina/vina_outputs/Q2022P_S1986F_actout_ctlfit_dominant_cluster0_rep__repotrectinib.pdbqt,/homes/lkgyammerah/Molecular_Dynamics_analysis/dock/ROS1/q2022p_vina/vina_logs/Q2022P_S1986F_actout_ctlfit_dominant_cluster0_rep__repotrectinib.log,9.0,-2.71,3.078,4.825
actout_ctlfit,Q2022P_S1986F,dominant_cluster_representative,0,1,11250,/homes/lkgyammerah/Molecular_Dynamics_analysis/dock/ROS1/q2022p_subset_receptors/actout_ctlfit/Q2022P_S1986F/Q2022P_S1986F_actout_ctlfit_dominant_cluster0_rep.pdb,/homes/lkgyammerah/Molecular_Dynamics_analysis/dock/ROS1/q2022p_vina/receptor_pdbqt/Q2022P_S1986F_actout_ctlfit_dominant_cluster0_rep.pdbqt,repotrectinib,/homes/lkgyammerah/Molecular_Dynamics_analysis/dock/ROS1/q2022p_vina/ligand_pdbqt/repotrectinib.pdbqt,/homes/lkgyammerah/Molecular_Dynamics_analysis/dock/ROS1/q2022p_vina/configs/Q2022P_S1986F_actout_ctlfit_dominant_cluster0_rep__repotrectinib.txt,/homes/lkgyammerah/Molecular_Dynamics_analysis/dock/ROS1/q2022p_vina/vina_outputs/Q2022P_S1986F_actout_ctlfit_dominant_cluster0_rep__repotrectinib.pdbqt,/homes/lkgyammerah/Molecular_Dynamics_analysis/dock/ROS1/q2022p_vina/vina_logs/Q2022P_S1986F_actout_ctlfit_dominant_cluster0_rep__repotrectinib.log,11.0,-2.644,2.413,4.372
actout_ctlfit,Q2022P_S1986F,dominant_cluster_representative,0,1,11250,/homes/lkgyammerah/Molecular_Dynamics_analysis/dock/ROS1/q2022p_subset_receptors/actout_ctlfit/Q2022P_S1986F/Q2022P_S1986F_actout_ctlfit_dominant_cluster0_rep.pdb,/homes/lkgyammerah/Molecular_Dynamics_analysis/dock/ROS1/q2022p_vina/receptor_pdbqt/Q2022P_S1986F_actout_ctlfit_dominant_cluster0_rep.pdbqt,repotrectinib,/homes/lkgyammerah/Molecular_Dynamics_analysis/dock/ROS1/q2022p_vina/ligand_pdbqt/repotrectinib.pdbqt,/homes/lkgyammerah/Molecular_Dynamics_analysis/dock/ROS1/q2022p_vina/configs/Q2022P_S1986F_actout_ctlfit_dominant_cluster0_rep__repotrectinib.txt,/homes/lkgyammerah/Molecular_Dynamics_analysis/dock/ROS1/q2022p_vina/vina_outputs/Q2022P_S1986F_actout_ctlfit_dominant_cluster0_rep__repotrectinib.pdbqt,/homes/lkgyammerah/Molecular_Dynamics_analysis/dock/ROS1/q2022p_vina/vina_logs/Q2022P_S1986F_actout_ctlfit_dominant_cluster0_rep__repotrectinib.log,12.0,-2.493,3.029,3.976
actout_ctlfit,Q2022P_S1986F,dominant_cluster_representative,0,1,11250,/homes/lkgyammerah/Molecular_Dynamics_analysis/dock/ROS1/q2022p_subset_receptors/actout_ctlfit/Q2022P_S1986F/Q2022P_S1986F_actout_ctlfit_dominant_cluster0_rep.pdb,/homes/lkgyammerah/Molecular_Dynamics_analysis/dock/ROS1/q2022p_vina/receptor_pdbqt/Q2022P_S1986F_actout_ctlfit_dominant_cluster0_rep.pdbqt,repotrectinib,/homes/lkgyammerah/Molecular_Dynamics_analysis/dock/ROS1/q2022p_vina/ligand_pdbqt/repotrectinib.pdbqt,/homes/lkgyammerah/Molecular_Dynamics_analysis/dock/ROS1/q2022p_vina/configs/Q2022P_S1986F_actout_ctlfit_dominant_cluster0_rep__repotrectinib.txt,/homes/lkgyammerah/Molecular_Dynamics_analysis/dock/ROS1/q2022p_vina/vina_outputs/Q2022P_S1986F_actout_ctlfit_dominant_cluster0_rep__repotrectinib.pdbqt,/homes/lkgyammerah/Molecular_Dynamics_analysis/dock/ROS1/q2022p_vina/vina_logs/Q2022P_S1986F_actout_ctlfit_dominant_cluster0_rep__repotrectinib.log,13.0,-2.417,6.613,8.151
actout_ctlfit,Q2022P_S1986F,dominant_cluster_representative,0,1,11250,/homes/lkgyammerah/Molecular_Dynamics_analysis/dock/ROS1/q2022p_subset_receptors/actout_ctlfit/Q2022P_S1986F/Q2022P_S1986F_actout_ctlfit_dominant_cluster0_rep.pdb,/homes/lkgyammerah/Molecular_Dynamics_analysis/dock/ROS1/q2022p_vina/receptor_pdbqt/Q2022P_S1986F_actout_ctlfit_dominant_cluster0_rep.pdbqt,repotrectinib,/homes/lkgyammerah/Molecular_Dynamics_analysis/dock/ROS1/q2022p_vina/ligand_pdbqt/repotrectinib.pdbqt,/homes/lkgyammerah/Molecular_Dynamics_analysis/dock/ROS1/q2022p_vina/configs/Q2022P_S1986F_actout_ctlfit_dominant_cluster0_rep__repotrectinib.txt,/homes/lkgyammerah/Molecular_Dynamics_analysis/dock/ROS1/q2022p_vina/vina_outputs/Q2022P_S1986F_actout_ctlfit_dominant_cluster0_rep__repotrectinib.pdbqt,/homes/lkgyammerah/Molecular_Dynamics_analysis/dock/ROS1/q2022p_vina/vina_logs/Q2022P_S1986F_actout_ctlfit_dominant_cluster0_rep__repotrectinib.log,14.0,-2.259,7.357,9.238
actout_ctlfit,Q2022P_S1986F,dominant_cluster_representative,0,1,11250,/homes/lkgyammerah/Molecular_Dynamics_analysis/dock/ROS1/q2022p_subset_receptors/actout_ctlfit/Q2022P_S1986F/Q2022P_S1986F_actout_ctlfit_dominant_cluster0_rep.pdb,/homes/lkgyammerah/Molecular_Dynamics_analysis/dock/ROS1/q2022p_vina/receptor_pdbqt/Q2022P_S1986F_actout_ctlfit_dominant_cluster0_rep.pdbqt,repotrectinib,/homes/lkgyammerah/Molecular_Dynamics_analysis/dock/ROS1/q2022p_vina/ligand_pdbqt/repotrectinib.pdbqt,/homes/lkgyammerah/Molecular_Dynamics_analysis/dock/ROS1/q2022p_vina/configs/Q2022P_S1986F_actout_ctlfit_dominant_cluster0_rep__repotrectinib.txt,/homes/lkgyammerah/Molecular_Dynamics_analysis/dock/ROS1/q2022p_vina/vina_outputs/Q2022P_S1986F_actout_ctlfit_dominant_cluster0_rep__repotrectinib.pdbqt,/homes/lkgyammerah/Molecular_Dynamics_analysis/dock/ROS1/q2022p_vina/vina_logs/Q2022P_S1986F_actout_ctlfit_dominant_cluster0_rep__repotrectinib.log,15.0,-2.22,3.687,5.576
actout_ctlfit,Q2022P_S1986F,dominant_cluster_representative,0,1,11250,/homes/lkgyammerah/Molecular_Dynamics_analysis/dock/ROS1/q2022p_subset_receptors/actout_ctlfit/Q2022P_S1986F/Q2022P_S1986F_actout_ctlfit_dominant_cluster0_rep.pdb,/homes/lkgyammerah/Molecular_Dynamics_analysis/dock/ROS1/q2022p_vina/receptor_pdbqt/Q2022P_S1986F_actout_ctlfit_dominant_cluster0_rep.pdbqt,repotrectinib,/homes/lkgyammerah/Molecular_Dynamics_analysis/dock/ROS1/q2022p_vina/ligand_pdbqt/repotrectinib.pdbqt,/homes/lkgyammerah/Molecular_Dynamics_analysis/dock/ROS1/q2022p_vina/configs/Q2022P_S1986F_actout_ctlfit_dominant_cluster0_rep__repotrectinib.txt,/homes/lkgyammerah/Molecular_Dynamics_analysis/dock/ROS1/q2022p_vina/vina_outputs/Q2022P_S1986F_actout_ctlfit_dominant_cluster0_rep__repotrectinib.pdbqt,/homes/lkgyammerah/Molecular_Dynamics_analysis/dock/ROS1/q2022p_vina/vina_logs/Q2022P_S1986F_actout_ctlfit_dominant_cluster0_rep__repotrectinib.log,16.0,-2.185,1.471,2.598
actout_ctlfit,Q2022P_S1986F,dominant_cluster_representative,0,1,11250,/homes/lkgyammerah/Molecular_Dynamics_analysis/dock/ROS1/q2022p_subset_receptors/actout_ctlfit/Q2022P_S1986F/Q2022P_S1986F_actout_ctlfit_dominant_cluster0_rep.pdb,/homes/lkgyammerah/Molecular_Dynamics_analysis/dock/ROS1/q2022p_vina/receptor_pdbqt/Q2022P_S1986F_actout_ctlfit_dominant_cluster0_rep.pdbqt,repotrectinib,/homes/lkgyammerah/Molecular_Dynamics_analysis/dock/ROS1/q2022p_vina/ligand_pdbqt/repotrectinib.pdbqt,/homes/lkgyammerah/Molecular_Dynamics_analysis/dock/ROS1/q2022p_vina/configs/Q2022P_S1986F_actout_ctlfit_dominant_cluster0_rep__repotrectinib.txt,/homes/lkgyammerah/Molecular_Dynamics_analysis/dock/ROS1/q2022p_vina/vina_outputs/Q2022P_S1986F_actout_ctlfit_dominant_cluster0_rep__repotrectinib.pdbqt,/homes/lkgyammerah/Molecular_Dynamics_analysis/dock/ROS1/q2022p_vina/vina_logs/Q2022P_S1986F_actout_ctlfit_dominant_cluster0_rep__repotrectinib.log,17.0,-2.125,1.926,2.304
actout_ctlfit,Q2022P_S1986F,dominant_cluster_representative,0,1,11250,/homes/lkgyammerah/Molecular_Dynamics_analysis/dock/ROS1/q2022p_subset_receptors/actout_ctlfit/Q2022P_S1986F/Q2022P_S1986F_actout_ctlfit_dominant_cluster0_rep.pdb,/homes/lkgyammerah/Molecular_Dynamics_analysis/dock/ROS1/q2022p_vina/receptor_pdbqt/Q2022P_S1986F_actout_ctlfit_dominant_cluster0_rep.pdbqt,repotrectinib,/homes/lkgyammerah/Molecular_Dynamics_analysis/dock/ROS1/q2022p_vina/ligand_pdbqt/repotrectinib.pdbqt,/homes/lkgyammerah/Molecular_Dynamics_analysis/dock/ROS1/q2022p_vina/configs/Q2022P_S1986F_actout_ctlfit_dominant_cluster0_rep__repotrectinib.txt,/homes/lkgyammerah/Molecular_Dynamics_analysis/dock/ROS1/q2022p_vina/vina_outputs/Q2022P_S1986F_actout_ctlfit_dominant_cluster0_rep__repotrectinib.pdbqt,/homes/lkgyammerah/Molecular_Dynamics_analysis/dock/ROS1/q2022p_vina/vina_logs/Q2022P_S1986F_actout_ctlfit_dominant_cluster0_rep__repotrectinib.log,18.0,-1.889,2.533,5.039
actout_ctlfit,Q2022P_S1986F,dominant_cluster_representative,0,1,11250,/homes/lkgyammerah/Molecular_Dynamics_analysis/dock/ROS1/q2022p_subset_receptors/actout_ctlfit/Q2022P_S1986F/Q2022P_S1986F_actout_ctlfit_dominant_cluster0_rep.pdb,/homes/lkgyammerah/Molecular_Dynamics_analysis/dock/ROS1/q2022p_vina/receptor_pdbqt/Q2022P_S1986F_actout_ctlfit_dominant_cluster0_rep.pdbqt,repotrectinib,/homes/lkgyammerah/Molecular_Dynamics_analysis/dock/ROS1/q2022p_vina/ligand_pdbqt/repotrectinib.pdbqt,/homes/lkgyammerah/Molecular_Dynamics_analysis/dock/ROS1/q2022p_vina/configs/Q2022P_S1986F_actout_ctlfit_dominant_cluster0_rep__repotrectinib.txt,/homes/lkgyammerah/Molecular_Dynamics_analysis/dock/ROS1/q2022p_vina/vina_outputs/Q2022P_S1986F_actout_ctlfit_dominant_cluster0_rep__repotrectinib.pdbqt,/homes/lkgyammerah/Molecular_Dynamics_analysis/dock/ROS1/q2022p_vina/vina_logs/Q2022P_S1986F_actout_ctlfit_dominant_cluster0_rep__repotrectinib.log,19.0,-1.036,2.885,4.807
actout_ctlfit,Q2022P_S1986F,dominant_cluster_representative,0,1,11250,/homes/lkgyammerah/Molecular_Dynamics_analysis/dock/ROS1/q2022p_subset_receptors/actout_ctlfit/Q2022P_S1986F/Q2022P_S1986F_actout_ctlfit_dominant_cluster0_rep.pdb,/homes/lkgyammerah/Molecular_Dynamics_analysis/dock/ROS1/q2022p_vina/receptor_pdbqt/Q2022P_S1986F_actout_ctlfit_dominant_cluster0_rep.pdbqt,repotrectinib,/homes/lkgyammerah/Molecular_Dynamics_analysis/dock/ROS1/q2022p_vina/ligand_pdbqt/repotrectinib.pdbqt,/homes/lkgyammerah/Molecular_Dynamics_analysis/dock/ROS1/q2022p_vina/configs/Q2022P_S1986F_actout_ctlfit_dominant_cluster0_rep__repotrectinib.txt,/homes/lkgyammerah/Molecular_Dynamics_analysis/dock/ROS1/q2022p_vina/vina_outputs/Q2022P_S1986F_actout_ctlfit_dominant_cluster0_rep__repotrectinib.pdbqt,/homes/lkgyammerah/Molecular_Dynamics_analysis/dock/ROS1/q2022p_vina/vina_logs/Q2022P_S1986F_actout_ctlfit_dominant_cluster0_rep__repotrectinib.log,20.0,-0.8733,4.456,6.599
actout_ctlfit,Q2022P_S1986F,dominant_cluster_representative,0,1,11250,/homes/lkgyammerah/Molecular_Dynamics_analysis/dock/ROS1/q2022p_subset_receptors/actout_ctlfit/Q2022P_S1986F/Q2022P_S1986F_actout_ctlfit_dominant_cluster0_rep.pdb,/homes/lkgyammerah/Molecular_Dynamics_analysis/dock/ROS1/q2022p_vina/receptor_pdbqt/Q2022P_S1986F_actout_ctlfit_dominant_cluster0_rep.pdbqt,zidesamtinib,/homes/lkgyammerah/Molecular_Dynamics_analysis/dock/ROS1/q2022p_vina/ligand_pdbqt/zidesamtinib.pdbqt,/homes/lkgyammerah/Molecular_Dynamics_analysis/dock/ROS1/q2022p_vina/configs/Q2022P_S1986F_actout_ctlfit_dominant_cluster0_rep__zidesamtinib.txt,/homes/lkgyammerah/Molecular_Dynamics_analysis/dock/ROS1/q2022p_vina/vina_outputs/Q2022P_S1986F_actout_ctlfit_dominant_cluster0_rep__zidesamtinib.pdbqt,/homes/lkgyammerah/Molecular_Dynamics_analysis/dock/ROS1/q2022p_vina/vina_logs/Q2022P_S1986F_actout_ctlfit_dominant_cluster0_rep__zidesamtinib.log,2.0,-7.842,1.877,5.295
actout_ctlfit,Q2022P_S1986F,dominant_cluster_representative,0,1,11250,/homes/lkgyammerah/Molecular_Dynamics_analysis/dock/ROS1/q2022p_subset_receptors/actout_ctlfit/Q2022P_S1986F/Q2022P_S1986F_actout_ctlfit_dominant_cluster0_rep.pdb,/homes/lkgyammerah/Molecular_Dynamics_analysis/dock/ROS1/q2022p_vina/receptor_pdbqt/Q2022P_S1986F_actout_ctlfit_dominant_cluster0_rep.pdbqt,zidesamtinib,/homes/lkgyammerah/Molecular_Dynamics_analysis/dock/ROS1/q2022p_vina/ligand_pdbqt/zidesamtinib.pdbqt,/homes/lkgyammerah/Molecular_Dynamics_analysis/dock/ROS1/q2022p_vina/configs/Q2022P_S1986F_actout_ctlfit_dominant_cluster0_rep__zidesamtinib.txt,/homes/lkgyammerah/Molecular_Dynamics_analysis/dock/ROS1/q2022p_vina/vina_outputs/Q2022P_S1986F_actout_ctlfit_dominant_cluster0_rep__zidesamtinib.pdbqt,/homes/lkgyammerah/Molecular_Dynamics_analysis/dock/ROS1/q2022p_vina/vina_logs/Q2022P_S1986F_actout_ctlfit_dominant_cluster0_rep__zidesamtinib.log,3.0,-7.809,1.237,3.376
actout_ctlfit,Q2022P_S1986F,dominant_cluster_representative,0,1,11250,/homes/lkgyammerah/Molecular_Dynamics_analysis/dock/ROS1/q2022p_subset_receptors/actout_ctlfit/Q2022P_S1986F/Q2022P_S1986F_actout_ctlfit_dominant_cluster0_rep.pdb,/homes/lkgyammerah/Molecular_Dynamics_analysis/dock/ROS1/q2022p_vina/receptor_pdbqt/Q2022P_S1986F_actout_ctlfit_dominant_cluster0_rep.pdbqt,zidesamtinib,/homes/lkgyammerah/Molecular_Dynamics_analysis/dock/ROS1/q2022p_vina/ligand_pdbqt/zidesamtinib.pdbqt,/homes/lkgyammerah/Molecular_Dynamics_analysis/dock/ROS1/q2022p_vina/configs/Q2022P_S1986F_actout_ctlfit_dominant_cluster0_rep__zidesamtinib.txt,/homes/lkgyammerah/Molecular_Dynamics_analysis/dock/ROS1/q2022p_vina/vina_outputs/Q2022P_S1986F_actout_ctlfit_dominant_cluster0_rep__zidesamtinib.pdbqt,/homes/lkgyammerah/Molecular_Dynamics_analysis/dock/ROS1/q2022p_vina/vina_logs/Q2022P_S1986F_actout_ctlfit_dominant_cluster0_rep__zidesamtinib.log,4.0,-7.798,7.026,9.811
actout_ctlfit,Q2022P_S1986F,dominant_cluster_representative,0,1,11250,/homes/lkgyammerah/Molecular_Dynamics_analysis/dock/ROS1/q2022p_subset_receptors/actout_ctlfit/Q2022P_S1986F/Q2022P_S1986F_actout_ctlfit_dominant_cluster0_rep.pdb,/homes/lkgyammerah/Molecular_Dynamics_analysis/dock/ROS1/q2022p_vina/receptor_pdbqt/Q2022P_S1986F_actout_ctlfit_dominant_cluster0_rep.pdbqt,zidesamtinib,/homes/lkgyammerah/Molecular_Dynamics_analysis/dock/ROS1/q2022p_vina/ligand_pdbqt/zidesamtinib.pdbqt,/homes/lkgyammerah/Molecular_Dynamics_analysis/dock/ROS1/q2022p_vina/configs/Q2022P_S1986F_actout_ctlfit_dominant_cluster0_rep__zidesamtinib.txt,/homes/lkgyammerah/Molecular_Dynamics_analysis/dock/ROS1/q2022p_vina/vina_outputs/Q2022P_S1986F_actout_ctlfit_dominant_cluster0_rep__zidesamtinib.pdbqt,/homes/lkgyammerah/Molecular_Dynamics_analysis/dock/ROS1/q2022p_vina/vina_logs/Q2022P_S1986F_actout_ctlfit_dominant_cluster0_rep__zidesamtinib.log,5.0,-7.793,8.116,10.44
actout_ctlfit,Q2022P_S1986F,dominant_cluster_representative,0,1,11250,/homes/lkgyammerah/Molecular_Dynamics_analysis/dock/ROS1/q2022p_subset_receptors/actout_ctlfit/Q2022P_S1986F/Q2022P_S1986F_actout_ctlfit_dominant_cluster0_rep.pdb,/homes/lkgyammerah/Molecular_Dynamics_analysis/dock/ROS1/q2022p_vina/receptor_pdbqt/Q2022P_S1986F_actout_ctlfit_dominant_cluster0_rep.pdbqt,zidesamtinib,/homes/lkgyammerah/Molecular_Dynamics_analysis/dock/ROS1/q2022p_vina/ligand_pdbqt/zidesamtinib.pdbqt,/homes/lkgyammerah/Molecular_Dynamics_analysis/dock/ROS1/q2022p_vina/configs/Q2022P_S1986F_actout_ctlfit_dominant_cluster0_rep__zidesamtinib.txt,/homes/lkgyammerah/Molecular_Dynamics_analysis/dock/ROS1/q2022p_vina/vina_outputs/Q2022P_S1986F_actout_ctlfit_dominant_cluster0_rep__zidesamtinib.pdbqt,/homes/lkgyammerah/Molecular_Dynamics_analysis/dock/ROS1/q2022p_vina/vina_logs/Q2022P_S1986F_actout_ctlfit_dominant_cluster0_rep__zidesamtinib.log,6.0,-7.635,8.132,11.41
actout_ctlfit,Q2022P_S1986F,dominant_cluster_representative,0,1,11250,/homes/lkgyammerah/Molecular_Dynamics_analysis/dock/ROS1/q2022p_subset_receptors/actout_ctlfit/Q2022P_S1986F/Q2022P_S1986F_actout_ctlfit_dominant_cluster0_rep.pdb,/homes/lkgyammerah/Molecular_Dynamics_analysis/dock/ROS1/q2022p_vina/receptor_pdbqt/Q2022P_S1986F_actout_ctlfit_dominant_cluster0_rep.pdbqt,zidesamtinib,/homes/lkgyammerah/Molecular_Dynamics_analysis/dock/ROS1/q2022p_vina/ligand_pdbqt/zidesamtinib.pdbqt,/homes/lkgyammerah/Molecular_Dynamics_analysis/dock/ROS1/q2022p_vina/configs/Q2022P_S1986F_actout_ctlfit_dominant_cluster0_rep__zidesamtinib.txt,/homes/lkgyammerah/Molecular_Dynamics_analysis/dock/ROS1/q2022p_vina/vina_outputs/Q2022P_S1986F_actout_ctlfit_dominant_cluster0_rep__zidesamtinib.pdbqt,/homes/lkgyammerah/Molecular_Dynamics_analysis/dock/ROS1/q2022p_vina/vina_logs/Q2022P_S1986F_actout_ctlfit_dominant_cluster0_rep__zidesamtinib.log,7.0,-7.514,8.202,11.14
actout_ctlfit,Q2022P_S1986F,dominant_cluster_representative,0,1,11250,/homes/lkgyammerah/Molecular_Dynamics_analysis/dock/ROS1/q2022p_subset_receptors/actout_ctlfit/Q2022P_S1986F/Q2022P_S1986F_actout_ctlfit_dominant_cluster0_rep.pdb,/homes/lkgyammerah/Molecular_Dynamics_analysis/dock/ROS1/q2022p_vina/receptor_pdbqt/Q2022P_S1986F_actout_ctlfit_dominant_cluster0_rep.pdbqt,zidesamtinib,/homes/lkgyammerah/Molecular_Dynamics_analysis/dock/ROS1/q2022p_vina/ligand_pdbqt/zidesamtinib.pdbqt,/homes/lkgyammerah/Molecular_Dynamics_analysis/dock/ROS1/q2022p_vina/configs/Q2022P_S1986F_actout_ctlfit_dominant_cluster0_rep__zidesamtinib.txt,/homes/lkgyammerah/Molecular_Dynamics_analysis/dock/ROS1/q2022p_vina/vina_outputs/Q2022P_S1986F_actout_ctlfit_dominant_cluster0_rep__zidesamtinib.pdbqt,/homes/lkgyammerah/Molecular_Dynamics_analysis/dock/ROS1/q2022p_vina/vina_logs/Q2022P_S1986F_actout_ctlfit_dominant_cluster0_rep__zidesamtinib.log,8.0,-7.513,8.723,10.65
actout_ctlfit,Q2022P_S1986F,dominant_cluster_representative,0,1,11250,/homes/lkgyammerah/Molecular_Dynamics_analysis/dock/ROS1/q2022p_subset_receptors/actout_ctlfit/Q2022P_S1986F/Q2022P_S1986F_actout_ctlfit_dominant_cluster0_rep.pdb,/homes/lkgyammerah/Molecular_Dynamics_analysis/dock/ROS1/q2022p_vina/receptor_pdbqt/Q2022P_S1986F_actout_ctlfit_dominant_cluster0_rep.pdbqt,zidesamtinib,/homes/lkgyammerah/Molecular_Dynamics_analysis/dock/ROS1/q2022p_vina/ligand_pdbqt/zidesamtinib.pdbqt,/homes/lkgyammerah/Molecular_Dynamics_analysis/dock/ROS1/q2022p_vina/configs/Q2022P_S1986F_actout_ctlfit_dominant_cluster0_rep__zidesamtinib.txt,/homes/lkgyammerah/Molecular_Dynamics_analysis/dock/ROS1/q2022p_vina/vina_outputs/Q2022P_S1986F_actout_ctlfit_dominant_cluster0_rep__zidesamtinib.pdbqt,/homes/lkgyammerah/Molecular_Dynamics_analysis/dock/ROS1/q2022p_vina/vina_logs/Q2022P_S1986F_actout_ctlfit_dominant_cluster0_rep__zidesamtinib.log,9.0,-7.355,7.064,8.618
actout_ctlfit,Q2022P_S1986F,dominant_cluster_representative,0,1,11250,/homes/lkgyammerah/Molecular_Dynamics_analysis/dock/ROS1/q2022p_subset_receptors/actout_ctlfit/Q2022P_S1986F/Q2022P_S1986F_actout_ctlfit_dominant_cluster0_rep.pdb,/homes/lkgyammerah/Molecular_Dynamics_analysis/dock/ROS1/q2022p_vina/receptor_pdbqt/Q2022P_S1986F_actout_ctlfit_dominant_cluster0_rep.pdbqt,zidesamtinib,/homes/lkgyammerah/Molecular_Dynamics_analysis/dock/ROS1/q2022p_vina/ligand_pdbqt/zidesamtinib.pdbqt,/homes/lkgyammerah/Molecular_Dynamics_analysis/dock/ROS1/q2022p_vina/configs/Q2022P_S1986F_actout_ctlfit_dominant_cluster0_rep__zidesamtinib.txt,/homes/lkgyammerah/Molecular_Dynamics_analysis/dock/ROS1/q2022p_vina/vina_outputs/Q2022P_S1986F_actout_ctlfit_dominant_cluster0_rep__zidesamtinib.pdbqt,/homes/lkgyammerah/Molecular_Dynamics_analysis/dock/ROS1/q2022p_vina/vina_logs/Q2022P_S1986F_actout_ctlfit_dominant_cluster0_rep__zidesamtinib.log,10.0,-7.343,9.045,11.45
actout_ctlfit,Q2022P_S1986F,dominant_cluster_representative,0,1,11250,/homes/lkgyammerah/Molecular_Dynamics_analysis/dock/ROS1/q2022p_subset_receptors/actout_ctlfit/Q2022P_S1986F/Q2022P_S1986F_actout_ctlfit_dominant_cluster0_rep.pdb,/homes/lkgyammerah/Molecular_Dynamics_analysis/dock/ROS1/q2022p_vina/receptor_pdbqt/Q2022P_S1986F_actout_ctlfit_dominant_cluster0_rep.pdbqt,zidesamtinib,/homes/lkgyammerah/Molecular_Dynamics_analysis/dock/ROS1/q2022p_vina/ligand_pdbqt/zidesamtinib.pdbqt,/homes/lkgyammerah/Molecular_Dynamics_analysis/dock/ROS1/q2022p_vina/configs/Q2022P_S1986F_actout_ctlfit_dominant_cluster0_rep__zidesamtinib.txt,/homes/lkgyammerah/Molecular_Dynamics_analysis/dock/ROS1/q2022p_vina/vina_outputs/Q2022P_S1986F_actout_ctlfit_dominant_cluster0_rep__zidesamtinib.pdbqt,/homes/lkgyammerah/Molecular_Dynamics_analysis/dock/ROS1/q2022p_vina/vina_logs/Q2022P_S1986F_actout_ctlfit_dominant_cluster0_rep__zidesamtinib.log,11.0,-7.321,1.888,4.153
actout_ctlfit,Q2022P_S1986F,dominant_cluster_representative,0,1,11250,/homes/lkgyammerah/Molecular_Dynamics_analysis/dock/ROS1/q2022p_subset_receptors/actout_ctlfit/Q2022P_S1986F/Q2022P_S1986F_actout_ctlfit_dominant_cluster0_rep.pdb,/homes/lkgyammerah/Molecular_Dynamics_analysis/dock/ROS1/q2022p_vina/receptor_pdbqt/Q2022P_S1986F_actout_ctlfit_dominant_cluster0_rep.pdbqt,zidesamtinib,/homes/lkgyammerah/Molecular_Dynamics_analysis/dock/ROS1/q2022p_vina/ligand_pdbqt/zidesamtinib.pdbqt,/homes/lkgyammerah/Molecular_Dynamics_analysis/dock/ROS1/q2022p_vina/configs/Q2022P_S1986F_actout_ctlfit_dominant_cluster0_rep__zidesamtinib.txt,/homes/lkgyammerah/Molecular_Dynamics_analysis/dock/ROS1/q2022p_vina/vina_outputs/Q2022P_S1986F_actout_ctlfit_dominant_cluster0_rep__zidesamtinib.pdbqt,/homes/lkgyammerah/Molecular_Dynamics_analysis/dock/ROS1/q2022p_vina/vina_logs/Q2022P_S1986F_actout_ctlfit_dominant_cluster0_rep__zidesamtinib.log,12.0,-7.286,8.834,11.13
actout_ctlfit,Q2022P_S1986F,dominant_cluster_representative,0,1,11250,/homes/lkgyammerah/Molecular_Dynamics_analysis/dock/ROS1/q2022p_subset_receptors/actout_ctlfit/Q2022P_S1986F/Q2022P_S1986F_actout_ctlfit_dominant_cluster0_rep.pdb,/homes/lkgyammerah/Molecular_Dynamics_analysis/dock/ROS1/q2022p_vina/receptor_pdbqt/Q2022P_S1986F_actout_ctlfit_dominant_cluster0_rep.pdbqt,zidesamtinib,/homes/lkgyammerah/Molecular_Dynamics_analysis/dock/ROS1/q2022p_vina/ligand_pdbqt/zidesamtinib.pdbqt,/homes/lkgyammerah/Molecular_Dynamics_analysis/dock/ROS1/q2022p_vina/configs/Q2022P_S1986F_actout_ctlfit_dominant_cluster0_rep__zidesamtinib.txt,/homes/lkgyammerah/Molecular_Dynamics_analysis/dock/ROS1/q2022p_vina/vina_outputs/Q2022P_S1986F_actout_ctlfit_dominant_cluster0_rep__zidesamtinib.pdbqt,/homes/lkgyammerah/Molecular_Dynamics_analysis/dock/ROS1/q2022p_vina/vina_logs/Q2022P_S1986F_actout_ctlfit_dominant_cluster0_rep__zidesamtinib.log,13.0,-7.254,8.677,10.98
actout_ctlfit,Q2022P_S1986F,dominant_cluster_representative,0,1,11250,/homes/lkgyammerah/Molecular_Dynamics_analysis/dock/ROS1/q2022p_subset_receptors/actout_ctlfit/Q2022P_S1986F/Q2022P_S1986F_actout_ctlfit_dominant_cluster0_rep.pdb,/homes/lkgyammerah/Molecular_Dynamics_analysis/dock/ROS1/q2022p_vina/receptor_pdbqt/Q2022P_S1986F_actout_ctlfit_dominant_cluster0_rep.pdbqt,zidesamtinib,/homes/lkgyammerah/Molecular_Dynamics_analysis/dock/ROS1/q2022p_vina/ligand_pdbqt/zidesamtinib.pdbqt,/homes/lkgyammerah/Molecular_Dynamics_analysis/dock/ROS1/q2022p_vina/configs/Q2022P_S1986F_actout_ctlfit_dominant_cluster0_rep__zidesamtinib.txt,/homes/lkgyammerah/Molecular_Dynamics_analysis/dock/ROS1/q2022p_vina/vina_outputs/Q2022P_S1986F_actout_ctlfit_dominant_cluster0_rep__zidesamtinib.pdbqt,/homes/lkgyammerah/Molecular_Dynamics_analysis/dock/ROS1/q2022p_vina/vina_logs/Q2022P_S1986F_actout_ctlfit_dominant_cluster0_rep__zidesamtinib.log,14.0,-7.235,7.402,9.15
actout_ctlfit,Q2022P_S1986F,dominant_cluster_representative,0,1,11250,/homes/lkgyammerah/Molecular_Dynamics_analysis/dock/ROS1/q2022p_subset_receptors/actout_ctlfit/Q2022P_S1986F/Q2022P_S1986F_actout_ctlfit_dominant_cluster0_rep.pdb,/homes/lkgyammerah/Molecular_Dynamics_analysis/dock/ROS1/q2022p_vina/receptor_pdbqt/Q2022P_S1986F_actout_ctlfit_dominant_cluster0_rep.pdbqt,zidesamtinib,/homes/lkgyammerah/Molecular_Dynamics_analysis/dock/ROS1/q2022p_vina/ligand_pdbqt/zidesamtinib.pdbqt,/homes/lkgyammerah/Molecular_Dynamics_analysis/dock/ROS1/q2022p_vina/configs/Q2022P_S1986F_actout_ctlfit_dominant_cluster0_rep__zidesamtinib.txt,/homes/lkgyammerah/Molecular_Dynamics_analysis/dock/ROS1/q2022p_vina/vina_outputs/Q2022P_S1986F_actout_ctlfit_dominant_cluster0_rep__zidesamtinib.pdbqt,/homes/lkgyammerah/Molecular_Dynamics_analysis/dock/ROS1/q2022p_vina/vina_logs/Q2022P_S1986F_actout_ctlfit_dominant_cluster0_rep__zidesamtinib.log,15.0,-7.222,7.005,10.13
actout_ctlfit,Q2022P_S1986F,dominant_cluster_representative,0,1,11250,/homes/lkgyammerah/Molecular_Dynamics_analysis/dock/ROS1/q2022p_subset_receptors/actout_ctlfit/Q2022P_S1986F/Q2022P_S1986F_actout_ctlfit_dominant_cluster0_rep.pdb,/homes/lkgyammerah/Molecular_Dynamics_analysis/dock/ROS1/q2022p_vina/receptor_pdbqt/Q2022P_S1986F_actout_ctlfit_dominant_cluster0_rep.pdbqt,zidesamtinib,/homes/lkgyammerah/Molecular_Dynamics_analysis/dock/ROS1/q2022p_vina/ligand_pdbqt/zidesamtinib.pdbqt,/homes/lkgyammerah/Molecular_Dynamics_analysis/dock/ROS1/q2022p_vina/configs/Q2022P_S1986F_actout_ctlfit_dominant_cluster0_rep__zidesamtinib.txt,/homes/lkgyammerah/Molecular_Dynamics_analysis/dock/ROS1/q2022p_vina/vina_outputs/Q2022P_S1986F_actout_ctlfit_dominant_cluster0_rep__zidesamtinib.pdbqt,/homes/lkgyammerah/Molecular_Dynamics_analysis/dock/ROS1/q2022p_vina/vina_logs/Q2022P_S1986F_actout_ctlfit_dominant_cluster0_rep__zidesamtinib.log,16.0,-7.219,1.77,3.227
actout_ctlfit,Q2022P_S1986F,dominant_cluster_representative,0,1,11250,/homes/lkgyammerah/Molecular_Dynamics_analysis/dock/ROS1/q2022p_subset_receptors/actout_ctlfit/Q2022P_S1986F/Q2022P_S1986F_actout_ctlfit_dominant_cluster0_rep.pdb,/homes/lkgyammerah/Molecular_Dynamics_analysis/dock/ROS1/q2022p_vina/receptor_pdbqt/Q2022P_S1986F_actout_ctlfit_dominant_cluster0_rep.pdbqt,zidesamtinib,/homes/lkgyammerah/Molecular_Dynamics_analysis/dock/ROS1/q2022p_vina/ligand_pdbqt/zidesamtinib.pdbqt,/homes/lkgyammerah/Molecular_Dynamics_analysis/dock/ROS1/q2022p_vina/configs/Q2022P_S1986F_actout_ctlfit_dominant_cluster0_rep__zidesamtinib.txt,/homes/lkgyammerah/Molecular_Dynamics_analysis/dock/ROS1/q2022p_vina/vina_outputs/Q2022P_S1986F_actout_ctlfit_dominant_cluster0_rep__zidesamtinib.pdbqt,/homes/lkgyammerah/Molecular_Dynamics_analysis/dock/ROS1/q2022p_vina/vina_logs/Q2022P_S1986F_actout_ctlfit_dominant_cluster0_rep__zidesamtinib.log,17.0,-7.208,7.987,10.56
actout_ctlfit,Q2022P_S1986F,dominant_cluster_representative,0,1,11250,/homes/lkgyammerah/Molecular_Dynamics_analysis/dock/ROS1/q2022p_subset_receptors/actout_ctlfit/Q2022P_S1986F/Q2022P_S1986F_actout_ctlfit_dominant_cluster0_rep.pdb,/homes/lkgyammerah/Molecular_Dynamics_analysis/dock/ROS1/q2022p_vina/receptor_pdbqt/Q2022P_S1986F_actout_ctlfit_dominant_cluster0_rep.pdbqt,zidesamtinib,/homes/lkgyammerah/Molecular_Dynamics_analysis/dock/ROS1/q2022p_vina/ligand_pdbqt/zidesamtinib.pdbqt,/homes/lkgyammerah/Molecular_Dynamics_analysis/dock/ROS1/q2022p_vina/configs/Q2022P_S1986F_actout_ctlfit_dominant_cluster0_rep__zidesamtinib.txt,/homes/lkgyammerah/Molecular_Dynamics_analysis/dock/ROS1/q2022p_vina/vina_outputs/Q2022P_S1986F_actout_ctlfit_dominant_cluster0_rep__zidesamtinib.pdbqt,/homes/lkgyammerah/Molecular_Dynamics_analysis/dock/ROS1/q2022p_vina/vina_logs/Q2022P_S1986F_actout_ctlfit_dominant_cluster0_rep__zidesamtinib.log,18.0,-7.167,1.611,4.249
actout_ctlfit,Q2022P_S1986F,dominant_cluster_representative,0,1,11250,/homes/lkgyammerah/Molecular_Dynamics_analysis/dock/ROS1/q2022p_subset_receptors/actout_ctlfit/Q2022P_S1986F/Q2022P_S1986F_actout_ctlfit_dominant_cluster0_rep.pdb,/homes/lkgyammerah/Molecular_Dynamics_analysis/dock/ROS1/q2022p_vina/receptor_pdbqt/Q2022P_S1986F_actout_ctlfit_dominant_cluster0_rep.pdbqt,zidesamtinib,/homes/lkgyammerah/Molecular_Dynamics_analysis/dock/ROS1/q2022p_vina/ligand_pdbqt/zidesamtinib.pdbqt,/homes/lkgyammerah/Molecular_Dynamics_analysis/dock/ROS1/q2022p_vina/configs/Q2022P_S1986F_actout_ctlfit_dominant_cluster0_rep__zidesamtinib.txt,/homes/lkgyammerah/Molecular_Dynamics_analysis/dock/ROS1/q2022p_vina/vina_outputs/Q2022P_S1986F_actout_ctlfit_dominant_cluster0_rep__zidesamtinib.pdbqt,/homes/lkgyammerah/Molecular_Dynamics_analysis/dock/ROS1/q2022p_vina/vina_logs/Q2022P_S1986F_actout_ctlfit_dominant_cluster0_rep__zidesamtinib.log,19.0,-7.152,9.006,11.77
actout_ctlfit,Q2022P_S1986F,dominant_cluster_representative,0,1,11250,/homes/lkgyammerah/Molecular_Dynamics_analysis/dock/ROS1/q2022p_subset_receptors/actout_ctlfit/Q2022P_S1986F/Q2022P_S1986F_actout_ctlfit_dominant_cluster0_rep.pdb,/homes/lkgyammerah/Molecular_Dynamics_analysis/dock/ROS1/q2022p_vina/receptor_pdbqt/Q2022P_S1986F_actout_ctlfit_dominant_cluster0_rep.pdbqt,zidesamtinib,/homes/lkgyammerah/Molecular_Dynamics_analysis/dock/ROS1/q2022p_vina/ligand_pdbqt/zidesamtinib.pdbqt,/homes/lkgyammerah/Molecular_Dynamics_analysis/dock/ROS1/q2022p_vina/configs/Q2022P_S1986F_actout_ctlfit_dominant_cluster0_rep__zidesamtinib.txt,/homes/lkgyammerah/Molecular_Dynamics_analysis/dock/ROS1/q2022p_vina/vina_outputs/Q2022P_S1986F_actout_ctlfit_dominant_cluster0_rep__zidesamtinib.pdbqt,/homes/lkgyammerah/Molecular_Dynamics_analysis/dock/ROS1/q2022p_vina/vina_logs/Q2022P_S1986F_actout_ctlfit_dominant_cluster0_rep__zidesamtinib.log,20.0,-7.088,8.436,11.17
actout_ctlfit,Q2022P_S1986Y,dominant_cluster_representative,0,1,13200,/homes/lkgyammerah/Molecular_Dynamics_analysis/dock/ROS1/q2022p_subset_receptors/actout_ctlfit/Q2022P_S1986Y/Q2022P_S1986Y_actout_ctlfit_dominant_cluster0_rep.pdb,/homes/lkgyammerah/Molecular_Dynamics_analysis/dock/ROS1/q2022p_vina/receptor_pdbqt/Q2022P_S1986Y_actout_ctlfit_dominant_cluster0_rep.pdbqt,crizotinib,/homes/lkgyammerah/Molecular_Dynamics_analysis/dock/ROS1/q2022p_vina/ligand_pdbqt/crizotinib.pdbqt,/homes/lkgyammerah/Molecular_Dynamics_analysis/dock/ROS1/q2022p_vina/configs/Q2022P_S1986Y_actout_ctlfit_dominant_cluster0_rep__crizotinib.txt,/homes/lkgyammerah/Molecular_Dynamics_analysis/dock/ROS1/q2022p_vina/vina_outputs/Q2022P_S1986Y_actout_ctlfit_dominant_cluster0_rep__crizotinib.pdbqt,/homes/lkgyammerah/Molecular_Dynamics_analysis/dock/ROS1/q2022p_vina/vina_logs/Q2022P_S1986Y_actout_ctlfit_dominant_cluster0_rep__crizotinib.log,2.0,-5.632,0.9008,1.888
actout_ctlfit,Q2022P_S1986Y,dominant_cluster_representative,0,1,13200,/homes/lkgyammerah/Molecular_Dynamics_analysis/dock/ROS1/q2022p_subset_receptors/actout_ctlfit/Q2022P_S1986Y/Q2022P_S1986Y_actout_ctlfit_dominant_cluster0_rep.pdb,/homes/lkgyammerah/Molecular_Dynamics_analysis/dock/ROS1/q2022p_vina/receptor_pdbqt/Q2022P_S1986Y_actout_ctlfit_dominant_cluster0_rep.pdbqt,crizotinib,/homes/lkgyammerah/Molecular_Dynamics_analysis/dock/ROS1/q2022p_vina/ligand_pdbqt/crizotinib.pdbqt,/homes/lkgyammerah/Molecular_Dynamics_analysis/dock/ROS1/q2022p_vina/configs/Q2022P_S1986Y_actout_ctlfit_dominant_cluster0_rep__crizotinib.txt,/homes/lkgyammerah/Molecular_Dynamics_analysis/dock/ROS1/q2022p_vina/vina_outputs/Q2022P_S1986Y_actout_ctlfit_dominant_cluster0_rep__crizotinib.pdbqt,/homes/lkgyammerah/Molecular_Dynamics_analysis/dock/ROS1/q2022p_vina/vina_logs/Q2022P_S1986Y_actout_ctlfit_dominant_cluster0_rep__crizotinib.log,3.0,-5.405,6.093,11.98
actout_ctlfit,Q2022P_S1986Y,dominant_cluster_representative,0,1,13200,/homes/lkgyammerah/Molecular_Dynamics_analysis/dock/ROS1/q2022p_subset_receptors/actout_ctlfit/Q2022P_S1986Y/Q2022P_S1986Y_actout_ctlfit_dominant_cluster0_rep.pdb,/homes/lkgyammerah/Molecular_Dynamics_analysis/dock/ROS1/q2022p_vina/receptor_pdbqt/Q2022P_S1986Y_actout_ctlfit_dominant_cluster0_rep.pdbqt,crizotinib,/homes/lkgyammerah/Molecular_Dynamics_analysis/dock/ROS1/q2022p_vina/ligand_pdbqt/crizotinib.pdbqt,/homes/lkgyammerah/Molecular_Dynamics_analysis/dock/ROS1/q2022p_vina/configs/Q2022P_S1986Y_actout_ctlfit_dominant_cluster0_rep__crizotinib.txt,/homes/lkgyammerah/Molecular_Dynamics_analysis/dock/ROS1/q2022p_vina/vina_outputs/Q2022P_S1986Y_actout_ctlfit_dominant_cluster0_rep__crizotinib.pdbqt,/homes/lkgyammerah/Molecular_Dynamics_analysis/dock/ROS1/q2022p_vina/vina_logs/Q2022P_S1986Y_actout_ctlfit_dominant_cluster0_rep__crizotinib.log,4.0,-5.404,1.58,2.391
actout_ctlfit,Q2022P_S1986Y,dominant_cluster_representative,0,1,13200,/homes/lkgyammerah/Molecular_Dynamics_analysis/dock/ROS1/q2022p_subset_receptors/actout_ctlfit/Q2022P_S1986Y/Q2022P_S1986Y_actout_ctlfit_dominant_cluster0_rep.pdb,/homes/lkgyammerah/Molecular_Dynamics_analysis/dock/ROS1/q2022p_vina/receptor_pdbqt/Q2022P_S1986Y_actout_ctlfit_dominant_cluster0_rep.pdbqt,crizotinib,/homes/lkgyammerah/Molecular_Dynamics_analysis/dock/ROS1/q2022p_vina/ligand_pdbqt/crizotinib.pdbqt,/homes/lkgyammerah/Molecular_Dynamics_analysis/dock/ROS1/q2022p_vina/configs/Q2022P_S1986Y_actout_ctlfit_dominant_cluster0_rep__crizotinib.txt,/homes/lkgyammerah/Molecular_Dynamics_analysis/dock/ROS1/q2022p_vina/vina_outputs/Q2022P_S1986Y_actout_ctlfit_dominant_cluster0_rep__crizotinib.pdbqt,/homes/lkgyammerah/Molecular_Dynamics_analysis/dock/ROS1/q2022p_vina/vina_logs/Q2022P_S1986Y_actout_ctlfit_dominant_cluster0_rep__crizotinib.log,5.0,-5.399,3.469,4.789
actout_ctlfit,Q2022P_S1986Y,dominant_cluster_representative,0,1,13200,/homes/lkgyammerah/Molecular_Dynamics_analysis/dock/ROS1/q2022p_subset_receptors/actout_ctlfit/Q2022P_S1986Y/Q2022P_S1986Y_actout_ctlfit_dominant_cluster0_rep.pdb,/homes/lkgyammerah/Molecular_Dynamics_analysis/dock/ROS1/q2022p_vina/receptor_pdbqt/Q2022P_S1986Y_actout_ctlfit_dominant_cluster0_rep.pdbqt,crizotinib,/homes/lkgyammerah/Molecular_Dynamics_analysis/dock/ROS1/q2022p_vina/ligand_pdbqt/crizotinib.pdbqt,/homes/lkgyammerah/Molecular_Dynamics_analysis/dock/ROS1/q2022p_vina/configs/Q2022P_S1986Y_actout_ctlfit_dominant_cluster0_rep__crizotinib.txt,/homes/lkgyammerah/Molecular_Dynamics_analysis/dock/ROS1/q2022p_vina/vina_outputs/Q2022P_S1986Y_actout_ctlfit_dominant_cluster0_rep__crizotinib.pdbqt,/homes/lkgyammerah/Molecular_Dynamics_analysis/dock/ROS1/q2022p_vina/vina_logs/Q2022P_S1986Y_actout_ctlfit_dominant_cluster0_rep__crizotinib.log,6.0,-5.352,1.899,2.281
actout_ctlfit,Q2022P_S1986Y,dominant_cluster_representative,0,1,13200,/homes/lkgyammerah/Molecular_Dynamics_analysis/dock/ROS1/q2022p_subset_receptors/actout_ctlfit/Q2022P_S1986Y/Q2022P_S1986Y_actout_ctlfit_dominant_cluster0_rep.pdb,/homes/lkgyammerah/Molecular_Dynamics_analysis/dock/ROS1/q2022p_vina/receptor_pdbqt/Q2022P_S1986Y_actout_ctlfit_dominant_cluster0_rep.pdbqt,crizotinib,/homes/lkgyammerah/Molecular_Dynamics_analysis/dock/ROS1/q2022p_vina/ligand_pdbqt/crizotinib.pdbqt,/homes/lkgyammerah/Molecular_Dynamics_analysis/dock/ROS1/q2022p_vina/configs/Q2022P_S1986Y_actout_ctlfit_dominant_cluster0_rep__crizotinib.txt,/homes/lkgyammerah/Molecular_Dynamics_analysis/dock/ROS1/q2022p_vina/vina_outputs/Q2022P_S1986Y_actout_ctlfit_dominant_cluster0_rep__crizotinib.pdbqt,/homes/lkgyammerah/Molecular_Dynamics_analysis/dock/ROS1/q2022p_vina/vina_logs/Q2022P_S1986Y_actout_ctlfit_dominant_cluster0_rep__crizotinib.log,7.0,-5.336,2.963,3.731
actout_ctlfit,Q2022P_S1986Y,dominant_cluster_representative,0,1,13200,/homes/lkgyammerah/Molecular_Dynamics_analysis/dock/ROS1/q2022p_subset_receptors/actout_ctlfit/Q2022P_S1986Y/Q2022P_S1986Y_actout_ctlfit_dominant_cluster0_rep.pdb,/homes/lkgyammerah/Molecular_Dynamics_analysis/dock/ROS1/q2022p_vina/receptor_pdbqt/Q2022P_S1986Y_actout_ctlfit_dominant_cluster0_rep.pdbqt,crizotinib,/homes/lkgyammerah/Molecular_Dynamics_analysis/dock/ROS1/q2022p_vina/ligand_pdbqt/crizotinib.pdbqt,/homes/lkgyammerah/Molecular_Dynamics_analysis/dock/ROS1/q2022p_vina/configs/Q2022P_S1986Y_actout_ctlfit_dominant_cluster0_rep__crizotinib.txt,/homes/lkgyammerah/Molecular_Dynamics_analysis/dock/ROS1/q2022p_vina/vina_outputs/Q2022P_S1986Y_actout_ctlfit_dominant_cluster0_rep__crizotinib.pdbqt,/homes/lkgyammerah/Molecular_Dynamics_analysis/dock/ROS1/q2022p_vina/vina_logs/Q2022P_S1986Y_actout_ctlfit_dominant_cluster0_rep__crizotinib.log,8.0,-5.269,4.747,8.669
actout_ctlfit,Q2022P_S1986Y,dominant_cluster_representative,0,1,13200,/homes/lkgyammerah/Molecular_Dynamics_analysis/dock/ROS1/q2022p_subset_receptors/actout_ctlfit/Q2022P_S1986Y/Q2022P_S1986Y_actout_ctlfit_dominant_cluster0_rep.pdb,/homes/lkgyammerah/Molecular_Dynamics_analysis/dock/ROS1/q2022p_vina/receptor_pdbqt/Q2022P_S1986Y_actout_ctlfit_dominant_cluster0_rep.pdbqt,crizotinib,/homes/lkgyammerah/Molecular_Dynamics_analysis/dock/ROS1/q2022p_vina/ligand_pdbqt/crizotinib.pdbqt,/homes/lkgyammerah/Molecular_Dynamics_analysis/dock/ROS1/q2022p_vina/configs/Q2022P_S1986Y_actout_ctlfit_dominant_cluster0_rep__crizotinib.txt,/homes/lkgyammerah/Molecular_Dynamics_analysis/dock/ROS1/q2022p_vina/vina_outputs/Q2022P_S1986Y_actout_ctlfit_dominant_cluster0_rep__crizotinib.pdbqt,/homes/lkgyammerah/Molecular_Dynamics_analysis/dock/ROS1/q2022p_vina/vina_logs/Q2022P_S1986Y_actout_ctlfit_dominant_cluster0_rep__crizotinib.log,9.0,-5.239,1.852,2.479
actout_ctlfit,Q2022P_S1986Y,dominant_cluster_representative,0,1,13200,/homes/lkgyammerah/Molecular_Dynamics_analysis/dock/ROS1/q2022p_subset_receptors/actout_ctlfit/Q2022P_S1986Y/Q2022P_S1986Y_actout_ctlfit_dominant_cluster0_rep.pdb,/homes/lkgyammerah/Molecular_Dynamics_analysis/dock/ROS1/q2022p_vina/receptor_pdbqt/Q2022P_S1986Y_actout_ctlfit_dominant_cluster0_rep.pdbqt,crizotinib,/homes/lkgyammerah/Molecular_Dynamics_analysis/dock/ROS1/q2022p_vina/ligand_pdbqt/crizotinib.pdbqt,/homes/lkgyammerah/Molecular_Dynamics_analysis/dock/ROS1/q2022p_vina/configs/Q2022P_S1986Y_actout_ctlfit_dominant_cluster0_rep__crizotinib.txt,/homes/lkgyammerah/Molecular_Dynamics_analysis/dock/ROS1/q2022p_vina/vina_outputs/Q2022P_S1986Y_actout_ctlfit_dominant_cluster0_rep__crizotinib.pdbqt,/homes/lkgyammerah/Molecular_Dynamics_analysis/dock/ROS1/q2022p_vina/vina_logs/Q2022P_S1986Y_actout_ctlfit_dominant_cluster0_rep__crizotinib.log,10.0,-5.221,4.324,9.46
actout_ctlfit,Q2022P_S1986Y,dominant_cluster_representative,0,1,13200,/homes/lkgyammerah/Molecular_Dynamics_analysis/dock/ROS1/q2022p_subset_receptors/actout_ctlfit/Q2022P_S1986Y/Q2022P_S1986Y_actout_ctlfit_dominant_cluster0_rep.pdb,/homes/lkgyammerah/Molecular_Dynamics_analysis/dock/ROS1/q2022p_vina/receptor_pdbqt/Q2022P_S1986Y_actout_ctlfit_dominant_cluster0_rep.pdbqt,crizotinib,/homes/lkgyammerah/Molecular_Dynamics_analysis/dock/ROS1/q2022p_vina/ligand_pdbqt/crizotinib.pdbqt,/homes/lkgyammerah/Molecular_Dynamics_analysis/dock/ROS1/q2022p_vina/configs/Q2022P_S1986Y_actout_ctlfit_dominant_cluster0_rep__crizotinib.txt,/homes/lkgyammerah/Molecular_Dynamics_analysis/dock/ROS1/q2022p_vina/vina_outputs/Q2022P_S1986Y_actout_ctlfit_dominant_cluster0_rep__crizotinib.pdbqt,/homes/lkgyammerah/Molecular_Dynamics_analysis/dock/ROS1/q2022p_vina/vina_logs/Q2022P_S1986Y_actout_ctlfit_dominant_cluster0_rep__crizotinib.log,11.0,-5.214,5.014,9.912
actout_ctlfit,Q2022P_S1986Y,dominant_cluster_representative,0,1,13200,/homes/lkgyammerah/Molecular_Dynamics_analysis/dock/ROS1/q2022p_subset_receptors/actout_ctlfit/Q2022P_S1986Y/Q2022P_S1986Y_actout_ctlfit_dominant_cluster0_rep.pdb,/homes/lkgyammerah/Molecular_Dynamics_analysis/dock/ROS1/q2022p_vina/receptor_pdbqt/Q2022P_S1986Y_actout_ctlfit_dominant_cluster0_rep.pdbqt,crizotinib,/homes/lkgyammerah/Molecular_Dynamics_analysis/dock/ROS1/q2022p_vina/ligand_pdbqt/crizotinib.pdbqt,/homes/lkgyammerah/Molecular_Dynamics_analysis/dock/ROS1/q2022p_vina/configs/Q2022P_S1986Y_actout_ctlfit_dominant_cluster0_rep__crizotinib.txt,/homes/lkgyammerah/Molecular_Dynamics_analysis/dock/ROS1/q2022p_vina/vina_outputs/Q2022P_S1986Y_actout_ctlfit_dominant_cluster0_rep__crizotinib.pdbqt,/homes/lkgyammerah/Molecular_Dynamics_analysis/dock/ROS1/q2022p_vina/vina_logs/Q2022P_S1986Y_actout_ctlfit_dominant_cluster0_rep__crizotinib.log,12.0,-5.114,3.898,8.718
actout_ctlfit,Q2022P_S1986Y,dominant_cluster_representative,0,1,13200,/homes/lkgyammerah/Molecular_Dynamics_analysis/dock/ROS1/q2022p_subset_receptors/actout_ctlfit/Q2022P_S1986Y/Q2022P_S1986Y_actout_ctlfit_dominant_cluster0_rep.pdb,/homes/lkgyammerah/Molecular_Dynamics_analysis/dock/ROS1/q2022p_vina/receptor_pdbqt/Q2022P_S1986Y_actout_ctlfit_dominant_cluster0_rep.pdbqt,crizotinib,/homes/lkgyammerah/Molecular_Dynamics_analysis/dock/ROS1/q2022p_vina/ligand_pdbqt/crizotinib.pdbqt,/homes/lkgyammerah/Molecular_Dynamics_analysis/dock/ROS1/q2022p_vina/configs/Q2022P_S1986Y_actout_ctlfit_dominant_cluster0_rep__crizotinib.txt,/homes/lkgyammerah/Molecular_Dynamics_analysis/dock/ROS1/q2022p_vina/vina_outputs/Q2022P_S1986Y_actout_ctlfit_dominant_cluster0_rep__crizotinib.pdbqt,/homes/lkgyammerah/Molecular_Dynamics_analysis/dock/ROS1/q2022p_vina/vina_logs/Q2022P_S1986Y_actout_ctlfit_dominant_cluster0_rep__crizotinib.log,13.0,-5.112,2.84,3.714
actout_ctlfit,Q2022P_S1986Y,dominant_cluster_representative,0,1,13200,/homes/lkgyammerah/Molecular_Dynamics_analysis/dock/ROS1/q2022p_subset_receptors/actout_ctlfit/Q2022P_S1986Y/Q2022P_S1986Y_actout_ctlfit_dominant_cluster0_rep.pdb,/homes/lkgyammerah/Molecular_Dynamics_analysis/dock/ROS1/q2022p_vina/receptor_pdbqt/Q2022P_S1986Y_actout_ctlfit_dominant_cluster0_rep.pdbqt,crizotinib,/homes/lkgyammerah/Molecular_Dynamics_analysis/dock/ROS1/q2022p_vina/ligand_pdbqt/crizotinib.pdbqt,/homes/lkgyammerah/Molecular_Dynamics_analysis/dock/ROS1/q2022p_vina/configs/Q2022P_S1986Y_actout_ctlfit_dominant_cluster0_rep__crizotinib.txt,/homes/lkgyammerah/Molecular_Dynamics_analysis/dock/ROS1/q2022p_vina/vina_outputs/Q2022P_S1986Y_actout_ctlfit_dominant_cluster0_rep__crizotinib.pdbqt,/homes/lkgyammerah/Molecular_Dynamics_analysis/dock/ROS1/q2022p_vina/vina_logs/Q2022P_S1986Y_actout_ctlfit_dominant_cluster0_rep__crizotinib.log,14.0,-5.069,4.745,7.384
actout_ctlfit,Q2022P_S1986Y,dominant_cluster_representative,0,1,13200,/homes/lkgyammerah/Molecular_Dynamics_analysis/dock/ROS1/q2022p_subset_receptors/actout_ctlfit/Q2022P_S1986Y/Q2022P_S1986Y_actout_ctlfit_dominant_cluster0_rep.pdb,/homes/lkgyammerah/Molecular_Dynamics_analysis/dock/ROS1/q2022p_vina/receptor_pdbqt/Q2022P_S1986Y_actout_ctlfit_dominant_cluster0_rep.pdbqt,crizotinib,/homes/lkgyammerah/Molecular_Dynamics_analysis/dock/ROS1/q2022p_vina/ligand_pdbqt/crizotinib.pdbqt,/homes/lkgyammerah/Molecular_Dynamics_analysis/dock/ROS1/q2022p_vina/configs/Q2022P_S1986Y_actout_ctlfit_dominant_cluster0_rep__crizotinib.txt,/homes/lkgyammerah/Molecular_Dynamics_analysis/dock/ROS1/q2022p_vina/vina_outputs/Q2022P_S1986Y_actout_ctlfit_dominant_cluster0_rep__crizotinib.pdbqt,/homes/lkgyammerah/Molecular_Dynamics_analysis/dock/ROS1/q2022p_vina/vina_logs/Q2022P_S1986Y_actout_ctlfit_dominant_cluster0_rep__crizotinib.log,15.0,-5.05,2.758,3.574
actout_ctlfit,Q2022P_S1986Y,dominant_cluster_representative,0,1,13200,/homes/lkgyammerah/Molecular_Dynamics_analysis/dock/ROS1/q2022p_subset_receptors/actout_ctlfit/Q2022P_S1986Y/Q2022P_S1986Y_actout_ctlfit_dominant_cluster0_rep.pdb,/homes/lkgyammerah/Molecular_Dynamics_analysis/dock/ROS1/q2022p_vina/receptor_pdbqt/Q2022P_S1986Y_actout_ctlfit_dominant_cluster0_rep.pdbqt,crizotinib,/homes/lkgyammerah/Molecular_Dynamics_analysis/dock/ROS1/q2022p_vina/ligand_pdbqt/crizotinib.pdbqt,/homes/lkgyammerah/Molecular_Dynamics_analysis/dock/ROS1/q2022p_vina/configs/Q2022P_S1986Y_actout_ctlfit_dominant_cluster0_rep__crizotinib.txt,/homes/lkgyammerah/Molecular_Dynamics_analysis/dock/ROS1/q2022p_vina/vina_outputs/Q2022P_S1986Y_actout_ctlfit_dominant_cluster0_rep__crizotinib.pdbqt,/homes/lkgyammerah/Molecular_Dynamics_analysis/dock/ROS1/q2022p_vina/vina_logs/Q2022P_S1986Y_actout_ctlfit_dominant_cluster0_rep__crizotinib.log,16.0,-4.964,4.81,7.7
actout_ctlfit,Q2022P_S1986Y,dominant_cluster_representative,0,1,13200,/homes/lkgyammerah/Molecular_Dynamics_analysis/dock/ROS1/q2022p_subset_receptors/actout_ctlfit/Q2022P_S1986Y/Q2022P_S1986Y_actout_ctlfit_dominant_cluster0_rep.pdb,/homes/lkgyammerah/Molecular_Dynamics_analysis/dock/ROS1/q2022p_vina/receptor_pdbqt/Q2022P_S1986Y_actout_ctlfit_dominant_cluster0_rep.pdbqt,crizotinib,/homes/lkgyammerah/Molecular_Dynamics_analysis/dock/ROS1/q2022p_vina/ligand_pdbqt/crizotinib.pdbqt,/homes/lkgyammerah/Molecular_Dynamics_analysis/dock/ROS1/q2022p_vina/configs/Q2022P_S1986Y_actout_ctlfit_dominant_cluster0_rep__crizotinib.txt,/homes/lkgyammerah/Molecular_Dynamics_analysis/dock/ROS1/q2022p_vina/vina_outputs/Q2022P_S1986Y_actout_ctlfit_dominant_cluster0_rep__crizotinib.pdbqt,/homes/lkgyammerah/Molecular_Dynamics_analysis/dock/ROS1/q2022p_vina/vina_logs/Q2022P_S1986Y_actout_ctlfit_dominant_cluster0_rep__crizotinib.log,17.0,-4.952,4.235,7.597
actout_ctlfit,Q2022P_S1986Y,dominant_cluster_representative,0,1,13200,/homes/lkgyammerah/Molecular_Dynamics_analysis/dock/ROS1/q2022p_subset_receptors/actout_ctlfit/Q2022P_S1986Y/Q2022P_S1986Y_actout_ctlfit_dominant_cluster0_rep.pdb,/homes/lkgyammerah/Molecular_Dynamics_analysis/dock/ROS1/q2022p_vina/receptor_pdbqt/Q2022P_S1986Y_actout_ctlfit_dominant_cluster0_rep.pdbqt,crizotinib,/homes/lkgyammerah/Molecular_Dynamics_analysis/dock/ROS1/q2022p_vina/ligand_pdbqt/crizotinib.pdbqt,/homes/lkgyammerah/Molecular_Dynamics_analysis/dock/ROS1/q2022p_vina/configs/Q2022P_S1986Y_actout_ctlfit_dominant_cluster0_rep__crizotinib.txt,/homes/lkgyammerah/Molecular_Dynamics_analysis/dock/ROS1/q2022p_vina/vina_outputs/Q2022P_S1986Y_actout_ctlfit_dominant_cluster0_rep__crizotinib.pdbqt,/homes/lkgyammerah/Molecular_Dynamics_analysis/dock/ROS1/q2022p_vina/vina_logs/Q2022P_S1986Y_actout_ctlfit_dominant_cluster0_rep__crizotinib.log,18.0,-4.863,5.295,9.66
actout_ctlfit,Q2022P_S1986Y,dominant_cluster_representative,0,1,13200,/homes/lkgyammerah/Molecular_Dynamics_analysis/dock/ROS1/q2022p_subset_receptors/actout_ctlfit/Q2022P_S1986Y/Q2022P_S1986Y_actout_ctlfit_dominant_cluster0_rep.pdb,/homes/lkgyammerah/Molecular_Dynamics_analysis/dock/ROS1/q2022p_vina/receptor_pdbqt/Q2022P_S1986Y_actout_ctlfit_dominant_cluster0_rep.pdbqt,crizotinib,/homes/lkgyammerah/Molecular_Dynamics_analysis/dock/ROS1/q2022p_vina/ligand_pdbqt/crizotinib.pdbqt,/homes/lkgyammerah/Molecular_Dynamics_analysis/dock/ROS1/q2022p_vina/configs/Q2022P_S1986Y_actout_ctlfit_dominant_cluster0_rep__crizotinib.txt,/homes/lkgyammerah/Molecular_Dynamics_analysis/dock/ROS1/q2022p_vina/vina_outputs/Q2022P_S1986Y_actout_ctlfit_dominant_cluster0_rep__crizotinib.pdbqt,/homes/lkgyammerah/Molecular_Dynamics_analysis/dock/ROS1/q2022p_vina/vina_logs/Q2022P_S1986Y_actout_ctlfit_dominant_cluster0_rep__crizotinib.log,19.0,-4.795,4.583,6.766
actout_ctlfit,Q2022P_S1986Y,dominant_cluster_representative,0,1,13200,/homes/lkgyammerah/Molecular_Dynamics_analysis/dock/ROS1/q2022p_subset_receptors/actout_ctlfit/Q2022P_S1986Y/Q2022P_S1986Y_actout_ctlfit_dominant_cluster0_rep.pdb,/homes/lkgyammerah/Molecular_Dynamics_analysis/dock/ROS1/q2022p_vina/receptor_pdbqt/Q2022P_S1986Y_actout_ctlfit_dominant_cluster0_rep.pdbqt,crizotinib,/homes/lkgyammerah/Molecular_Dynamics_analysis/dock/ROS1/q2022p_vina/ligand_pdbqt/crizotinib.pdbqt,/homes/lkgyammerah/Molecular_Dynamics_analysis/dock/ROS1/q2022p_vina/configs/Q2022P_S1986Y_actout_ctlfit_dominant_cluster0_rep__crizotinib.txt,/homes/lkgyammerah/Molecular_Dynamics_analysis/dock/ROS1/q2022p_vina/vina_outputs/Q2022P_S1986Y_actout_ctlfit_dominant_cluster0_rep__crizotinib.pdbqt,/homes/lkgyammerah/Molecular_Dynamics_analysis/dock/ROS1/q2022p_vina/vina_logs/Q2022P_S1986Y_actout_ctlfit_dominant_cluster0_rep__crizotinib.log,20.0,-4.744,2.994,4.284
actout_ctlfit,Q2022P_S1986Y,dominant_cluster_representative,0,1,13200,/homes/lkgyammerah/Molecular_Dynamics_analysis/dock/ROS1/q2022p_subset_receptors/actout_ctlfit/Q2022P_S1986Y/Q2022P_S1986Y_actout_ctlfit_dominant_cluster0_rep.pdb,/homes/lkgyammerah/Molecular_Dynamics_analysis/dock/ROS1/q2022p_vina/receptor_pdbqt/Q2022P_S1986Y_actout_ctlfit_dominant_cluster0_rep.pdbqt,ceritinib,/homes/lkgyammerah/Molecular_Dynamics_analysis/dock/ROS1/q2022p_vina/ligand_pdbqt/ceritinib.pdbqt,/homes/lkgyammerah/Molecular_Dynamics_analysis/dock/ROS1/q2022p_vina/configs/Q2022P_S1986Y_actout_ctlfit_dominant_cluster0_rep__ceritinib.txt,/homes/lkgyammerah/Molecular_Dynamics_analysis/dock/ROS1/q2022p_vina/vina_outputs/Q2022P_S1986Y_actout_ctlfit_dominant_cluster0_rep__ceritinib.pdbqt,/homes/lkgyammerah/Molecular_Dynamics_analysis/dock/ROS1/q2022p_vina/vina_logs/Q2022P_S1986Y_actout_ctlfit_dominant_cluster0_rep__ceritinib.log,2.0,-6.813,1.943,6.5
actout_ctlfit,Q2022P_S1986Y,dominant_cluster_representative,0,1,13200,/homes/lkgyammerah/Molecular_Dynamics_analysis/dock/ROS1/q2022p_subset_receptors/actout_ctlfit/Q2022P_S1986Y/Q2022P_S1986Y_actout_ctlfit_dominant_cluster0_rep.pdb,/homes/lkgyammerah/Molecular_Dynamics_analysis/dock/ROS1/q2022p_vina/receptor_pdbqt/Q2022P_S1986Y_actout_ctlfit_dominant_cluster0_rep.pdbqt,ceritinib,/homes/lkgyammerah/Molecular_Dynamics_analysis/dock/ROS1/q2022p_vina/ligand_pdbqt/ceritinib.pdbqt,/homes/lkgyammerah/Molecular_Dynamics_analysis/dock/ROS1/q2022p_vina/configs/Q2022P_S1986Y_actout_ctlfit_dominant_cluster0_rep__ceritinib.txt,/homes/lkgyammerah/Molecular_Dynamics_analysis/dock/ROS1/q2022p_vina/vina_outputs/Q2022P_S1986Y_actout_ctlfit_dominant_cluster0_rep__ceritinib.pdbqt,/homes/lkgyammerah/Molecular_Dynamics_analysis/dock/ROS1/q2022p_vina/vina_logs/Q2022P_S1986Y_actout_ctlfit_dominant_cluster0_rep__ceritinib.log,3.0,-6.787,1.687,3.159
actout_ctlfit,Q2022P_S1986Y,dominant_cluster_representative,0,1,13200,/homes/lkgyammerah/Molecular_Dynamics_analysis/dock/ROS1/q2022p_subset_receptors/actout_ctlfit/Q2022P_S1986Y/Q2022P_S1986Y_actout_ctlfit_dominant_cluster0_rep.pdb,/homes/lkgyammerah/Molecular_Dynamics_analysis/dock/ROS1/q2022p_vina/receptor_pdbqt/Q2022P_S1986Y_actout_ctlfit_dominant_cluster0_rep.pdbqt,ceritinib,/homes/lkgyammerah/Molecular_Dynamics_analysis/dock/ROS1/q2022p_vina/ligand_pdbqt/ceritinib.pdbqt,/homes/lkgyammerah/Molecular_Dynamics_analysis/dock/ROS1/q2022p_vina/configs/Q2022P_S1986Y_actout_ctlfit_dominant_cluster0_rep__ceritinib.txt,/homes/lkgyammerah/Molecular_Dynamics_analysis/dock/ROS1/q2022p_vina/vina_outputs/Q2022P_S1986Y_actout_ctlfit_dominant_cluster0_rep__ceritinib.pdbqt,/homes/lkgyammerah/Molecular_Dynamics_analysis/dock/ROS1/q2022p_vina/vina_logs/Q2022P_S1986Y_actout_ctlfit_dominant_cluster0_rep__ceritinib.log,4.0,-6.379,0.8273,1.745
actout_ctlfit,Q2022P_S1986Y,dominant_cluster_representative,0,1,13200,/homes/lkgyammerah/Molecular_Dynamics_analysis/dock/ROS1/q2022p_subset_receptors/actout_ctlfit/Q2022P_S1986Y/Q2022P_S1986Y_actout_ctlfit_dominant_cluster0_rep.pdb,/homes/lkgyammerah/Molecular_Dynamics_analysis/dock/ROS1/q2022p_vina/receptor_pdbqt/Q2022P_S1986Y_actout_ctlfit_dominant_cluster0_rep.pdbqt,ceritinib,/homes/lkgyammerah/Molecular_Dynamics_analysis/dock/ROS1/q2022p_vina/ligand_pdbqt/ceritinib.pdbqt,/homes/lkgyammerah/Molecular_Dynamics_analysis/dock/ROS1/q2022p_vina/configs/Q2022P_S1986Y_actout_ctlfit_dominant_cluster0_rep__ceritinib.txt,/homes/lkgyammerah/Molecular_Dynamics_analysis/dock/ROS1/q2022p_vina/vina_outputs/Q2022P_S1986Y_actout_ctlfit_dominant_cluster0_rep__ceritinib.pdbqt,/homes/lkgyammerah/Molecular_Dynamics_analysis/dock/ROS1/q2022p_vina/vina_logs/Q2022P_S1986Y_actout_ctlfit_dominant_cluster0_rep__ceritinib.log,5.0,-6.283,2.389,7.26
actout_ctlfit,Q2022P_S1986Y,dominant_cluster_representative,0,1,13200,/homes/lkgyammerah/Molecular_Dynamics_analysis/dock/ROS1/q2022p_subset_receptors/actout_ctlfit/Q2022P_S1986Y/Q2022P_S1986Y_actout_ctlfit_dominant_cluster0_rep.pdb,/homes/lkgyammerah/Molecular_Dynamics_analysis/dock/ROS1/q2022p_vina/receptor_pdbqt/Q2022P_S1986Y_actout_ctlfit_dominant_cluster0_rep.pdbqt,ceritinib,/homes/lkgyammerah/Molecular_Dynamics_analysis/dock/ROS1/q2022p_vina/ligand_pdbqt/ceritinib.pdbqt,/homes/lkgyammerah/Molecular_Dynamics_analysis/dock/ROS1/q2022p_vina/configs/Q2022P_S1986Y_actout_ctlfit_dominant_cluster0_rep__ceritinib.txt,/homes/lkgyammerah/Molecular_Dynamics_analysis/dock/ROS1/q2022p_vina/vina_outputs/Q2022P_S1986Y_actout_ctlfit_dominant_cluster0_rep__ceritinib.pdbqt,/homes/lkgyammerah/Molecular_Dynamics_analysis/dock/ROS1/q2022p_vina/vina_logs/Q2022P_S1986Y_actout_ctlfit_dominant_cluster0_rep__ceritinib.log,6.0,-6.144,2.543,6.731
actout_ctlfit,Q2022P_S1986Y,dominant_cluster_representative,0,1,13200,/homes/lkgyammerah/Molecular_Dynamics_analysis/dock/ROS1/q2022p_subset_receptors/actout_ctlfit/Q2022P_S1986Y/Q2022P_S1986Y_actout_ctlfit_dominant_cluster0_rep.pdb,/homes/lkgyammerah/Molecular_Dynamics_analysis/dock/ROS1/q2022p_vina/receptor_pdbqt/Q2022P_S1986Y_actout_ctlfit_dominant_cluster0_rep.pdbqt,ceritinib,/homes/lkgyammerah/Molecular_Dynamics_analysis/dock/ROS1/q2022p_vina/ligand_pdbqt/ceritinib.pdbqt,/homes/lkgyammerah/Molecular_Dynamics_analysis/dock/ROS1/q2022p_vina/configs/Q2022P_S1986Y_actout_ctlfit_dominant_cluster0_rep__ceritinib.txt,/homes/lkgyammerah/Molecular_Dynamics_analysis/dock/ROS1/q2022p_vina/vina_outputs/Q2022P_S1986Y_actout_ctlfit_dominant_cluster0_rep__ceritinib.pdbqt,/homes/lkgyammerah/Molecular_Dynamics_analysis/dock/ROS1/q2022p_vina/vina_logs/Q2022P_S1986Y_actout_ctlfit_dominant_cluster0_rep__ceritinib.log,7.0,-6.113,2.038,3.229
actout_ctlfit,Q2022P_S1986Y,dominant_cluster_representative,0,1,13200,/homes/lkgyammerah/Molecular_Dynamics_analysis/dock/ROS1/q2022p_subset_receptors/actout_ctlfit/Q2022P_S1986Y/Q2022P_S1986Y_actout_ctlfit_dominant_cluster0_rep.pdb,/homes/lkgyammerah/Molecular_Dynamics_analysis/dock/ROS1/q2022p_vina/receptor_pdbqt/Q2022P_S1986Y_actout_ctlfit_dominant_cluster0_rep.pdbqt,ceritinib,/homes/lkgyammerah/Molecular_Dynamics_analysis/dock/ROS1/q2022p_vina/ligand_pdbqt/ceritinib.pdbqt,/homes/lkgyammerah/Molecular_Dynamics_analysis/dock/ROS1/q2022p_vina/configs/Q2022P_S1986Y_actout_ctlfit_dominant_cluster0_rep__ceritinib.txt,/homes/lkgyammerah/Molecular_Dynamics_analysis/dock/ROS1/q2022p_vina/vina_outputs/Q2022P_S1986Y_actout_ctlfit_dominant_cluster0_rep__ceritinib.pdbqt,/homes/lkgyammerah/Molecular_Dynamics_analysis/dock/ROS1/q2022p_vina/vina_logs/Q2022P_S1986Y_actout_ctlfit_dominant_cluster0_rep__ceritinib.log,8.0,-6.076,3.757,7.423
actout_ctlfit,Q2022P_S1986Y,dominant_cluster_representative,0,1,13200,/homes/lkgyammerah/Molecular_Dynamics_analysis/dock/ROS1/q2022p_subset_receptors/actout_ctlfit/Q2022P_S1986Y/Q2022P_S1986Y_actout_ctlfit_dominant_cluster0_rep.pdb,/homes/lkgyammerah/Molecular_Dynamics_analysis/dock/ROS1/q2022p_vina/receptor_pdbqt/Q2022P_S1986Y_actout_ctlfit_dominant_cluster0_rep.pdbqt,ceritinib,/homes/lkgyammerah/Molecular_Dynamics_analysis/dock/ROS1/q2022p_vina/ligand_pdbqt/ceritinib.pdbqt,/homes/lkgyammerah/Molecular_Dynamics_analysis/dock/ROS1/q2022p_vina/configs/Q2022P_S1986Y_actout_ctlfit_dominant_cluster0_rep__ceritinib.txt,/homes/lkgyammerah/Molecular_Dynamics_analysis/dock/ROS1/q2022p_vina/vina_outputs/Q2022P_S1986Y_actout_ctlfit_dominant_cluster0_rep__ceritinib.pdbqt,/homes/lkgyammerah/Molecular_Dynamics_analysis/dock/ROS1/q2022p_vina/vina_logs/Q2022P_S1986Y_actout_ctlfit_dominant_cluster0_rep__ceritinib.log,9.0,-6.053,2.324,3.694
actout_ctlfit,Q2022P_S1986Y,dominant_cluster_representative,0,1,13200,/homes/lkgyammerah/Molecular_Dynamics_analysis/dock/ROS1/q2022p_subset_receptors/actout_ctlfit/Q2022P_S1986Y/Q2022P_S1986Y_actout_ctlfit_dominant_cluster0_rep.pdb,/homes/lkgyammerah/Molecular_Dynamics_analysis/dock/ROS1/q2022p_vina/receptor_pdbqt/Q2022P_S1986Y_actout_ctlfit_dominant_cluster0_rep.pdbqt,ceritinib,/homes/lkgyammerah/Molecular_Dynamics_analysis/dock/ROS1/q2022p_vina/ligand_pdbqt/ceritinib.pdbqt,/homes/lkgyammerah/Molecular_Dynamics_analysis/dock/ROS1/q2022p_vina/configs/Q2022P_S1986Y_actout_ctlfit_dominant_cluster0_rep__ceritinib.txt,/homes/lkgyammerah/Molecular_Dynamics_analysis/dock/ROS1/q2022p_vina/vina_outputs/Q2022P_S1986Y_actout_ctlfit_dominant_cluster0_rep__ceritinib.pdbqt,/homes/lkgyammerah/Molecular_Dynamics_analysis/dock/ROS1/q2022p_vina/vina_logs/Q2022P_S1986Y_actout_ctlfit_dominant_cluster0_rep__ceritinib.log,10.0,-5.976,2.105,3.471
actout_ctlfit,Q2022P_S1986Y,dominant_cluster_representative,0,1,13200,/homes/lkgyammerah/Molecular_Dynamics_analysis/dock/ROS1/q2022p_subset_receptors/actout_ctlfit/Q2022P_S1986Y/Q2022P_S1986Y_actout_ctlfit_dominant_cluster0_rep.pdb,/homes/lkgyammerah/Molecular_Dynamics_analysis/dock/ROS1/q2022p_vina/receptor_pdbqt/Q2022P_S1986Y_actout_ctlfit_dominant_cluster0_rep.pdbqt,ceritinib,/homes/lkgyammerah/Molecular_Dynamics_analysis/dock/ROS1/q2022p_vina/ligand_pdbqt/ceritinib.pdbqt,/homes/lkgyammerah/Molecular_Dynamics_analysis/dock/ROS1/q2022p_vina/configs/Q2022P_S1986Y_actout_ctlfit_dominant_cluster0_rep__ceritinib.txt,/homes/lkgyammerah/Molecular_Dynamics_analysis/dock/ROS1/q2022p_vina/vina_outputs/Q2022P_S1986Y_actout_ctlfit_dominant_cluster0_rep__ceritinib.pdbqt,/homes/lkgyammerah/Molecular_Dynamics_analysis/dock/ROS1/q2022p_vina/vina_logs/Q2022P_S1986Y_actout_ctlfit_dominant_cluster0_rep__ceritinib.log,11.0,-5.972,2.025,6.494
actout_ctlfit,Q2022P_S1986Y,dominant_cluster_representative,0,1,13200,/homes/lkgyammerah/Molecular_Dynamics_analysis/dock/ROS1/q2022p_subset_receptors/actout_ctlfit/Q2022P_S1986Y/Q2022P_S1986Y_actout_ctlfit_dominant_cluster0_rep.pdb,/homes/lkgyammerah/Molecular_Dynamics_analysis/dock/ROS1/q2022p_vina/receptor_pdbqt/Q2022P_S1986Y_actout_ctlfit_dominant_cluster0_rep.pdbqt,ceritinib,/homes/lkgyammerah/Molecular_Dynamics_analysis/dock/ROS1/q2022p_vina/ligand_pdbqt/ceritinib.pdbqt,/homes/lkgyammerah/Molecular_Dynamics_analysis/dock/ROS1/q2022p_vina/configs/Q2022P_S1986Y_actout_ctlfit_dominant_cluster0_rep__ceritinib.txt,/homes/lkgyammerah/Molecular_Dynamics_analysis/dock/ROS1/q2022p_vina/vina_outputs/Q2022P_S1986Y_actout_ctlfit_dominant_cluster0_rep__ceritinib.pdbqt,/homes/lkgyammerah/Molecular_Dynamics_analysis/dock/ROS1/q2022p_vina/vina_logs/Q2022P_S1986Y_actout_ctlfit_dominant_cluster0_rep__ceritinib.log,12.0,-5.965,2.17,3.487
actout_ctlfit,Q2022P_S1986Y,dominant_cluster_representative,0,1,13200,/homes/lkgyammerah/Molecular_Dynamics_analysis/dock/ROS1/q2022p_subset_receptors/actout_ctlfit/Q2022P_S1986Y/Q2022P_S1986Y_actout_ctlfit_dominant_cluster0_rep.pdb,/homes/lkgyammerah/Molecular_Dynamics_analysis/dock/ROS1/q2022p_vina/receptor_pdbqt/Q2022P_S1986Y_actout_ctlfit_dominant_cluster0_rep.pdbqt,ceritinib,/homes/lkgyammerah/Molecular_Dynamics_analysis/dock/ROS1/q2022p_vina/ligand_pdbqt/ceritinib.pdbqt,/homes/lkgyammerah/Molecular_Dynamics_analysis/dock/ROS1/q2022p_vina/configs/Q2022P_S1986Y_actout_ctlfit_dominant_cluster0_rep__ceritinib.txt,/homes/lkgyammerah/Molecular_Dynamics_analysis/dock/ROS1/q2022p_vina/vina_outputs/Q2022P_S1986Y_actout_ctlfit_dominant_cluster0_rep__ceritinib.pdbqt,/homes/lkgyammerah/Molecular_Dynamics_analysis/dock/ROS1/q2022p_vina/vina_logs/Q2022P_S1986Y_actout_ctlfit_dominant_cluster0_rep__ceritinib.log,13.0,-5.944,2.418,3.609
actout_ctlfit,Q2022P_S1986Y,dominant_cluster_representative,0,1,13200,/homes/lkgyammerah/Molecular_Dynamics_analysis/dock/ROS1/q2022p_subset_receptors/actout_ctlfit/Q2022P_S1986Y/Q2022P_S1986Y_actout_ctlfit_dominant_cluster0_rep.pdb,/homes/lkgyammerah/Molecular_Dynamics_analysis/dock/ROS1/q2022p_vina/receptor_pdbqt/Q2022P_S1986Y_actout_ctlfit_dominant_cluster0_rep.pdbqt,ceritinib,/homes/lkgyammerah/Molecular_Dynamics_analysis/dock/ROS1/q2022p_vina/ligand_pdbqt/ceritinib.pdbqt,/homes/lkgyammerah/Molecular_Dynamics_analysis/dock/ROS1/q2022p_vina/configs/Q2022P_S1986Y_actout_ctlfit_dominant_cluster0_rep__ceritinib.txt,/homes/lkgyammerah/Molecular_Dynamics_analysis/dock/ROS1/q2022p_vina/vina_outputs/Q2022P_S1986Y_actout_ctlfit_dominant_cluster0_rep__ceritinib.pdbqt,/homes/lkgyammerah/Molecular_Dynamics_analysis/dock/ROS1/q2022p_vina/vina_logs/Q2022P_S1986Y_actout_ctlfit_dominant_cluster0_rep__ceritinib.log,14.0,-5.884,1.561,2.071
actout_ctlfit,Q2022P_S1986Y,dominant_cluster_representative,0,1,13200,/homes/lkgyammerah/Molecular_Dynamics_analysis/dock/ROS1/q2022p_subset_receptors/actout_ctlfit/Q2022P_S1986Y/Q2022P_S1986Y_actout_ctlfit_dominant_cluster0_rep.pdb,/homes/lkgyammerah/Molecular_Dynamics_analysis/dock/ROS1/q2022p_vina/receptor_pdbqt/Q2022P_S1986Y_actout_ctlfit_dominant_cluster0_rep.pdbqt,ceritinib,/homes/lkgyammerah/Molecular_Dynamics_analysis/dock/ROS1/q2022p_vina/ligand_pdbqt/ceritinib.pdbqt,/homes/lkgyammerah/Molecular_Dynamics_analysis/dock/ROS1/q2022p_vina/configs/Q2022P_S1986Y_actout_ctlfit_dominant_cluster0_rep__ceritinib.txt,/homes/lkgyammerah/Molecular_Dynamics_analysis/dock/ROS1/q2022p_vina/vina_outputs/Q2022P_S1986Y_actout_ctlfit_dominant_cluster0_rep__ceritinib.pdbqt,/homes/lkgyammerah/Molecular_Dynamics_analysis/dock/ROS1/q2022p_vina/vina_logs/Q2022P_S1986Y_actout_ctlfit_dominant_cluster0_rep__ceritinib.log,15.0,-5.876,3.528,6.569
actout_ctlfit,Q2022P_S1986Y,dominant_cluster_representative,0,1,13200,/homes/lkgyammerah/Molecular_Dynamics_analysis/dock/ROS1/q2022p_subset_receptors/actout_ctlfit/Q2022P_S1986Y/Q2022P_S1986Y_actout_ctlfit_dominant_cluster0_rep.pdb,/homes/lkgyammerah/Molecular_Dynamics_analysis/dock/ROS1/q2022p_vina/receptor_pdbqt/Q2022P_S1986Y_actout_ctlfit_dominant_cluster0_rep.pdbqt,ceritinib,/homes/lkgyammerah/Molecular_Dynamics_analysis/dock/ROS1/q2022p_vina/ligand_pdbqt/ceritinib.pdbqt,/homes/lkgyammerah/Molecular_Dynamics_analysis/dock/ROS1/q2022p_vina/configs/Q2022P_S1986Y_actout_ctlfit_dominant_cluster0_rep__ceritinib.txt,/homes/lkgyammerah/Molecular_Dynamics_analysis/dock/ROS1/q2022p_vina/vina_outputs/Q2022P_S1986Y_actout_ctlfit_dominant_cluster0_rep__ceritinib.pdbqt,/homes/lkgyammerah/Molecular_Dynamics_analysis/dock/ROS1/q2022p_vina/vina_logs/Q2022P_S1986Y_actout_ctlfit_dominant_cluster0_rep__ceritinib.log,16.0,-5.812,5.182,8.305
actout_ctlfit,Q2022P_S1986Y,dominant_cluster_representative,0,1,13200,/homes/lkgyammerah/Molecular_Dynamics_analysis/dock/ROS1/q2022p_subset_receptors/actout_ctlfit/Q2022P_S1986Y/Q2022P_S1986Y_actout_ctlfit_dominant_cluster0_rep.pdb,/homes/lkgyammerah/Molecular_Dynamics_analysis/dock/ROS1/q2022p_vina/receptor_pdbqt/Q2022P_S1986Y_actout_ctlfit_dominant_cluster0_rep.pdbqt,ceritinib,/homes/lkgyammerah/Molecular_Dynamics_analysis/dock/ROS1/q2022p_vina/ligand_pdbqt/ceritinib.pdbqt,/homes/lkgyammerah/Molecular_Dynamics_analysis/dock/ROS1/q2022p_vina/configs/Q2022P_S1986Y_actout_ctlfit_dominant_cluster0_rep__ceritinib.txt,/homes/lkgyammerah/Molecular_Dynamics_analysis/dock/ROS1/q2022p_vina/vina_outputs/Q2022P_S1986Y_actout_ctlfit_dominant_cluster0_rep__ceritinib.pdbqt,/homes/lkgyammerah/Molecular_Dynamics_analysis/dock/ROS1/q2022p_vina/vina_logs/Q2022P_S1986Y_actout_ctlfit_dominant_cluster0_rep__ceritinib.log,17.0,-5.763,7.529,11.91
actout_ctlfit,Q2022P_S1986Y,dominant_cluster_representative,0,1,13200,/homes/lkgyammerah/Molecular_Dynamics_analysis/dock/ROS1/q2022p_subset_receptors/actout_ctlfit/Q2022P_S1986Y/Q2022P_S1986Y_actout_ctlfit_dominant_cluster0_rep.pdb,/homes/lkgyammerah/Molecular_Dynamics_analysis/dock/ROS1/q2022p_vina/receptor_pdbqt/Q2022P_S1986Y_actout_ctlfit_dominant_cluster0_rep.pdbqt,ceritinib,/homes/lkgyammerah/Molecular_Dynamics_analysis/dock/ROS1/q2022p_vina/ligand_pdbqt/ceritinib.pdbqt,/homes/lkgyammerah/Molecular_Dynamics_analysis/dock/ROS1/q2022p_vina/configs/Q2022P_S1986Y_actout_ctlfit_dominant_cluster0_rep__ceritinib.txt,/homes/lkgyammerah/Molecular_Dynamics_analysis/dock/ROS1/q2022p_vina/vina_outputs/Q2022P_S1986Y_actout_ctlfit_dominant_cluster0_rep__ceritinib.pdbqt,/homes/lkgyammerah/Molecular_Dynamics_analysis/dock/ROS1/q2022p_vina/vina_logs/Q2022P_S1986Y_actout_ctlfit_dominant_cluster0_rep__ceritinib.log,18.0,-5.749,2.75,7.376
actout_ctlfit,Q2022P_S1986Y,dominant_cluster_representative,0,1,13200,/homes/lkgyammerah/Molecular_Dynamics_analysis/dock/ROS1/q2022p_subset_receptors/actout_ctlfit/Q2022P_S1986Y/Q2022P_S1986Y_actout_ctlfit_dominant_cluster0_rep.pdb,/homes/lkgyammerah/Molecular_Dynamics_analysis/dock/ROS1/q2022p_vina/receptor_pdbqt/Q2022P_S1986Y_actout_ctlfit_dominant_cluster0_rep.pdbqt,ceritinib,/homes/lkgyammerah/Molecular_Dynamics_analysis/dock/ROS1/q2022p_vina/ligand_pdbqt/ceritinib.pdbqt,/homes/lkgyammerah/Molecular_Dynamics_analysis/dock/ROS1/q2022p_vina/configs/Q2022P_S1986Y_actout_ctlfit_dominant_cluster0_rep__ceritinib.txt,/homes/lkgyammerah/Molecular_Dynamics_analysis/dock/ROS1/q2022p_vina/vina_outputs/Q2022P_S1986Y_actout_ctlfit_dominant_cluster0_rep__ceritinib.pdbqt,/homes/lkgyammerah/Molecular_Dynamics_analysis/dock/ROS1/q2022p_vina/vina_logs/Q2022P_S1986Y_actout_ctlfit_dominant_cluster0_rep__ceritinib.log,19.0,-5.74,3.732,7.348
actout_ctlfit,Q2022P_S1986Y,dominant_cluster_representative,0,1,13200,/homes/lkgyammerah/Molecular_Dynamics_analysis/dock/ROS1/q2022p_subset_receptors/actout_ctlfit/Q2022P_S1986Y/Q2022P_S1986Y_actout_ctlfit_dominant_cluster0_rep.pdb,/homes/lkgyammerah/Molecular_Dynamics_analysis/dock/ROS1/q2022p_vina/receptor_pdbqt/Q2022P_S1986Y_actout_ctlfit_dominant_cluster0_rep.pdbqt,ceritinib,/homes/lkgyammerah/Molecular_Dynamics_analysis/dock/ROS1/q2022p_vina/ligand_pdbqt/ceritinib.pdbqt,/homes/lkgyammerah/Molecular_Dynamics_analysis/dock/ROS1/q2022p_vina/configs/Q2022P_S1986Y_actout_ctlfit_dominant_cluster0_rep__ceritinib.txt,/homes/lkgyammerah/Molecular_Dynamics_analysis/dock/ROS1/q2022p_vina/vina_outputs/Q2022P_S1986Y_actout_ctlfit_dominant_cluster0_rep__ceritinib.pdbqt,/homes/lkgyammerah/Molecular_Dynamics_analysis/dock/ROS1/q2022p_vina/vina_logs/Q2022P_S1986Y_actout_ctlfit_dominant_cluster0_rep__ceritinib.log,20.0,-5.712,3.771,6.928
actout_ctlfit,Q2022P_S1986Y,dominant_cluster_representative,0,1,13200,/homes/lkgyammerah/Molecular_Dynamics_analysis/dock/ROS1/q2022p_subset_receptors/actout_ctlfit/Q2022P_S1986Y/Q2022P_S1986Y_actout_ctlfit_dominant_cluster0_rep.pdb,/homes/lkgyammerah/Molecular_Dynamics_analysis/dock/ROS1/q2022p_vina/receptor_pdbqt/Q2022P_S1986Y_actout_ctlfit_dominant_cluster0_rep.pdbqt,lorlatinib,/homes/lkgyammerah/Molecular_Dynamics_analysis/dock/ROS1/q2022p_vina/ligand_pdbqt/lorlatinib.pdbqt,/homes/lkgyammerah/Molecular_Dynamics_analysis/dock/ROS1/q2022p_vina/configs/Q2022P_S1986Y_actout_ctlfit_dominant_cluster0_rep__lorlatinib.txt,/homes/lkgyammerah/Molecular_Dynamics_analysis/dock/ROS1/q2022p_vina/vina_outputs/Q2022P_S1986Y_actout_ctlfit_dominant_cluster0_rep__lorlatinib.pdbqt,/homes/lkgyammerah/Molecular_Dynamics_analysis/dock/ROS1/q2022p_vina/vina_logs/Q2022P_S1986Y_actout_ctlfit_dominant_cluster0_rep__lorlatinib.log,2.0,-6.394,2.478,5.336
actout_ctlfit,Q2022P_S1986Y,dominant_cluster_representative,0,1,13200,/homes/lkgyammerah/Molecular_Dynamics_analysis/dock/ROS1/q2022p_subset_receptors/actout_ctlfit/Q2022P_S1986Y/Q2022P_S1986Y_actout_ctlfit_dominant_cluster0_rep.pdb,/homes/lkgyammerah/Molecular_Dynamics_analysis/dock/ROS1/q2022p_vina/receptor_pdbqt/Q2022P_S1986Y_actout_ctlfit_dominant_cluster0_rep.pdbqt,lorlatinib,/homes/lkgyammerah/Molecular_Dynamics_analysis/dock/ROS1/q2022p_vina/ligand_pdbqt/lorlatinib.pdbqt,/homes/lkgyammerah/Molecular_Dynamics_analysis/dock/ROS1/q2022p_vina/configs/Q2022P_S1986Y_actout_ctlfit_dominant_cluster0_rep__lorlatinib.txt,/homes/lkgyammerah/Molecular_Dynamics_analysis/dock/ROS1/q2022p_vina/vina_outputs/Q2022P_S1986Y_actout_ctlfit_dominant_cluster0_rep__lorlatinib.pdbqt,/homes/lkgyammerah/Molecular_Dynamics_analysis/dock/ROS1/q2022p_vina/vina_logs/Q2022P_S1986Y_actout_ctlfit_dominant_cluster0_rep__lorlatinib.log,3.0,-6.001,6.952,11.17
actout_ctlfit,Q2022P_S1986Y,dominant_cluster_representative,0,1,13200,/homes/lkgyammerah/Molecular_Dynamics_analysis/dock/ROS1/q2022p_subset_receptors/actout_ctlfit/Q2022P_S1986Y/Q2022P_S1986Y_actout_ctlfit_dominant_cluster0_rep.pdb,/homes/lkgyammerah/Molecular_Dynamics_analysis/dock/ROS1/q2022p_vina/receptor_pdbqt/Q2022P_S1986Y_actout_ctlfit_dominant_cluster0_rep.pdbqt,lorlatinib,/homes/lkgyammerah/Molecular_Dynamics_analysis/dock/ROS1/q2022p_vina/ligand_pdbqt/lorlatinib.pdbqt,/homes/lkgyammerah/Molecular_Dynamics_analysis/dock/ROS1/q2022p_vina/configs/Q2022P_S1986Y_actout_ctlfit_dominant_cluster0_rep__lorlatinib.txt,/homes/lkgyammerah/Molecular_Dynamics_analysis/dock/ROS1/q2022p_vina/vina_outputs/Q2022P_S1986Y_actout_ctlfit_dominant_cluster0_rep__lorlatinib.pdbqt,/homes/lkgyammerah/Molecular_Dynamics_analysis/dock/ROS1/q2022p_vina/vina_logs/Q2022P_S1986Y_actout_ctlfit_dominant_cluster0_rep__lorlatinib.log,4.0,-5.757,7.357,11.75
actout_ctlfit,Q2022P_S1986Y,dominant_cluster_representative,0,1,13200,/homes/lkgyammerah/Molecular_Dynamics_analysis/dock/ROS1/q2022p_subset_receptors/actout_ctlfit/Q2022P_S1986Y/Q2022P_S1986Y_actout_ctlfit_dominant_cluster0_rep.pdb,/homes/lkgyammerah/Molecular_Dynamics_analysis/dock/ROS1/q2022p_vina/receptor_pdbqt/Q2022P_S1986Y_actout_ctlfit_dominant_cluster0_rep.pdbqt,lorlatinib,/homes/lkgyammerah/Molecular_Dynamics_analysis/dock/ROS1/q2022p_vina/ligand_pdbqt/lorlatinib.pdbqt,/homes/lkgyammerah/Molecular_Dynamics_analysis/dock/ROS1/q2022p_vina/configs/Q2022P_S1986Y_actout_ctlfit_dominant_cluster0_rep__lorlatinib.txt,/homes/lkgyammerah/Molecular_Dynamics_analysis/dock/ROS1/q2022p_vina/vina_outputs/Q2022P_S1986Y_actout_ctlfit_dominant_cluster0_rep__lorlatinib.pdbqt,/homes/lkgyammerah/Molecular_Dynamics_analysis/dock/ROS1/q2022p_vina/vina_logs/Q2022P_S1986Y_actout_ctlfit_dominant_cluster0_rep__lorlatinib.log,5.0,-5.521,8.369,12.18
actout_ctlfit,Q2022P_S1986Y,dominant_cluster_representative,0,1,13200,/homes/lkgyammerah/Molecular_Dynamics_analysis/dock/ROS1/q2022p_subset_receptors/actout_ctlfit/Q2022P_S1986Y/Q2022P_S1986Y_actout_ctlfit_dominant_cluster0_rep.pdb,/homes/lkgyammerah/Molecular_Dynamics_analysis/dock/ROS1/q2022p_vina/receptor_pdbqt/Q2022P_S1986Y_actout_ctlfit_dominant_cluster0_rep.pdbqt,lorlatinib,/homes/lkgyammerah/Molecular_Dynamics_analysis/dock/ROS1/q2022p_vina/ligand_pdbqt/lorlatinib.pdbqt,/homes/lkgyammerah/Molecular_Dynamics_analysis/dock/ROS1/q2022p_vina/configs/Q2022P_S1986Y_actout_ctlfit_dominant_cluster0_rep__lorlatinib.txt,/homes/lkgyammerah/Molecular_Dynamics_analysis/dock/ROS1/q2022p_vina/vina_outputs/Q2022P_S1986Y_actout_ctlfit_dominant_cluster0_rep__lorlatinib.pdbqt,/homes/lkgyammerah/Molecular_Dynamics_analysis/dock/ROS1/q2022p_vina/vina_logs/Q2022P_S1986Y_actout_ctlfit_dominant_cluster0_rep__lorlatinib.log,6.0,-5.497,2.809,6.067
actout_ctlfit,Q2022P_S1986Y,dominant_cluster_representative,0,1,13200,/homes/lkgyammerah/Molecular_Dynamics_analysis/dock/ROS1/q2022p_subset_receptors/actout_ctlfit/Q2022P_S1986Y/Q2022P_S1986Y_actout_ctlfit_dominant_cluster0_rep.pdb,/homes/lkgyammerah/Molecular_Dynamics_analysis/dock/ROS1/q2022p_vina/receptor_pdbqt/Q2022P_S1986Y_actout_ctlfit_dominant_cluster0_rep.pdbqt,lorlatinib,/homes/lkgyammerah/Molecular_Dynamics_analysis/dock/ROS1/q2022p_vina/ligand_pdbqt/lorlatinib.pdbqt,/homes/lkgyammerah/Molecular_Dynamics_analysis/dock/ROS1/q2022p_vina/configs/Q2022P_S1986Y_actout_ctlfit_dominant_cluster0_rep__lorlatinib.txt,/homes/lkgyammerah/Molecular_Dynamics_analysis/dock/ROS1/q2022p_vina/vina_outputs/Q2022P_S1986Y_actout_ctlfit_dominant_cluster0_rep__lorlatinib.pdbqt,/homes/lkgyammerah/Molecular_Dynamics_analysis/dock/ROS1/q2022p_vina/vina_logs/Q2022P_S1986Y_actout_ctlfit_dominant_cluster0_rep__lorlatinib.log,7.0,-5.485,7.993,12.45
actout_ctlfit,Q2022P_S1986Y,dominant_cluster_representative,0,1,13200,/homes/lkgyammerah/Molecular_Dynamics_analysis/dock/ROS1/q2022p_subset_receptors/actout_ctlfit/Q2022P_S1986Y/Q2022P_S1986Y_actout_ctlfit_dominant_cluster0_rep.pdb,/homes/lkgyammerah/Molecular_Dynamics_analysis/dock/ROS1/q2022p_vina/receptor_pdbqt/Q2022P_S1986Y_actout_ctlfit_dominant_cluster0_rep.pdbqt,lorlatinib,/homes/lkgyammerah/Molecular_Dynamics_analysis/dock/ROS1/q2022p_vina/ligand_pdbqt/lorlatinib.pdbqt,/homes/lkgyammerah/Molecular_Dynamics_analysis/dock/ROS1/q2022p_vina/configs/Q2022P_S1986Y_actout_ctlfit_dominant_cluster0_rep__lorlatinib.txt,/homes/lkgyammerah/Molecular_Dynamics_analysis/dock/ROS1/q2022p_vina/vina_outputs/Q2022P_S1986Y_actout_ctlfit_dominant_cluster0_rep__lorlatinib.pdbqt,/homes/lkgyammerah/Molecular_Dynamics_analysis/dock/ROS1/q2022p_vina/vina_logs/Q2022P_S1986Y_actout_ctlfit_dominant_cluster0_rep__lorlatinib.log,8.0,-5.473,5.791,11.14
actout_ctlfit,Q2022P_S1986Y,dominant_cluster_representative,0,1,13200,/homes/lkgyammerah/Molecular_Dynamics_analysis/dock/ROS1/q2022p_subset_receptors/actout_ctlfit/Q2022P_S1986Y/Q2022P_S1986Y_actout_ctlfit_dominant_cluster0_rep.pdb,/homes/lkgyammerah/Molecular_Dynamics_analysis/dock/ROS1/q2022p_vina/receptor_pdbqt/Q2022P_S1986Y_actout_ctlfit_dominant_cluster0_rep.pdbqt,lorlatinib,/homes/lkgyammerah/Molecular_Dynamics_analysis/dock/ROS1/q2022p_vina/ligand_pdbqt/lorlatinib.pdbqt,/homes/lkgyammerah/Molecular_Dynamics_analysis/dock/ROS1/q2022p_vina/configs/Q2022P_S1986Y_actout_ctlfit_dominant_cluster0_rep__lorlatinib.txt,/homes/lkgyammerah/Molecular_Dynamics_analysis/dock/ROS1/q2022p_vina/vina_outputs/Q2022P_S1986Y_actout_ctlfit_dominant_cluster0_rep__lorlatinib.pdbqt,/homes/lkgyammerah/Molecular_Dynamics_analysis/dock/ROS1/q2022p_vina/vina_logs/Q2022P_S1986Y_actout_ctlfit_dominant_cluster0_rep__lorlatinib.log,9.0,-5.466,7.842,12.32
actout_ctlfit,Q2022P_S1986Y,dominant_cluster_representative,0,1,13200,/homes/lkgyammerah/Molecular_Dynamics_analysis/dock/ROS1/q2022p_subset_receptors/actout_ctlfit/Q2022P_S1986Y/Q2022P_S1986Y_actout_ctlfit_dominant_cluster0_rep.pdb,/homes/lkgyammerah/Molecular_Dynamics_analysis/dock/ROS1/q2022p_vina/receptor_pdbqt/Q2022P_S1986Y_actout_ctlfit_dominant_cluster0_rep.pdbqt,lorlatinib,/homes/lkgyammerah/Molecular_Dynamics_analysis/dock/ROS1/q2022p_vina/ligand_pdbqt/lorlatinib.pdbqt,/homes/lkgyammerah/Molecular_Dynamics_analysis/dock/ROS1/q2022p_vina/configs/Q2022P_S1986Y_actout_ctlfit_dominant_cluster0_rep__lorlatinib.txt,/homes/lkgyammerah/Molecular_Dynamics_analysis/dock/ROS1/q2022p_vina/vina_outputs/Q2022P_S1986Y_actout_ctlfit_dominant_cluster0_rep__lorlatinib.pdbqt,/homes/lkgyammerah/Molecular_Dynamics_analysis/dock/ROS1/q2022p_vina/vina_logs/Q2022P_S1986Y_actout_ctlfit_dominant_cluster0_rep__lorlatinib.log,10.0,-5.381,9.136,11.12
actout_ctlfit,Q2022P_S1986Y,dominant_cluster_representative,0,1,13200,/homes/lkgyammerah/Molecular_Dynamics_analysis/dock/ROS1/q2022p_subset_receptors/actout_ctlfit/Q2022P_S1986Y/Q2022P_S1986Y_actout_ctlfit_dominant_cluster0_rep.pdb,/homes/lkgyammerah/Molecular_Dynamics_analysis/dock/ROS1/q2022p_vina/receptor_pdbqt/Q2022P_S1986Y_actout_ctlfit_dominant_cluster0_rep.pdbqt,lorlatinib,/homes/lkgyammerah/Molecular_Dynamics_analysis/dock/ROS1/q2022p_vina/ligand_pdbqt/lorlatinib.pdbqt,/homes/lkgyammerah/Molecular_Dynamics_analysis/dock/ROS1/q2022p_vina/configs/Q2022P_S1986Y_actout_ctlfit_dominant_cluster0_rep__lorlatinib.txt,/homes/lkgyammerah/Molecular_Dynamics_analysis/dock/ROS1/q2022p_vina/vina_outputs/Q2022P_S1986Y_actout_ctlfit_dominant_cluster0_rep__lorlatinib.pdbqt,/homes/lkgyammerah/Molecular_Dynamics_analysis/dock/ROS1/q2022p_vina/vina_logs/Q2022P_S1986Y_actout_ctlfit_dominant_cluster0_rep__lorlatinib.log,11.0,-5.364,4.574,7.835
actout_ctlfit,Q2022P_S1986Y,dominant_cluster_representative,0,1,13200,/homes/lkgyammerah/Molecular_Dynamics_analysis/dock/ROS1/q2022p_subset_receptors/actout_ctlfit/Q2022P_S1986Y/Q2022P_S1986Y_actout_ctlfit_dominant_cluster0_rep.pdb,/homes/lkgyammerah/Molecular_Dynamics_analysis/dock/ROS1/q2022p_vina/receptor_pdbqt/Q2022P_S1986Y_actout_ctlfit_dominant_cluster0_rep.pdbqt,lorlatinib,/homes/lkgyammerah/Molecular_Dynamics_analysis/dock/ROS1/q2022p_vina/ligand_pdbqt/lorlatinib.pdbqt,/homes/lkgyammerah/Molecular_Dynamics_analysis/dock/ROS1/q2022p_vina/configs/Q2022P_S1986Y_actout_ctlfit_dominant_cluster0_rep__lorlatinib.txt,/homes/lkgyammerah/Molecular_Dynamics_analysis/dock/ROS1/q2022p_vina/vina_outputs/Q2022P_S1986Y_actout_ctlfit_dominant_cluster0_rep__lorlatinib.pdbqt,/homes/lkgyammerah/Molecular_Dynamics_analysis/dock/ROS1/q2022p_vina/vina_logs/Q2022P_S1986Y_actout_ctlfit_dominant_cluster0_rep__lorlatinib.log,12.0,-5.356,2.154,4.248
actout_ctlfit,Q2022P_S1986Y,dominant_cluster_representative,0,1,13200,/homes/lkgyammerah/Molecular_Dynamics_analysis/dock/ROS1/q2022p_subset_receptors/actout_ctlfit/Q2022P_S1986Y/Q2022P_S1986Y_actout_ctlfit_dominant_cluster0_rep.pdb,/homes/lkgyammerah/Molecular_Dynamics_analysis/dock/ROS1/q2022p_vina/receptor_pdbqt/Q2022P_S1986Y_actout_ctlfit_dominant_cluster0_rep.pdbqt,lorlatinib,/homes/lkgyammerah/Molecular_Dynamics_analysis/dock/ROS1/q2022p_vina/ligand_pdbqt/lorlatinib.pdbqt,/homes/lkgyammerah/Molecular_Dynamics_analysis/dock/ROS1/q2022p_vina/configs/Q2022P_S1986Y_actout_ctlfit_dominant_cluster0_rep__lorlatinib.txt,/homes/lkgyammerah/Molecular_Dynamics_analysis/dock/ROS1/q2022p_vina/vina_outputs/Q2022P_S1986Y_actout_ctlfit_dominant_cluster0_rep__lorlatinib.pdbqt,/homes/lkgyammerah/Molecular_Dynamics_analysis/dock/ROS1/q2022p_vina/vina_logs/Q2022P_S1986Y_actout_ctlfit_dominant_cluster0_rep__lorlatinib.log,13.0,-5.3,7.926,10.72
actout_ctlfit,Q2022P_S1986Y,dominant_cluster_representative,0,1,13200,/homes/lkgyammerah/Molecular_Dynamics_analysis/dock/ROS1/q2022p_subset_receptors/actout_ctlfit/Q2022P_S1986Y/Q2022P_S1986Y_actout_ctlfit_dominant_cluster0_rep.pdb,/homes/lkgyammerah/Molecular_Dynamics_analysis/dock/ROS1/q2022p_vina/receptor_pdbqt/Q2022P_S1986Y_actout_ctlfit_dominant_cluster0_rep.pdbqt,lorlatinib,/homes/lkgyammerah/Molecular_Dynamics_analysis/dock/ROS1/q2022p_vina/ligand_pdbqt/lorlatinib.pdbqt,/homes/lkgyammerah/Molecular_Dynamics_analysis/dock/ROS1/q2022p_vina/configs/Q2022P_S1986Y_actout_ctlfit_dominant_cluster0_rep__lorlatinib.txt,/homes/lkgyammerah/Molecular_Dynamics_analysis/dock/ROS1/q2022p_vina/vina_outputs/Q2022P_S1986Y_actout_ctlfit_dominant_cluster0_rep__lorlatinib.pdbqt,/homes/lkgyammerah/Molecular_Dynamics_analysis/dock/ROS1/q2022p_vina/vina_logs/Q2022P_S1986Y_actout_ctlfit_dominant_cluster0_rep__lorlatinib.log,14.0,-5.299,3.751,7.105
actout_ctlfit,Q2022P_S1986Y,dominant_cluster_representative,0,1,13200,/homes/lkgyammerah/Molecular_Dynamics_analysis/dock/ROS1/q2022p_subset_receptors/actout_ctlfit/Q2022P_S1986Y/Q2022P_S1986Y_actout_ctlfit_dominant_cluster0_rep.pdb,/homes/lkgyammerah/Molecular_Dynamics_analysis/dock/ROS1/q2022p_vina/receptor_pdbqt/Q2022P_S1986Y_actout_ctlfit_dominant_cluster0_rep.pdbqt,lorlatinib,/homes/lkgyammerah/Molecular_Dynamics_analysis/dock/ROS1/q2022p_vina/ligand_pdbqt/lorlatinib.pdbqt,/homes/lkgyammerah/Molecular_Dynamics_analysis/dock/ROS1/q2022p_vina/configs/Q2022P_S1986Y_actout_ctlfit_dominant_cluster0_rep__lorlatinib.txt,/homes/lkgyammerah/Molecular_Dynamics_analysis/dock/ROS1/q2022p_vina/vina_outputs/Q2022P_S1986Y_actout_ctlfit_dominant_cluster0_rep__lorlatinib.pdbqt,/homes/lkgyammerah/Molecular_Dynamics_analysis/dock/ROS1/q2022p_vina/vina_logs/Q2022P_S1986Y_actout_ctlfit_dominant_cluster0_rep__lorlatinib.log,15.0,-5.295,6.83,11.11
actout_ctlfit,Q2022P_S1986Y,dominant_cluster_representative,0,1,13200,/homes/lkgyammerah/Molecular_Dynamics_analysis/dock/ROS1/q2022p_subset_receptors/actout_ctlfit/Q2022P_S1986Y/Q2022P_S1986Y_actout_ctlfit_dominant_cluster0_rep.pdb,/homes/lkgyammerah/Molecular_Dynamics_analysis/dock/ROS1/q2022p_vina/receptor_pdbqt/Q2022P_S1986Y_actout_ctlfit_dominant_cluster0_rep.pdbqt,lorlatinib,/homes/lkgyammerah/Molecular_Dynamics_analysis/dock/ROS1/q2022p_vina/ligand_pdbqt/lorlatinib.pdbqt,/homes/lkgyammerah/Molecular_Dynamics_analysis/dock/ROS1/q2022p_vina/configs/Q2022P_S1986Y_actout_ctlfit_dominant_cluster0_rep__lorlatinib.txt,/homes/lkgyammerah/Molecular_Dynamics_analysis/dock/ROS1/q2022p_vina/vina_outputs/Q2022P_S1986Y_actout_ctlfit_dominant_cluster0_rep__lorlatinib.pdbqt,/homes/lkgyammerah/Molecular_Dynamics_analysis/dock/ROS1/q2022p_vina/vina_logs/Q2022P_S1986Y_actout_ctlfit_dominant_cluster0_rep__lorlatinib.log,16.0,-5.047,9.408,11.86
actout_ctlfit,Q2022P_S1986Y,dominant_cluster_representative,0,1,13200,/homes/lkgyammerah/Molecular_Dynamics_analysis/dock/ROS1/q2022p_subset_receptors/actout_ctlfit/Q2022P_S1986Y/Q2022P_S1986Y_actout_ctlfit_dominant_cluster0_rep.pdb,/homes/lkgyammerah/Molecular_Dynamics_analysis/dock/ROS1/q2022p_vina/receptor_pdbqt/Q2022P_S1986Y_actout_ctlfit_dominant_cluster0_rep.pdbqt,lorlatinib,/homes/lkgyammerah/Molecular_Dynamics_analysis/dock/ROS1/q2022p_vina/ligand_pdbqt/lorlatinib.pdbqt,/homes/lkgyammerah/Molecular_Dynamics_analysis/dock/ROS1/q2022p_vina/configs/Q2022P_S1986Y_actout_ctlfit_dominant_cluster0_rep__lorlatinib.txt,/homes/lkgyammerah/Molecular_Dynamics_analysis/dock/ROS1/q2022p_vina/vina_outputs/Q2022P_S1986Y_actout_ctlfit_dominant_cluster0_rep__lorlatinib.pdbqt,/homes/lkgyammerah/Molecular_Dynamics_analysis/dock/ROS1/q2022p_vina/vina_logs/Q2022P_S1986Y_actout_ctlfit_dominant_cluster0_rep__lorlatinib.log,17.0,-4.87,6.451,11.75
actout_ctlfit,Q2022P_S1986Y,dominant_cluster_representative,0,1,13200,/homes/lkgyammerah/Molecular_Dynamics_analysis/dock/ROS1/q2022p_subset_receptors/actout_ctlfit/Q2022P_S1986Y/Q2022P_S1986Y_actout_ctlfit_dominant_cluster0_rep.pdb,/homes/lkgyammerah/Molecular_Dynamics_analysis/dock/ROS1/q2022p_vina/receptor_pdbqt/Q2022P_S1986Y_actout_ctlfit_dominant_cluster0_rep.pdbqt,lorlatinib,/homes/lkgyammerah/Molecular_Dynamics_analysis/dock/ROS1/q2022p_vina/ligand_pdbqt/lorlatinib.pdbqt,/homes/lkgyammerah/Molecular_Dynamics_analysis/dock/ROS1/q2022p_vina/configs/Q2022P_S1986Y_actout_ctlfit_dominant_cluster0_rep__lorlatinib.txt,/homes/lkgyammerah/Molecular_Dynamics_analysis/dock/ROS1/q2022p_vina/vina_outputs/Q2022P_S1986Y_actout_ctlfit_dominant_cluster0_rep__lorlatinib.pdbqt,/homes/lkgyammerah/Molecular_Dynamics_analysis/dock/ROS1/q2022p_vina/vina_logs/Q2022P_S1986Y_actout_ctlfit_dominant_cluster0_rep__lorlatinib.log,18.0,-4.769,8.534,10.75
actout_ctlfit,Q2022P_S1986Y,dominant_cluster_representative,0,1,13200,/homes/lkgyammerah/Molecular_Dynamics_analysis/dock/ROS1/q2022p_subset_receptors/actout_ctlfit/Q2022P_S1986Y/Q2022P_S1986Y_actout_ctlfit_dominant_cluster0_rep.pdb,/homes/lkgyammerah/Molecular_Dynamics_analysis/dock/ROS1/q2022p_vina/receptor_pdbqt/Q2022P_S1986Y_actout_ctlfit_dominant_cluster0_rep.pdbqt,lorlatinib,/homes/lkgyammerah/Molecular_Dynamics_analysis/dock/ROS1/q2022p_vina/ligand_pdbqt/lorlatinib.pdbqt,/homes/lkgyammerah/Molecular_Dynamics_analysis/dock/ROS1/q2022p_vina/configs/Q2022P_S1986Y_actout_ctlfit_dominant_cluster0_rep__lorlatinib.txt,/homes/lkgyammerah/Molecular_Dynamics_analysis/dock/ROS1/q2022p_vina/vina_outputs/Q2022P_S1986Y_actout_ctlfit_dominant_cluster0_rep__lorlatinib.pdbqt,/homes/lkgyammerah/Molecular_Dynamics_analysis/dock/ROS1/q2022p_vina/vina_logs/Q2022P_S1986Y_actout_ctlfit_dominant_cluster0_rep__lorlatinib.log,19.0,-4.719,3.308,6.994
actout_ctlfit,Q2022P_S1986Y,dominant_cluster_representative,0,1,13200,/homes/lkgyammerah/Molecular_Dynamics_analysis/dock/ROS1/q2022p_subset_receptors/actout_ctlfit/Q2022P_S1986Y/Q2022P_S1986Y_actout_ctlfit_dominant_cluster0_rep.pdb,/homes/lkgyammerah/Molecular_Dynamics_analysis/dock/ROS1/q2022p_vina/receptor_pdbqt/Q2022P_S1986Y_actout_ctlfit_dominant_cluster0_rep.pdbqt,lorlatinib,/homes/lkgyammerah/Molecular_Dynamics_analysis/dock/ROS1/q2022p_vina/ligand_pdbqt/lorlatinib.pdbqt,/homes/lkgyammerah/Molecular_Dynamics_analysis/dock/ROS1/q2022p_vina/configs/Q2022P_S1986Y_actout_ctlfit_dominant_cluster0_rep__lorlatinib.txt,/homes/lkgyammerah/Molecular_Dynamics_analysis/dock/ROS1/q2022p_vina/vina_outputs/Q2022P_S1986Y_actout_ctlfit_dominant_cluster0_rep__lorlatinib.pdbqt,/homes/lkgyammerah/Molecular_Dynamics_analysis/dock/ROS1/q2022p_vina/vina_logs/Q2022P_S1986Y_actout_ctlfit_dominant_cluster0_rep__lorlatinib.log,20.0,0.7447,7.78,10.04
actout_ctlfit,Q2022P_S1986Y,dominant_cluster_representative,0,1,13200,/homes/lkgyammerah/Molecular_Dynamics_analysis/dock/ROS1/q2022p_subset_receptors/actout_ctlfit/Q2022P_S1986Y/Q2022P_S1986Y_actout_ctlfit_dominant_cluster0_rep.pdb,/homes/lkgyammerah/Molecular_Dynamics_analysis/dock/ROS1/q2022p_vina/receptor_pdbqt/Q2022P_S1986Y_actout_ctlfit_dominant_cluster0_rep.pdbqt,repotrectinib,/homes/lkgyammerah/Molecular_Dynamics_analysis/dock/ROS1/q2022p_vina/ligand_pdbqt/repotrectinib.pdbqt,/homes/lkgyammerah/Molecular_Dynamics_analysis/dock/ROS1/q2022p_vina/configs/Q2022P_S1986Y_actout_ctlfit_dominant_cluster0_rep__repotrectinib.txt,/homes/lkgyammerah/Molecular_Dynamics_analysis/dock/ROS1/q2022p_vina/vina_outputs/Q2022P_S1986Y_actout_ctlfit_dominant_cluster0_rep__repotrectinib.pdbqt,/homes/lkgyammerah/Molecular_Dynamics_analysis/dock/ROS1/q2022p_vina/vina_logs/Q2022P_S1986Y_actout_ctlfit_dominant_cluster0_rep__repotrectinib.log,2.0,-4.011,7.612,9.066
actout_ctlfit,Q2022P_S1986Y,dominant_cluster_representative,0,1,13200,/homes/lkgyammerah/Molecular_Dynamics_analysis/dock/ROS1/q2022p_subset_receptors/actout_ctlfit/Q2022P_S1986Y/Q2022P_S1986Y_actout_ctlfit_dominant_cluster0_rep.pdb,/homes/lkgyammerah/Molecular_Dynamics_analysis/dock/ROS1/q2022p_vina/receptor_pdbqt/Q2022P_S1986Y_actout_ctlfit_dominant_cluster0_rep.pdbqt,repotrectinib,/homes/lkgyammerah/Molecular_Dynamics_analysis/dock/ROS1/q2022p_vina/ligand_pdbqt/repotrectinib.pdbqt,/homes/lkgyammerah/Molecular_Dynamics_analysis/dock/ROS1/q2022p_vina/configs/Q2022P_S1986Y_actout_ctlfit_dominant_cluster0_rep__repotrectinib.txt,/homes/lkgyammerah/Molecular_Dynamics_analysis/dock/ROS1/q2022p_vina/vina_outputs/Q2022P_S1986Y_actout_ctlfit_dominant_cluster0_rep__repotrectinib.pdbqt,/homes/lkgyammerah/Molecular_Dynamics_analysis/dock/ROS1/q2022p_vina/vina_logs/Q2022P_S1986Y_actout_ctlfit_dominant_cluster0_rep__repotrectinib.log,3.0,-3.752,2.36,3.982
actout_ctlfit,Q2022P_S1986Y,dominant_cluster_representative,0,1,13200,/homes/lkgyammerah/Molecular_Dynamics_analysis/dock/ROS1/q2022p_subset_receptors/actout_ctlfit/Q2022P_S1986Y/Q2022P_S1986Y_actout_ctlfit_dominant_cluster0_rep.pdb,/homes/lkgyammerah/Molecular_Dynamics_analysis/dock/ROS1/q2022p_vina/receptor_pdbqt/Q2022P_S1986Y_actout_ctlfit_dominant_cluster0_rep.pdbqt,repotrectinib,/homes/lkgyammerah/Molecular_Dynamics_analysis/dock/ROS1/q2022p_vina/ligand_pdbqt/repotrectinib.pdbqt,/homes/lkgyammerah/Molecular_Dynamics_analysis/dock/ROS1/q2022p_vina/configs/Q2022P_S1986Y_actout_ctlfit_dominant_cluster0_rep__repotrectinib.txt,/homes/lkgyammerah/Molecular_Dynamics_analysis/dock/ROS1/q2022p_vina/vina_outputs/Q2022P_S1986Y_actout_ctlfit_dominant_cluster0_rep__repotrectinib.pdbqt,/homes/lkgyammerah/Molecular_Dynamics_analysis/dock/ROS1/q2022p_vina/vina_logs/Q2022P_S1986Y_actout_ctlfit_dominant_cluster0_rep__repotrectinib.log,4.0,-3.479,1.723,2.89
actout_ctlfit,Q2022P_S1986Y,dominant_cluster_representative,0,1,13200,/homes/lkgyammerah/Molecular_Dynamics_analysis/dock/ROS1/q2022p_subset_receptors/actout_ctlfit/Q2022P_S1986Y/Q2022P_S1986Y_actout_ctlfit_dominant_cluster0_rep.pdb,/homes/lkgyammerah/Molecular_Dynamics_analysis/dock/ROS1/q2022p_vina/receptor_pdbqt/Q2022P_S1986Y_actout_ctlfit_dominant_cluster0_rep.pdbqt,repotrectinib,/homes/lkgyammerah/Molecular_Dynamics_analysis/dock/ROS1/q2022p_vina/ligand_pdbqt/repotrectinib.pdbqt,/homes/lkgyammerah/Molecular_Dynamics_analysis/dock/ROS1/q2022p_vina/configs/Q2022P_S1986Y_actout_ctlfit_dominant_cluster0_rep__repotrectinib.txt,/homes/lkgyammerah/Molecular_Dynamics_analysis/dock/ROS1/q2022p_vina/vina_outputs/Q2022P_S1986Y_actout_ctlfit_dominant_cluster0_rep__repotrectinib.pdbqt,/homes/lkgyammerah/Molecular_Dynamics_analysis/dock/ROS1/q2022p_vina/vina_logs/Q2022P_S1986Y_actout_ctlfit_dominant_cluster0_rep__repotrectinib.log,5.0,-3.449,2.236,3.159
actout_ctlfit,Q2022P_S1986Y,dominant_cluster_representative,0,1,13200,/homes/lkgyammerah/Molecular_Dynamics_analysis/dock/ROS1/q2022p_subset_receptors/actout_ctlfit/Q2022P_S1986Y/Q2022P_S1986Y_actout_ctlfit_dominant_cluster0_rep.pdb,/homes/lkgyammerah/Molecular_Dynamics_analysis/dock/ROS1/q2022p_vina/receptor_pdbqt/Q2022P_S1986Y_actout_ctlfit_dominant_cluster0_rep.pdbqt,repotrectinib,/homes/lkgyammerah/Molecular_Dynamics_analysis/dock/ROS1/q2022p_vina/ligand_pdbqt/repotrectinib.pdbqt,/homes/lkgyammerah/Molecular_Dynamics_analysis/dock/ROS1/q2022p_vina/configs/Q2022P_S1986Y_actout_ctlfit_dominant_cluster0_rep__repotrectinib.txt,/homes/lkgyammerah/Molecular_Dynamics_analysis/dock/ROS1/q2022p_vina/vina_outputs/Q2022P_S1986Y_actout_ctlfit_dominant_cluster0_rep__repotrectinib.pdbqt,/homes/lkgyammerah/Molecular_Dynamics_analysis/dock/ROS1/q2022p_vina/vina_logs/Q2022P_S1986Y_actout_ctlfit_dominant_cluster0_rep__repotrectinib.log,6.0,-3.293,2.15,4.374
actout_ctlfit,Q2022P_S1986Y,dominant_cluster_representative,0,1,13200,/homes/lkgyammerah/Molecular_Dynamics_analysis/dock/ROS1/q2022p_subset_receptors/actout_ctlfit/Q2022P_S1986Y/Q2022P_S1986Y_actout_ctlfit_dominant_cluster0_rep.pdb,/homes/lkgyammerah/Molecular_Dynamics_analysis/dock/ROS1/q2022p_vina/receptor_pdbqt/Q2022P_S1986Y_actout_ctlfit_dominant_cluster0_rep.pdbqt,repotrectinib,/homes/lkgyammerah/Molecular_Dynamics_analysis/dock/ROS1/q2022p_vina/ligand_pdbqt/repotrectinib.pdbqt,/homes/lkgyammerah/Molecular_Dynamics_analysis/dock/ROS1/q2022p_vina/configs/Q2022P_S1986Y_actout_ctlfit_dominant_cluster0_rep__repotrectinib.txt,/homes/lkgyammerah/Molecular_Dynamics_analysis/dock/ROS1/q2022p_vina/vina_outputs/Q2022P_S1986Y_actout_ctlfit_dominant_cluster0_rep__repotrectinib.pdbqt,/homes/lkgyammerah/Molecular_Dynamics_analysis/dock/ROS1/q2022p_vina/vina_logs/Q2022P_S1986Y_actout_ctlfit_dominant_cluster0_rep__repotrectinib.log,7.0,-3.247,2.713,4.325
actout_ctlfit,Q2022P_S1986Y,dominant_cluster_representative,0,1,13200,/homes/lkgyammerah/Molecular_Dynamics_analysis/dock/ROS1/q2022p_subset_receptors/actout_ctlfit/Q2022P_S1986Y/Q2022P_S1986Y_actout_ctlfit_dominant_cluster0_rep.pdb,/homes/lkgyammerah/Molecular_Dynamics_analysis/dock/ROS1/q2022p_vina/receptor_pdbqt/Q2022P_S1986Y_actout_ctlfit_dominant_cluster0_rep.pdbqt,repotrectinib,/homes/lkgyammerah/Molecular_Dynamics_analysis/dock/ROS1/q2022p_vina/ligand_pdbqt/repotrectinib.pdbqt,/homes/lkgyammerah/Molecular_Dynamics_analysis/dock/ROS1/q2022p_vina/configs/Q2022P_S1986Y_actout_ctlfit_dominant_cluster0_rep__repotrectinib.txt,/homes/lkgyammerah/Molecular_Dynamics_analysis/dock/ROS1/q2022p_vina/vina_outputs/Q2022P_S1986Y_actout_ctlfit_dominant_cluster0_rep__repotrectinib.pdbqt,/homes/lkgyammerah/Molecular_Dynamics_analysis/dock/ROS1/q2022p_vina/vina_logs/Q2022P_S1986Y_actout_ctlfit_dominant_cluster0_rep__repotrectinib.log,8.0,-2.988,8.133,9.611
actout_ctlfit,Q2022P_S1986Y,dominant_cluster_representative,0,1,13200,/homes/lkgyammerah/Molecular_Dynamics_analysis/dock/ROS1/q2022p_subset_receptors/actout_ctlfit/Q2022P_S1986Y/Q2022P_S1986Y_actout_ctlfit_dominant_cluster0_rep.pdb,/homes/lkgyammerah/Molecular_Dynamics_analysis/dock/ROS1/q2022p_vina/receptor_pdbqt/Q2022P_S1986Y_actout_ctlfit_dominant_cluster0_rep.pdbqt,repotrectinib,/homes/lkgyammerah/Molecular_Dynamics_analysis/dock/ROS1/q2022p_vina/ligand_pdbqt/repotrectinib.pdbqt,/homes/lkgyammerah/Molecular_Dynamics_analysis/dock/ROS1/q2022p_vina/configs/Q2022P_S1986Y_actout_ctlfit_dominant_cluster0_rep__repotrectinib.txt,/homes/lkgyammerah/Molecular_Dynamics_analysis/dock/ROS1/q2022p_vina/vina_outputs/Q2022P_S1986Y_actout_ctlfit_dominant_cluster0_rep__repotrectinib.pdbqt,/homes/lkgyammerah/Molecular_Dynamics_analysis/dock/ROS1/q2022p_vina/vina_logs/Q2022P_S1986Y_actout_ctlfit_dominant_cluster0_rep__repotrectinib.log,9.0,-2.897,1.434,2.616
actout_ctlfit,Q2022P_S1986Y,dominant_cluster_representative,0,1,13200,/homes/lkgyammerah/Molecular_Dynamics_analysis/dock/ROS1/q2022p_subset_receptors/actout_ctlfit/Q2022P_S1986Y/Q2022P_S1986Y_actout_ctlfit_dominant_cluster0_rep.pdb,/homes/lkgyammerah/Molecular_Dynamics_analysis/dock/ROS1/q2022p_vina/receptor_pdbqt/Q2022P_S1986Y_actout_ctlfit_dominant_cluster0_rep.pdbqt,repotrectinib,/homes/lkgyammerah/Molecular_Dynamics_analysis/dock/ROS1/q2022p_vina/ligand_pdbqt/repotrectinib.pdbqt,/homes/lkgyammerah/Molecular_Dynamics_analysis/dock/ROS1/q2022p_vina/configs/Q2022P_S1986Y_actout_ctlfit_dominant_cluster0_rep__repotrectinib.txt,/homes/lkgyammerah/Molecular_Dynamics_analysis/dock/ROS1/q2022p_vina/vina_outputs/Q2022P_S1986Y_actout_ctlfit_dominant_cluster0_rep__repotrectinib.pdbqt,/homes/lkgyammerah/Molecular_Dynamics_analysis/dock/ROS1/q2022p_vina/vina_logs/Q2022P_S1986Y_actout_ctlfit_dominant_cluster0_rep__repotrectinib.log,10.0,-2.886,8.018,9.647
actout_ctlfit,Q2022P_S1986Y,dominant_cluster_representative,0,1,13200,/homes/lkgyammerah/Molecular_Dynamics_analysis/dock/ROS1/q2022p_subset_receptors/actout_ctlfit/Q2022P_S1986Y/Q2022P_S1986Y_actout_ctlfit_dominant_cluster0_rep.pdb,/homes/lkgyammerah/Molecular_Dynamics_analysis/dock/ROS1/q2022p_vina/receptor_pdbqt/Q2022P_S1986Y_actout_ctlfit_dominant_cluster0_rep.pdbqt,repotrectinib,/homes/lkgyammerah/Molecular_Dynamics_analysis/dock/ROS1/q2022p_vina/ligand_pdbqt/repotrectinib.pdbqt,/homes/lkgyammerah/Molecular_Dynamics_analysis/dock/ROS1/q2022p_vina/configs/Q2022P_S1986Y_actout_ctlfit_dominant_cluster0_rep__repotrectinib.txt,/homes/lkgyammerah/Molecular_Dynamics_analysis/dock/ROS1/q2022p_vina/vina_outputs/Q2022P_S1986Y_actout_ctlfit_dominant_cluster0_rep__repotrectinib.pdbqt,/homes/lkgyammerah/Molecular_Dynamics_analysis/dock/ROS1/q2022p_vina/vina_logs/Q2022P_S1986Y_actout_ctlfit_dominant_cluster0_rep__repotrectinib.log,11.0,-2.856,14.53,16.83
actout_ctlfit,Q2022P_S1986Y,dominant_cluster_representative,0,1,13200,/homes/lkgyammerah/Molecular_Dynamics_analysis/dock/ROS1/q2022p_subset_receptors/actout_ctlfit/Q2022P_S1986Y/Q2022P_S1986Y_actout_ctlfit_dominant_cluster0_rep.pdb,/homes/lkgyammerah/Molecular_Dynamics_analysis/dock/ROS1/q2022p_vina/receptor_pdbqt/Q2022P_S1986Y_actout_ctlfit_dominant_cluster0_rep.pdbqt,repotrectinib,/homes/lkgyammerah/Molecular_Dynamics_analysis/dock/ROS1/q2022p_vina/ligand_pdbqt/repotrectinib.pdbqt,/homes/lkgyammerah/Molecular_Dynamics_analysis/dock/ROS1/q2022p_vina/configs/Q2022P_S1986Y_actout_ctlfit_dominant_cluster0_rep__repotrectinib.txt,/homes/lkgyammerah/Molecular_Dynamics_analysis/dock/ROS1/q2022p_vina/vina_outputs/Q2022P_S1986Y_actout_ctlfit_dominant_cluster0_rep__repotrectinib.pdbqt,/homes/lkgyammerah/Molecular_Dynamics_analysis/dock/ROS1/q2022p_vina/vina_logs/Q2022P_S1986Y_actout_ctlfit_dominant_cluster0_rep__repotrectinib.log,12.0,-2.745,3.041,5.603
actout_ctlfit,Q2022P_S1986Y,dominant_cluster_representative,0,1,13200,/homes/lkgyammerah/Molecular_Dynamics_analysis/dock/ROS1/q2022p_subset_receptors/actout_ctlfit/Q2022P_S1986Y/Q2022P_S1986Y_actout_ctlfit_dominant_cluster0_rep.pdb,/homes/lkgyammerah/Molecular_Dynamics_analysis/dock/ROS1/q2022p_vina/receptor_pdbqt/Q2022P_S1986Y_actout_ctlfit_dominant_cluster0_rep.pdbqt,repotrectinib,/homes/lkgyammerah/Molecular_Dynamics_analysis/dock/ROS1/q2022p_vina/ligand_pdbqt/repotrectinib.pdbqt,/homes/lkgyammerah/Molecular_Dynamics_analysis/dock/ROS1/q2022p_vina/configs/Q2022P_S1986Y_actout_ctlfit_dominant_cluster0_rep__repotrectinib.txt,/homes/lkgyammerah/Molecular_Dynamics_analysis/dock/ROS1/q2022p_vina/vina_outputs/Q2022P_S1986Y_actout_ctlfit_dominant_cluster0_rep__repotrectinib.pdbqt,/homes/lkgyammerah/Molecular_Dynamics_analysis/dock/ROS1/q2022p_vina/vina_logs/Q2022P_S1986Y_actout_ctlfit_dominant_cluster0_rep__repotrectinib.log,13.0,-2.549,1.619,2.264
actout_ctlfit,Q2022P_S1986Y,dominant_cluster_representative,0,1,13200,/homes/lkgyammerah/Molecular_Dynamics_analysis/dock/ROS1/q2022p_subset_receptors/actout_ctlfit/Q2022P_S1986Y/Q2022P_S1986Y_actout_ctlfit_dominant_cluster0_rep.pdb,/homes/lkgyammerah/Molecular_Dynamics_analysis/dock/ROS1/q2022p_vina/receptor_pdbqt/Q2022P_S1986Y_actout_ctlfit_dominant_cluster0_rep.pdbqt,repotrectinib,/homes/lkgyammerah/Molecular_Dynamics_analysis/dock/ROS1/q2022p_vina/ligand_pdbqt/repotrectinib.pdbqt,/homes/lkgyammerah/Molecular_Dynamics_analysis/dock/ROS1/q2022p_vina/configs/Q2022P_S1986Y_actout_ctlfit_dominant_cluster0_rep__repotrectinib.txt,/homes/lkgyammerah/Molecular_Dynamics_analysis/dock/ROS1/q2022p_vina/vina_outputs/Q2022P_S1986Y_actout_ctlfit_dominant_cluster0_rep__repotrectinib.pdbqt,/homes/lkgyammerah/Molecular_Dynamics_analysis/dock/ROS1/q2022p_vina/vina_logs/Q2022P_S1986Y_actout_ctlfit_dominant_cluster0_rep__repotrectinib.log,14.0,-2.489,4.346,5.954
actout_ctlfit,Q2022P_S1986Y,dominant_cluster_representative,0,1,13200,/homes/lkgyammerah/Molecular_Dynamics_analysis/dock/ROS1/q2022p_subset_receptors/actout_ctlfit/Q2022P_S1986Y/Q2022P_S1986Y_actout_ctlfit_dominant_cluster0_rep.pdb,/homes/lkgyammerah/Molecular_Dynamics_analysis/dock/ROS1/q2022p_vina/receptor_pdbqt/Q2022P_S1986Y_actout_ctlfit_dominant_cluster0_rep.pdbqt,repotrectinib,/homes/lkgyammerah/Molecular_Dynamics_analysis/dock/ROS1/q2022p_vina/ligand_pdbqt/repotrectinib.pdbqt,/homes/lkgyammerah/Molecular_Dynamics_analysis/dock/ROS1/q2022p_vina/configs/Q2022P_S1986Y_actout_ctlfit_dominant_cluster0_rep__repotrectinib.txt,/homes/lkgyammerah/Molecular_Dynamics_analysis/dock/ROS1/q2022p_vina/vina_outputs/Q2022P_S1986Y_actout_ctlfit_dominant_cluster0_rep__repotrectinib.pdbqt,/homes/lkgyammerah/Molecular_Dynamics_analysis/dock/ROS1/q2022p_vina/vina_logs/Q2022P_S1986Y_actout_ctlfit_dominant_cluster0_rep__repotrectinib.log,15.0,-2.395,11.29,13.67
actout_ctlfit,Q2022P_S1986Y,dominant_cluster_representative,0,1,13200,/homes/lkgyammerah/Molecular_Dynamics_analysis/dock/ROS1/q2022p_subset_receptors/actout_ctlfit/Q2022P_S1986Y/Q2022P_S1986Y_actout_ctlfit_dominant_cluster0_rep.pdb,/homes/lkgyammerah/Molecular_Dynamics_analysis/dock/ROS1/q2022p_vina/receptor_pdbqt/Q2022P_S1986Y_actout_ctlfit_dominant_cluster0_rep.pdbqt,repotrectinib,/homes/lkgyammerah/Molecular_Dynamics_analysis/dock/ROS1/q2022p_vina/ligand_pdbqt/repotrectinib.pdbqt,/homes/lkgyammerah/Molecular_Dynamics_analysis/dock/ROS1/q2022p_vina/configs/Q2022P_S1986Y_actout_ctlfit_dominant_cluster0_rep__repotrectinib.txt,/homes/lkgyammerah/Molecular_Dynamics_analysis/dock/ROS1/q2022p_vina/vina_outputs/Q2022P_S1986Y_actout_ctlfit_dominant_cluster0_rep__repotrectinib.pdbqt,/homes/lkgyammerah/Molecular_Dynamics_analysis/dock/ROS1/q2022p_vina/vina_logs/Q2022P_S1986Y_actout_ctlfit_dominant_cluster0_rep__repotrectinib.log,16.0,-2.31,14.07,16.33
actout_ctlfit,Q2022P_S1986Y,dominant_cluster_representative,0,1,13200,/homes/lkgyammerah/Molecular_Dynamics_analysis/dock/ROS1/q2022p_subset_receptors/actout_ctlfit/Q2022P_S1986Y/Q2022P_S1986Y_actout_ctlfit_dominant_cluster0_rep.pdb,/homes/lkgyammerah/Molecular_Dynamics_analysis/dock/ROS1/q2022p_vina/receptor_pdbqt/Q2022P_S1986Y_actout_ctlfit_dominant_cluster0_rep.pdbqt,repotrectinib,/homes/lkgyammerah/Molecular_Dynamics_analysis/dock/ROS1/q2022p_vina/ligand_pdbqt/repotrectinib.pdbqt,/homes/lkgyammerah/Molecular_Dynamics_analysis/dock/ROS1/q2022p_vina/configs/Q2022P_S1986Y_actout_ctlfit_dominant_cluster0_rep__repotrectinib.txt,/homes/lkgyammerah/Molecular_Dynamics_analysis/dock/ROS1/q2022p_vina/vina_outputs/Q2022P_S1986Y_actout_ctlfit_dominant_cluster0_rep__repotrectinib.pdbqt,/homes/lkgyammerah/Molecular_Dynamics_analysis/dock/ROS1/q2022p_vina/vina_logs/Q2022P_S1986Y_actout_ctlfit_dominant_cluster0_rep__repotrectinib.log,17.0,-2.296,8.426,9.755
actout_ctlfit,Q2022P_S1986Y,dominant_cluster_representative,0,1,13200,/homes/lkgyammerah/Molecular_Dynamics_analysis/dock/ROS1/q2022p_subset_receptors/actout_ctlfit/Q2022P_S1986Y/Q2022P_S1986Y_actout_ctlfit_dominant_cluster0_rep.pdb,/homes/lkgyammerah/Molecular_Dynamics_analysis/dock/ROS1/q2022p_vina/receptor_pdbqt/Q2022P_S1986Y_actout_ctlfit_dominant_cluster0_rep.pdbqt,repotrectinib,/homes/lkgyammerah/Molecular_Dynamics_analysis/dock/ROS1/q2022p_vina/ligand_pdbqt/repotrectinib.pdbqt,/homes/lkgyammerah/Molecular_Dynamics_analysis/dock/ROS1/q2022p_vina/configs/Q2022P_S1986Y_actout_ctlfit_dominant_cluster0_rep__repotrectinib.txt,/homes/lkgyammerah/Molecular_Dynamics_analysis/dock/ROS1/q2022p_vina/vina_outputs/Q2022P_S1986Y_actout_ctlfit_dominant_cluster0_rep__repotrectinib.pdbqt,/homes/lkgyammerah/Molecular_Dynamics_analysis/dock/ROS1/q2022p_vina/vina_logs/Q2022P_S1986Y_actout_ctlfit_dominant_cluster0_rep__repotrectinib.log,18.0,-1.943,3.93,6.478
actout_ctlfit,Q2022P_S1986Y,dominant_cluster_representative,0,1,13200,/homes/lkgyammerah/Molecular_Dynamics_analysis/dock/ROS1/q2022p_subset_receptors/actout_ctlfit/Q2022P_S1986Y/Q2022P_S1986Y_actout_ctlfit_dominant_cluster0_rep.pdb,/homes/lkgyammerah/Molecular_Dynamics_analysis/dock/ROS1/q2022p_vina/receptor_pdbqt/Q2022P_S1986Y_actout_ctlfit_dominant_cluster0_rep.pdbqt,repotrectinib,/homes/lkgyammerah/Molecular_Dynamics_analysis/dock/ROS1/q2022p_vina/ligand_pdbqt/repotrectinib.pdbqt,/homes/lkgyammerah/Molecular_Dynamics_analysis/dock/ROS1/q2022p_vina/configs/Q2022P_S1986Y_actout_ctlfit_dominant_cluster0_rep__repotrectinib.txt,/homes/lkgyammerah/Molecular_Dynamics_analysis/dock/ROS1/q2022p_vina/vina_outputs/Q2022P_S1986Y_actout_ctlfit_dominant_cluster0_rep__repotrectinib.pdbqt,/homes/lkgyammerah/Molecular_Dynamics_analysis/dock/ROS1/q2022p_vina/vina_logs/Q2022P_S1986Y_actout_ctlfit_dominant_cluster0_rep__repotrectinib.log,19.0,-1.844,14.25,16.24
actout_ctlfit,Q2022P_S1986Y,dominant_cluster_representative,0,1,13200,/homes/lkgyammerah/Molecular_Dynamics_analysis/dock/ROS1/q2022p_subset_receptors/actout_ctlfit/Q2022P_S1986Y/Q2022P_S1986Y_actout_ctlfit_dominant_cluster0_rep.pdb,/homes/lkgyammerah/Molecular_Dynamics_analysis/dock/ROS1/q2022p_vina/receptor_pdbqt/Q2022P_S1986Y_actout_ctlfit_dominant_cluster0_rep.pdbqt,repotrectinib,/homes/lkgyammerah/Molecular_Dynamics_analysis/dock/ROS1/q2022p_vina/ligand_pdbqt/repotrectinib.pdbqt,/homes/lkgyammerah/Molecular_Dynamics_analysis/dock/ROS1/q2022p_vina/configs/Q2022P_S1986Y_actout_ctlfit_dominant_cluster0_rep__repotrectinib.txt,/homes/lkgyammerah/Molecular_Dynamics_analysis/dock/ROS1/q2022p_vina/vina_outputs/Q2022P_S1986Y_actout_ctlfit_dominant_cluster0_rep__repotrectinib.pdbqt,/homes/lkgyammerah/Molecular_Dynamics_analysis/dock/ROS1/q2022p_vina/vina_logs/Q2022P_S1986Y_actout_ctlfit_dominant_cluster0_rep__repotrectinib.log,20.0,-1.338,11.65,13.35
actout_ctlfit,Q2022P_S1986Y,dominant_cluster_representative,0,1,13200,/homes/lkgyammerah/Molecular_Dynamics_analysis/dock/ROS1/q2022p_subset_receptors/actout_ctlfit/Q2022P_S1986Y/Q2022P_S1986Y_actout_ctlfit_dominant_cluster0_rep.pdb,/homes/lkgyammerah/Molecular_Dynamics_analysis/dock/ROS1/q2022p_vina/receptor_pdbqt/Q2022P_S1986Y_actout_ctlfit_dominant_cluster0_rep.pdbqt,zidesamtinib,/homes/lkgyammerah/Molecular_Dynamics_analysis/dock/ROS1/q2022p_vina/ligand_pdbqt/zidesamtinib.pdbqt,/homes/lkgyammerah/Molecular_Dynamics_analysis/dock/ROS1/q2022p_vina/configs/Q2022P_S1986Y_actout_ctlfit_dominant_cluster0_rep__zidesamtinib.txt,/homes/lkgyammerah/Molecular_Dynamics_analysis/dock/ROS1/q2022p_vina/vina_outputs/Q2022P_S1986Y_actout_ctlfit_dominant_cluster0_rep__zidesamtinib.pdbqt,/homes/lkgyammerah/Molecular_Dynamics_analysis/dock/ROS1/q2022p_vina/vina_logs/Q2022P_S1986Y_actout_ctlfit_dominant_cluster0_rep__zidesamtinib.log,2.0,-7.493,1.638,3.327
actout_ctlfit,Q2022P_S1986Y,dominant_cluster_representative,0,1,13200,/homes/lkgyammerah/Molecular_Dynamics_analysis/dock/ROS1/q2022p_subset_receptors/actout_ctlfit/Q2022P_S1986Y/Q2022P_S1986Y_actout_ctlfit_dominant_cluster0_rep.pdb,/homes/lkgyammerah/Molecular_Dynamics_analysis/dock/ROS1/q2022p_vina/receptor_pdbqt/Q2022P_S1986Y_actout_ctlfit_dominant_cluster0_rep.pdbqt,zidesamtinib,/homes/lkgyammerah/Molecular_Dynamics_analysis/dock/ROS1/q2022p_vina/ligand_pdbqt/zidesamtinib.pdbqt,/homes/lkgyammerah/Molecular_Dynamics_analysis/dock/ROS1/q2022p_vina/configs/Q2022P_S1986Y_actout_ctlfit_dominant_cluster0_rep__zidesamtinib.txt,/homes/lkgyammerah/Molecular_Dynamics_analysis/dock/ROS1/q2022p_vina/vina_outputs/Q2022P_S1986Y_actout_ctlfit_dominant_cluster0_rep__zidesamtinib.pdbqt,/homes/lkgyammerah/Molecular_Dynamics_analysis/dock/ROS1/q2022p_vina/vina_logs/Q2022P_S1986Y_actout_ctlfit_dominant_cluster0_rep__zidesamtinib.log,3.0,-7.451,1.635,4.27
actout_ctlfit,Q2022P_S1986Y,dominant_cluster_representative,0,1,13200,/homes/lkgyammerah/Molecular_Dynamics_analysis/dock/ROS1/q2022p_subset_receptors/actout_ctlfit/Q2022P_S1986Y/Q2022P_S1986Y_actout_ctlfit_dominant_cluster0_rep.pdb,/homes/lkgyammerah/Molecular_Dynamics_analysis/dock/ROS1/q2022p_vina/receptor_pdbqt/Q2022P_S1986Y_actout_ctlfit_dominant_cluster0_rep.pdbqt,zidesamtinib,/homes/lkgyammerah/Molecular_Dynamics_analysis/dock/ROS1/q2022p_vina/ligand_pdbqt/zidesamtinib.pdbqt,/homes/lkgyammerah/Molecular_Dynamics_analysis/dock/ROS1/q2022p_vina/configs/Q2022P_S1986Y_actout_ctlfit_dominant_cluster0_rep__zidesamtinib.txt,/homes/lkgyammerah/Molecular_Dynamics_analysis/dock/ROS1/q2022p_vina/vina_outputs/Q2022P_S1986Y_actout_ctlfit_dominant_cluster0_rep__zidesamtinib.pdbqt,/homes/lkgyammerah/Molecular_Dynamics_analysis/dock/ROS1/q2022p_vina/vina_logs/Q2022P_S1986Y_actout_ctlfit_dominant_cluster0_rep__zidesamtinib.log,4.0,-7.265,13.21,16.35
actout_ctlfit,Q2022P_S1986Y,dominant_cluster_representative,0,1,13200,/homes/lkgyammerah/Molecular_Dynamics_analysis/dock/ROS1/q2022p_subset_receptors/actout_ctlfit/Q2022P_S1986Y/Q2022P_S1986Y_actout_ctlfit_dominant_cluster0_rep.pdb,/homes/lkgyammerah/Molecular_Dynamics_analysis/dock/ROS1/q2022p_vina/receptor_pdbqt/Q2022P_S1986Y_actout_ctlfit_dominant_cluster0_rep.pdbqt,zidesamtinib,/homes/lkgyammerah/Molecular_Dynamics_analysis/dock/ROS1/q2022p_vina/ligand_pdbqt/zidesamtinib.pdbqt,/homes/lkgyammerah/Molecular_Dynamics_analysis/dock/ROS1/q2022p_vina/configs/Q2022P_S1986Y_actout_ctlfit_dominant_cluster0_rep__zidesamtinib.txt,/homes/lkgyammerah/Molecular_Dynamics_analysis/dock/ROS1/q2022p_vina/vina_outputs/Q2022P_S1986Y_actout_ctlfit_dominant_cluster0_rep__zidesamtinib.pdbqt,/homes/lkgyammerah/Molecular_Dynamics_analysis/dock/ROS1/q2022p_vina/vina_logs/Q2022P_S1986Y_actout_ctlfit_dominant_cluster0_rep__zidesamtinib.log,5.0,-7.153,12.66,15.24
actout_ctlfit,Q2022P_S1986Y,dominant_cluster_representative,0,1,13200,/homes/lkgyammerah/Molecular_Dynamics_analysis/dock/ROS1/q2022p_subset_receptors/actout_ctlfit/Q2022P_S1986Y/Q2022P_S1986Y_actout_ctlfit_dominant_cluster0_rep.pdb,/homes/lkgyammerah/Molecular_Dynamics_analysis/dock/ROS1/q2022p_vina/receptor_pdbqt/Q2022P_S1986Y_actout_ctlfit_dominant_cluster0_rep.pdbqt,zidesamtinib,/homes/lkgyammerah/Molecular_Dynamics_analysis/dock/ROS1/q2022p_vina/ligand_pdbqt/zidesamtinib.pdbqt,/homes/lkgyammerah/Molecular_Dynamics_analysis/dock/ROS1/q2022p_vina/configs/Q2022P_S1986Y_actout_ctlfit_dominant_cluster0_rep__zidesamtinib.txt,/homes/lkgyammerah/Molecular_Dynamics_analysis/dock/ROS1/q2022p_vina/vina_outputs/Q2022P_S1986Y_actout_ctlfit_dominant_cluster0_rep__zidesamtinib.pdbqt,/homes/lkgyammerah/Molecular_Dynamics_analysis/dock/ROS1/q2022p_vina/vina_logs/Q2022P_S1986Y_actout_ctlfit_dominant_cluster0_rep__zidesamtinib.log,6.0,-7.077,1.328,2.466
actout_ctlfit,Q2022P_S1986Y,dominant_cluster_representative,0,1,13200,/homes/lkgyammerah/Molecular_Dynamics_analysis/dock/ROS1/q2022p_subset_receptors/actout_ctlfit/Q2022P_S1986Y/Q2022P_S1986Y_actout_ctlfit_dominant_cluster0_rep.pdb,/homes/lkgyammerah/Molecular_Dynamics_analysis/dock/ROS1/q2022p_vina/receptor_pdbqt/Q2022P_S1986Y_actout_ctlfit_dominant_cluster0_rep.pdbqt,zidesamtinib,/homes/lkgyammerah/Molecular_Dynamics_analysis/dock/ROS1/q2022p_vina/ligand_pdbqt/zidesamtinib.pdbqt,/homes/lkgyammerah/Molecular_Dynamics_analysis/dock/ROS1/q2022p_vina/configs/Q2022P_S1986Y_actout_ctlfit_dominant_cluster0_rep__zidesamtinib.txt,/homes/lkgyammerah/Molecular_Dynamics_analysis/dock/ROS1/q2022p_vina/vina_outputs/Q2022P_S1986Y_actout_ctlfit_dominant_cluster0_rep__zidesamtinib.pdbqt,/homes/lkgyammerah/Molecular_Dynamics_analysis/dock/ROS1/q2022p_vina/vina_logs/Q2022P_S1986Y_actout_ctlfit_dominant_cluster0_rep__zidesamtinib.log,7.0,-6.911,10.95,13.88
actout_ctlfit,Q2022P_S1986Y,dominant_cluster_representative,0,1,13200,/homes/lkgyammerah/Molecular_Dynamics_analysis/dock/ROS1/q2022p_subset_receptors/actout_ctlfit/Q2022P_S1986Y/Q2022P_S1986Y_actout_ctlfit_dominant_cluster0_rep.pdb,/homes/lkgyammerah/Molecular_Dynamics_analysis/dock/ROS1/q2022p_vina/receptor_pdbqt/Q2022P_S1986Y_actout_ctlfit_dominant_cluster0_rep.pdbqt,zidesamtinib,/homes/lkgyammerah/Molecular_Dynamics_analysis/dock/ROS1/q2022p_vina/ligand_pdbqt/zidesamtinib.pdbqt,/homes/lkgyammerah/Molecular_Dynamics_analysis/dock/ROS1/q2022p_vina/configs/Q2022P_S1986Y_actout_ctlfit_dominant_cluster0_rep__zidesamtinib.txt,/homes/lkgyammerah/Molecular_Dynamics_analysis/dock/ROS1/q2022p_vina/vina_outputs/Q2022P_S1986Y_actout_ctlfit_dominant_cluster0_rep__zidesamtinib.pdbqt,/homes/lkgyammerah/Molecular_Dynamics_analysis/dock/ROS1/q2022p_vina/vina_logs/Q2022P_S1986Y_actout_ctlfit_dominant_cluster0_rep__zidesamtinib.log,8.0,-6.869,11.89,14.29
actout_ctlfit,Q2022P_S1986Y,dominant_cluster_representative,0,1,13200,/homes/lkgyammerah/Molecular_Dynamics_analysis/dock/ROS1/q2022p_subset_receptors/actout_ctlfit/Q2022P_S1986Y/Q2022P_S1986Y_actout_ctlfit_dominant_cluster0_rep.pdb,/homes/lkgyammerah/Molecular_Dynamics_analysis/dock/ROS1/q2022p_vina/receptor_pdbqt/Q2022P_S1986Y_actout_ctlfit_dominant_cluster0_rep.pdbqt,zidesamtinib,/homes/lkgyammerah/Molecular_Dynamics_analysis/dock/ROS1/q2022p_vina/ligand_pdbqt/zidesamtinib.pdbqt,/homes/lkgyammerah/Molecular_Dynamics_analysis/dock/ROS1/q2022p_vina/configs/Q2022P_S1986Y_actout_ctlfit_dominant_cluster0_rep__zidesamtinib.txt,/homes/lkgyammerah/Molecular_Dynamics_analysis/dock/ROS1/q2022p_vina/vina_outputs/Q2022P_S1986Y_actout_ctlfit_dominant_cluster0_rep__zidesamtinib.pdbqt,/homes/lkgyammerah/Molecular_Dynamics_analysis/dock/ROS1/q2022p_vina/vina_logs/Q2022P_S1986Y_actout_ctlfit_dominant_cluster0_rep__zidesamtinib.log,9.0,-6.845,12.45,14.9
actout_ctlfit,Q2022P_S1986Y,dominant_cluster_representative,0,1,13200,/homes/lkgyammerah/Molecular_Dynamics_analysis/dock/ROS1/q2022p_subset_receptors/actout_ctlfit/Q2022P_S1986Y/Q2022P_S1986Y_actout_ctlfit_dominant_cluster0_rep.pdb,/homes/lkgyammerah/Molecular_Dynamics_analysis/dock/ROS1/q2022p_vina/receptor_pdbqt/Q2022P_S1986Y_actout_ctlfit_dominant_cluster0_rep.pdbqt,zidesamtinib,/homes/lkgyammerah/Molecular_Dynamics_analysis/dock/ROS1/q2022p_vina/ligand_pdbqt/zidesamtinib.pdbqt,/homes/lkgyammerah/Molecular_Dynamics_analysis/dock/ROS1/q2022p_vina/configs/Q2022P_S1986Y_actout_ctlfit_dominant_cluster0_rep__zidesamtinib.txt,/homes/lkgyammerah/Molecular_Dynamics_analysis/dock/ROS1/q2022p_vina/vina_outputs/Q2022P_S1986Y_actout_ctlfit_dominant_cluster0_rep__zidesamtinib.pdbqt,/homes/lkgyammerah/Molecular_Dynamics_analysis/dock/ROS1/q2022p_vina/vina_logs/Q2022P_S1986Y_actout_ctlfit_dominant_cluster0_rep__zidesamtinib.log,10.0,-6.832,11.72,14.37
actout_ctlfit,Q2022P_S1986Y,dominant_cluster_representative,0,1,13200,/homes/lkgyammerah/Molecular_Dynamics_analysis/dock/ROS1/q2022p_subset_receptors/actout_ctlfit/Q2022P_S1986Y/Q2022P_S1986Y_actout_ctlfit_dominant_cluster0_rep.pdb,/homes/lkgyammerah/Molecular_Dynamics_analysis/dock/ROS1/q2022p_vina/receptor_pdbqt/Q2022P_S1986Y_actout_ctlfit_dominant_cluster0_rep.pdbqt,zidesamtinib,/homes/lkgyammerah/Molecular_Dynamics_analysis/dock/ROS1/q2022p_vina/ligand_pdbqt/zidesamtinib.pdbqt,/homes/lkgyammerah/Molecular_Dynamics_analysis/dock/ROS1/q2022p_vina/configs/Q2022P_S1986Y_actout_ctlfit_dominant_cluster0_rep__zidesamtinib.txt,/homes/lkgyammerah/Molecular_Dynamics_analysis/dock/ROS1/q2022p_vina/vina_outputs/Q2022P_S1986Y_actout_ctlfit_dominant_cluster0_rep__zidesamtinib.pdbqt,/homes/lkgyammerah/Molecular_Dynamics_analysis/dock/ROS1/q2022p_vina/vina_logs/Q2022P_S1986Y_actout_ctlfit_dominant_cluster0_rep__zidesamtinib.log,11.0,-6.805,1.678,3.289
actout_ctlfit,Q2022P_S1986Y,dominant_cluster_representative,0,1,13200,/homes/lkgyammerah/Molecular_Dynamics_analysis/dock/ROS1/q2022p_subset_receptors/actout_ctlfit/Q2022P_S1986Y/Q2022P_S1986Y_actout_ctlfit_dominant_cluster0_rep.pdb,/homes/lkgyammerah/Molecular_Dynamics_analysis/dock/ROS1/q2022p_vina/receptor_pdbqt/Q2022P_S1986Y_actout_ctlfit_dominant_cluster0_rep.pdbqt,zidesamtinib,/homes/lkgyammerah/Molecular_Dynamics_analysis/dock/ROS1/q2022p_vina/ligand_pdbqt/zidesamtinib.pdbqt,/homes/lkgyammerah/Molecular_Dynamics_analysis/dock/ROS1/q2022p_vina/configs/Q2022P_S1986Y_actout_ctlfit_dominant_cluster0_rep__zidesamtinib.txt,/homes/lkgyammerah/Molecular_Dynamics_analysis/dock/ROS1/q2022p_vina/vina_outputs/Q2022P_S1986Y_actout_ctlfit_dominant_cluster0_rep__zidesamtinib.pdbqt,/homes/lkgyammerah/Molecular_Dynamics_analysis/dock/ROS1/q2022p_vina/vina_logs/Q2022P_S1986Y_actout_ctlfit_dominant_cluster0_rep__zidesamtinib.log,12.0,-6.74,13.45,15.95
actout_ctlfit,Q2022P_S1986Y,dominant_cluster_representative,0,1,13200,/homes/lkgyammerah/Molecular_Dynamics_analysis/dock/ROS1/q2022p_subset_receptors/actout_ctlfit/Q2022P_S1986Y/Q2022P_S1986Y_actout_ctlfit_dominant_cluster0_rep.pdb,/homes/lkgyammerah/Molecular_Dynamics_analysis/dock/ROS1/q2022p_vina/receptor_pdbqt/Q2022P_S1986Y_actout_ctlfit_dominant_cluster0_rep.pdbqt,zidesamtinib,/homes/lkgyammerah/Molecular_Dynamics_analysis/dock/ROS1/q2022p_vina/ligand_pdbqt/zidesamtinib.pdbqt,/homes/lkgyammerah/Molecular_Dynamics_analysis/dock/ROS1/q2022p_vina/configs/Q2022P_S1986Y_actout_ctlfit_dominant_cluster0_rep__zidesamtinib.txt,/homes/lkgyammerah/Molecular_Dynamics_analysis/dock/ROS1/q2022p_vina/vina_outputs/Q2022P_S1986Y_actout_ctlfit_dominant_cluster0_rep__zidesamtinib.pdbqt,/homes/lkgyammerah/Molecular_Dynamics_analysis/dock/ROS1/q2022p_vina/vina_logs/Q2022P_S1986Y_actout_ctlfit_dominant_cluster0_rep__zidesamtinib.log,13.0,-6.738,12.12,14.96
actout_ctlfit,Q2022P_S1986Y,dominant_cluster_representative,0,1,13200,/homes/lkgyammerah/Molecular_Dynamics_analysis/dock/ROS1/q2022p_subset_receptors/actout_ctlfit/Q2022P_S1986Y/Q2022P_S1986Y_actout_ctlfit_dominant_cluster0_rep.pdb,/homes/lkgyammerah/Molecular_Dynamics_analysis/dock/ROS1/q2022p_vina/receptor_pdbqt/Q2022P_S1986Y_actout_ctlfit_dominant_cluster0_rep.pdbqt,zidesamtinib,/homes/lkgyammerah/Molecular_Dynamics_analysis/dock/ROS1/q2022p_vina/ligand_pdbqt/zidesamtinib.pdbqt,/homes/lkgyammerah/Molecular_Dynamics_analysis/dock/ROS1/q2022p_vina/configs/Q2022P_S1986Y_actout_ctlfit_dominant_cluster0_rep__zidesamtinib.txt,/homes/lkgyammerah/Molecular_Dynamics_analysis/dock/ROS1/q2022p_vina/vina_outputs/Q2022P_S1986Y_actout_ctlfit_dominant_cluster0_rep__zidesamtinib.pdbqt,/homes/lkgyammerah/Molecular_Dynamics_analysis/dock/ROS1/q2022p_vina/vina_logs/Q2022P_S1986Y_actout_ctlfit_dominant_cluster0_rep__zidesamtinib.log,14.0,-6.728,2.127,5.238
actout_ctlfit,Q2022P_S1986Y,dominant_cluster_representative,0,1,13200,/homes/lkgyammerah/Molecular_Dynamics_analysis/dock/ROS1/q2022p_subset_receptors/actout_ctlfit/Q2022P_S1986Y/Q2022P_S1986Y_actout_ctlfit_dominant_cluster0_rep.pdb,/homes/lkgyammerah/Molecular_Dynamics_analysis/dock/ROS1/q2022p_vina/receptor_pdbqt/Q2022P_S1986Y_actout_ctlfit_dominant_cluster0_rep.pdbqt,zidesamtinib,/homes/lkgyammerah/Molecular_Dynamics_analysis/dock/ROS1/q2022p_vina/ligand_pdbqt/zidesamtinib.pdbqt,/homes/lkgyammerah/Molecular_Dynamics_analysis/dock/ROS1/q2022p_vina/configs/Q2022P_S1986Y_actout_ctlfit_dominant_cluster0_rep__zidesamtinib.txt,/homes/lkgyammerah/Molecular_Dynamics_analysis/dock/ROS1/q2022p_vina/vina_outputs/Q2022P_S1986Y_actout_ctlfit_dominant_cluster0_rep__zidesamtinib.pdbqt,/homes/lkgyammerah/Molecular_Dynamics_analysis/dock/ROS1/q2022p_vina/vina_logs/Q2022P_S1986Y_actout_ctlfit_dominant_cluster0_rep__zidesamtinib.log,15.0,-6.643,12.36,14.82
actout_ctlfit,Q2022P_S1986Y,dominant_cluster_representative,0,1,13200,/homes/lkgyammerah/Molecular_Dynamics_analysis/dock/ROS1/q2022p_subset_receptors/actout_ctlfit/Q2022P_S1986Y/Q2022P_S1986Y_actout_ctlfit_dominant_cluster0_rep.pdb,/homes/lkgyammerah/Molecular_Dynamics_analysis/dock/ROS1/q2022p_vina/receptor_pdbqt/Q2022P_S1986Y_actout_ctlfit_dominant_cluster0_rep.pdbqt,zidesamtinib,/homes/lkgyammerah/Molecular_Dynamics_analysis/dock/ROS1/q2022p_vina/ligand_pdbqt/zidesamtinib.pdbqt,/homes/lkgyammerah/Molecular_Dynamics_analysis/dock/ROS1/q2022p_vina/configs/Q2022P_S1986Y_actout_ctlfit_dominant_cluster0_rep__zidesamtinib.txt,/homes/lkgyammerah/Molecular_Dynamics_analysis/dock/ROS1/q2022p_vina/vina_outputs/Q2022P_S1986Y_actout_ctlfit_dominant_cluster0_rep__zidesamtinib.pdbqt,/homes/lkgyammerah/Molecular_Dynamics_analysis/dock/ROS1/q2022p_vina/vina_logs/Q2022P_S1986Y_actout_ctlfit_dominant_cluster0_rep__zidesamtinib.log,16.0,-6.606,11.52,14.26
actout_ctlfit,Q2022P_S1986Y,dominant_cluster_representative,0,1,13200,/homes/lkgyammerah/Molecular_Dynamics_analysis/dock/ROS1/q2022p_subset_receptors/actout_ctlfit/Q2022P_S1986Y/Q2022P_S1986Y_actout_ctlfit_dominant_cluster0_rep.pdb,/homes/lkgyammerah/Molecular_Dynamics_analysis/dock/ROS1/q2022p_vina/receptor_pdbqt/Q2022P_S1986Y_actout_ctlfit_dominant_cluster0_rep.pdbqt,zidesamtinib,/homes/lkgyammerah/Molecular_Dynamics_analysis/dock/ROS1/q2022p_vina/ligand_pdbqt/zidesamtinib.pdbqt,/homes/lkgyammerah/Molecular_Dynamics_analysis/dock/ROS1/q2022p_vina/configs/Q2022P_S1986Y_actout_ctlfit_dominant_cluster0_rep__zidesamtinib.txt,/homes/lkgyammerah/Molecular_Dynamics_analysis/dock/ROS1/q2022p_vina/vina_outputs/Q2022P_S1986Y_actout_ctlfit_dominant_cluster0_rep__zidesamtinib.pdbqt,/homes/lkgyammerah/Molecular_Dynamics_analysis/dock/ROS1/q2022p_vina/vina_logs/Q2022P_S1986Y_actout_ctlfit_dominant_cluster0_rep__zidesamtinib.log,17.0,-6.553,11.09,14.11
actout_ctlfit,Q2022P_S1986Y,dominant_cluster_representative,0,1,13200,/homes/lkgyammerah/Molecular_Dynamics_analysis/dock/ROS1/q2022p_subset_receptors/actout_ctlfit/Q2022P_S1986Y/Q2022P_S1986Y_actout_ctlfit_dominant_cluster0_rep.pdb,/homes/lkgyammerah/Molecular_Dynamics_analysis/dock/ROS1/q2022p_vina/receptor_pdbqt/Q2022P_S1986Y_actout_ctlfit_dominant_cluster0_rep.pdbqt,zidesamtinib,/homes/lkgyammerah/Molecular_Dynamics_analysis/dock/ROS1/q2022p_vina/ligand_pdbqt/zidesamtinib.pdbqt,/homes/lkgyammerah/Molecular_Dynamics_analysis/dock/ROS1/q2022p_vina/configs/Q2022P_S1986Y_actout_ctlfit_dominant_cluster0_rep__zidesamtinib.txt,/homes/lkgyammerah/Molecular_Dynamics_analysis/dock/ROS1/q2022p_vina/vina_outputs/Q2022P_S1986Y_actout_ctlfit_dominant_cluster0_rep__zidesamtinib.pdbqt,/homes/lkgyammerah/Molecular_Dynamics_analysis/dock/ROS1/q2022p_vina/vina_logs/Q2022P_S1986Y_actout_ctlfit_dominant_cluster0_rep__zidesamtinib.log,18.0,-6.478,1.764,3.351
actout_ctlfit,Q2022P_S1986Y,dominant_cluster_representative,0,1,13200,/homes/lkgyammerah/Molecular_Dynamics_analysis/dock/ROS1/q2022p_subset_receptors/actout_ctlfit/Q2022P_S1986Y/Q2022P_S1986Y_actout_ctlfit_dominant_cluster0_rep.pdb,/homes/lkgyammerah/Molecular_Dynamics_analysis/dock/ROS1/q2022p_vina/receptor_pdbqt/Q2022P_S1986Y_actout_ctlfit_dominant_cluster0_rep.pdbqt,zidesamtinib,/homes/lkgyammerah/Molecular_Dynamics_analysis/dock/ROS1/q2022p_vina/ligand_pdbqt/zidesamtinib.pdbqt,/homes/lkgyammerah/Molecular_Dynamics_analysis/dock/ROS1/q2022p_vina/configs/Q2022P_S1986Y_actout_ctlfit_dominant_cluster0_rep__zidesamtinib.txt,/homes/lkgyammerah/Molecular_Dynamics_analysis/dock/ROS1/q2022p_vina/vina_outputs/Q2022P_S1986Y_actout_ctlfit_dominant_cluster0_rep__zidesamtinib.pdbqt,/homes/lkgyammerah/Molecular_Dynamics_analysis/dock/ROS1/q2022p_vina/vina_logs/Q2022P_S1986Y_actout_ctlfit_dominant_cluster0_rep__zidesamtinib.log,19.0,-6.404,10.2,12.48
actout_ctlfit,Q2022P_S1986Y,dominant_cluster_representative,0,1,13200,/homes/lkgyammerah/Molecular_Dynamics_analysis/dock/ROS1/q2022p_subset_receptors/actout_ctlfit/Q2022P_S1986Y/Q2022P_S1986Y_actout_ctlfit_dominant_cluster0_rep.pdb,/homes/lkgyammerah/Molecular_Dynamics_analysis/dock/ROS1/q2022p_vina/receptor_pdbqt/Q2022P_S1986Y_actout_ctlfit_dominant_cluster0_rep.pdbqt,zidesamtinib,/homes/lkgyammerah/Molecular_Dynamics_analysis/dock/ROS1/q2022p_vina/ligand_pdbqt/zidesamtinib.pdbqt,/homes/lkgyammerah/Molecular_Dynamics_analysis/dock/ROS1/q2022p_vina/configs/Q2022P_S1986Y_actout_ctlfit_dominant_cluster0_rep__zidesamtinib.txt,/homes/lkgyammerah/Molecular_Dynamics_analysis/dock/ROS1/q2022p_vina/vina_outputs/Q2022P_S1986Y_actout_ctlfit_dominant_cluster0_rep__zidesamtinib.pdbqt,/homes/lkgyammerah/Molecular_Dynamics_analysis/dock/ROS1/q2022p_vina/vina_logs/Q2022P_S1986Y_actout_ctlfit_dominant_cluster0_rep__zidesamtinib.log,20.0,-6.396,13.51,16.05
actout_ctlfit,S1986F,dominant_cluster_representative,0,1,11070,/homes/lkgyammerah/Molecular_Dynamics_analysis/dock/ROS1/q2022p_subset_receptors/actout_ctlfit/S1986F/S1986F_actout_ctlfit_dominant_cluster0_rep.pdb,/homes/lkgyammerah/Molecular_Dynamics_analysis/dock/ROS1/q2022p_vina/receptor_pdbqt/S1986F_actout_ctlfit_dominant_cluster0_rep.pdbqt,crizotinib,/homes/lkgyammerah/Molecular_Dynamics_analysis/dock/ROS1/q2022p_vina/ligand_pdbqt/crizotinib.pdbqt,/homes/lkgyammerah/Molecular_Dynamics_analysis/dock/ROS1/q2022p_vina/configs/S1986F_actout_ctlfit_dominant_cluster0_rep__crizotinib.txt,/homes/lkgyammerah/Molecular_Dynamics_analysis/dock/ROS1/q2022p_vina/vina_outputs/S1986F_actout_ctlfit_dominant_cluster0_rep__crizotinib.pdbqt,/homes/lkgyammerah/Molecular_Dynamics_analysis/dock/ROS1/q2022p_vina/vina_logs/S1986F_actout_ctlfit_dominant_cluster0_rep__crizotinib.log,2.0,-1.395,3.654,4.961
actout_ctlfit,S1986F,dominant_cluster_representative,0,1,11070,/homes/lkgyammerah/Molecular_Dynamics_analysis/dock/ROS1/q2022p_subset_receptors/actout_ctlfit/S1986F/S1986F_actout_ctlfit_dominant_cluster0_rep.pdb,/homes/lkgyammerah/Molecular_Dynamics_analysis/dock/ROS1/q2022p_vina/receptor_pdbqt/S1986F_actout_ctlfit_dominant_cluster0_rep.pdbqt,crizotinib,/homes/lkgyammerah/Molecular_Dynamics_analysis/dock/ROS1/q2022p_vina/ligand_pdbqt/crizotinib.pdbqt,/homes/lkgyammerah/Molecular_Dynamics_analysis/dock/ROS1/q2022p_vina/configs/S1986F_actout_ctlfit_dominant_cluster0_rep__crizotinib.txt,/homes/lkgyammerah/Molecular_Dynamics_analysis/dock/ROS1/q2022p_vina/vina_outputs/S1986F_actout_ctlfit_dominant_cluster0_rep__crizotinib.pdbqt,/homes/lkgyammerah/Molecular_Dynamics_analysis/dock/ROS1/q2022p_vina/vina_logs/S1986F_actout_ctlfit_dominant_cluster0_rep__crizotinib.log,3.0,0.08556,3.934,7.564
actout_ctlfit,S1986F,dominant_cluster_representative,0,1,11070,/homes/lkgyammerah/Molecular_Dynamics_analysis/dock/ROS1/q2022p_subset_receptors/actout_ctlfit/S1986F/S1986F_actout_ctlfit_dominant_cluster0_rep.pdb,/homes/lkgyammerah/Molecular_Dynamics_analysis/dock/ROS1/q2022p_vina/receptor_pdbqt/S1986F_actout_ctlfit_dominant_cluster0_rep.pdbqt,crizotinib,/homes/lkgyammerah/Molecular_Dynamics_analysis/dock/ROS1/q2022p_vina/ligand_pdbqt/crizotinib.pdbqt,/homes/lkgyammerah/Molecular_Dynamics_analysis/dock/ROS1/q2022p_vina/configs/S1986F_actout_ctlfit_dominant_cluster0_rep__crizotinib.txt,/homes/lkgyammerah/Molecular_Dynamics_analysis/dock/ROS1/q2022p_vina/vina_outputs/S1986F_actout_ctlfit_dominant_cluster0_rep__crizotinib.pdbqt,/homes/lkgyammerah/Molecular_Dynamics_analysis/dock/ROS1/q2022p_vina/vina_logs/S1986F_actout_ctlfit_dominant_cluster0_rep__crizotinib.log,4.0,2.182,4.163,5.811
actout_ctlfit,S1986F,dominant_cluster_representative,0,1,11070,/homes/lkgyammerah/Molecular_Dynamics_analysis/dock/ROS1/q2022p_subset_receptors/actout_ctlfit/S1986F/S1986F_actout_ctlfit_dominant_cluster0_rep.pdb,/homes/lkgyammerah/Molecular_Dynamics_analysis/dock/ROS1/q2022p_vina/receptor_pdbqt/S1986F_actout_ctlfit_dominant_cluster0_rep.pdbqt,crizotinib,/homes/lkgyammerah/Molecular_Dynamics_analysis/dock/ROS1/q2022p_vina/ligand_pdbqt/crizotinib.pdbqt,/homes/lkgyammerah/Molecular_Dynamics_analysis/dock/ROS1/q2022p_vina/configs/S1986F_actout_ctlfit_dominant_cluster0_rep__crizotinib.txt,/homes/lkgyammerah/Molecular_Dynamics_analysis/dock/ROS1/q2022p_vina/vina_outputs/S1986F_actout_ctlfit_dominant_cluster0_rep__crizotinib.pdbqt,/homes/lkgyammerah/Molecular_Dynamics_analysis/dock/ROS1/q2022p_vina/vina_logs/S1986F_actout_ctlfit_dominant_cluster0_rep__crizotinib.log,5.0,2.902,12.61,14.6
actout_ctlfit,S1986F,dominant_cluster_representative,0,1,11070,/homes/lkgyammerah/Molecular_Dynamics_analysis/dock/ROS1/q2022p_subset_receptors/actout_ctlfit/S1986F/S1986F_actout_ctlfit_dominant_cluster0_rep.pdb,/homes/lkgyammerah/Molecular_Dynamics_analysis/dock/ROS1/q2022p_vina/receptor_pdbqt/S1986F_actout_ctlfit_dominant_cluster0_rep.pdbqt,crizotinib,/homes/lkgyammerah/Molecular_Dynamics_analysis/dock/ROS1/q2022p_vina/ligand_pdbqt/crizotinib.pdbqt,/homes/lkgyammerah/Molecular_Dynamics_analysis/dock/ROS1/q2022p_vina/configs/S1986F_actout_ctlfit_dominant_cluster0_rep__crizotinib.txt,/homes/lkgyammerah/Molecular_Dynamics_analysis/dock/ROS1/q2022p_vina/vina_outputs/S1986F_actout_ctlfit_dominant_cluster0_rep__crizotinib.pdbqt,/homes/lkgyammerah/Molecular_Dynamics_analysis/dock/ROS1/q2022p_vina/vina_logs/S1986F_actout_ctlfit_dominant_cluster0_rep__crizotinib.log,6.0,3.59,4.183,6.447
actout_ctlfit,S1986F,dominant_cluster_representative,0,1,11070,/homes/lkgyammerah/Molecular_Dynamics_analysis/dock/ROS1/q2022p_subset_receptors/actout_ctlfit/S1986F/S1986F_actout_ctlfit_dominant_cluster0_rep.pdb,/homes/lkgyammerah/Molecular_Dynamics_analysis/dock/ROS1/q2022p_vina/receptor_pdbqt/S1986F_actout_ctlfit_dominant_cluster0_rep.pdbqt,crizotinib,/homes/lkgyammerah/Molecular_Dynamics_analysis/dock/ROS1/q2022p_vina/ligand_pdbqt/crizotinib.pdbqt,/homes/lkgyammerah/Molecular_Dynamics_analysis/dock/ROS1/q2022p_vina/configs/S1986F_actout_ctlfit_dominant_cluster0_rep__crizotinib.txt,/homes/lkgyammerah/Molecular_Dynamics_analysis/dock/ROS1/q2022p_vina/vina_outputs/S1986F_actout_ctlfit_dominant_cluster0_rep__crizotinib.pdbqt,/homes/lkgyammerah/Molecular_Dynamics_analysis/dock/ROS1/q2022p_vina/vina_logs/S1986F_actout_ctlfit_dominant_cluster0_rep__crizotinib.log,7.0,3.673,12.59,14.58
actout_ctlfit,S1986F,dominant_cluster_representative,0,1,11070,/homes/lkgyammerah/Molecular_Dynamics_analysis/dock/ROS1/q2022p_subset_receptors/actout_ctlfit/S1986F/S1986F_actout_ctlfit_dominant_cluster0_rep.pdb,/homes/lkgyammerah/Molecular_Dynamics_analysis/dock/ROS1/q2022p_vina/receptor_pdbqt/S1986F_actout_ctlfit_dominant_cluster0_rep.pdbqt,crizotinib,/homes/lkgyammerah/Molecular_Dynamics_analysis/dock/ROS1/q2022p_vina/ligand_pdbqt/crizotinib.pdbqt,/homes/lkgyammerah/Molecular_Dynamics_analysis/dock/ROS1/q2022p_vina/configs/S1986F_actout_ctlfit_dominant_cluster0_rep__crizotinib.txt,/homes/lkgyammerah/Molecular_Dynamics_analysis/dock/ROS1/q2022p_vina/vina_outputs/S1986F_actout_ctlfit_dominant_cluster0_rep__crizotinib.pdbqt,/homes/lkgyammerah/Molecular_Dynamics_analysis/dock/ROS1/q2022p_vina/vina_logs/S1986F_actout_ctlfit_dominant_cluster0_rep__crizotinib.log,8.0,3.795,19.37,21.94
actout_ctlfit,S1986F,dominant_cluster_representative,0,1,11070,/homes/lkgyammerah/Molecular_Dynamics_analysis/dock/ROS1/q2022p_subset_receptors/actout_ctlfit/S1986F/S1986F_actout_ctlfit_dominant_cluster0_rep.pdb,/homes/lkgyammerah/Molecular_Dynamics_analysis/dock/ROS1/q2022p_vina/receptor_pdbqt/S1986F_actout_ctlfit_dominant_cluster0_rep.pdbqt,crizotinib,/homes/lkgyammerah/Molecular_Dynamics_analysis/dock/ROS1/q2022p_vina/ligand_pdbqt/crizotinib.pdbqt,/homes/lkgyammerah/Molecular_Dynamics_analysis/dock/ROS1/q2022p_vina/configs/S1986F_actout_ctlfit_dominant_cluster0_rep__crizotinib.txt,/homes/lkgyammerah/Molecular_Dynamics_analysis/dock/ROS1/q2022p_vina/vina_outputs/S1986F_actout_ctlfit_dominant_cluster0_rep__crizotinib.pdbqt,/homes/lkgyammerah/Molecular_Dynamics_analysis/dock/ROS1/q2022p_vina/vina_logs/S1986F_actout_ctlfit_dominant_cluster0_rep__crizotinib.log,9.0,3.874,4.228,6.826
actout_ctlfit,S1986F,dominant_cluster_representative,0,1,11070,/homes/lkgyammerah/Molecular_Dynamics_analysis/dock/ROS1/q2022p_subset_receptors/actout_ctlfit/S1986F/S1986F_actout_ctlfit_dominant_cluster0_rep.pdb,/homes/lkgyammerah/Molecular_Dynamics_analysis/dock/ROS1/q2022p_vina/receptor_pdbqt/S1986F_actout_ctlfit_dominant_cluster0_rep.pdbqt,crizotinib,/homes/lkgyammerah/Molecular_Dynamics_analysis/dock/ROS1/q2022p_vina/ligand_pdbqt/crizotinib.pdbqt,/homes/lkgyammerah/Molecular_Dynamics_analysis/dock/ROS1/q2022p_vina/configs/S1986F_actout_ctlfit_dominant_cluster0_rep__crizotinib.txt,/homes/lkgyammerah/Molecular_Dynamics_analysis/dock/ROS1/q2022p_vina/vina_outputs/S1986F_actout_ctlfit_dominant_cluster0_rep__crizotinib.pdbqt,/homes/lkgyammerah/Molecular_Dynamics_analysis/dock/ROS1/q2022p_vina/vina_logs/S1986F_actout_ctlfit_dominant_cluster0_rep__crizotinib.log,10.0,4.593,13.36,14.41
actout_ctlfit,S1986F,dominant_cluster_representative,0,1,11070,/homes/lkgyammerah/Molecular_Dynamics_analysis/dock/ROS1/q2022p_subset_receptors/actout_ctlfit/S1986F/S1986F_actout_ctlfit_dominant_cluster0_rep.pdb,/homes/lkgyammerah/Molecular_Dynamics_analysis/dock/ROS1/q2022p_vina/receptor_pdbqt/S1986F_actout_ctlfit_dominant_cluster0_rep.pdbqt,crizotinib,/homes/lkgyammerah/Molecular_Dynamics_analysis/dock/ROS1/q2022p_vina/ligand_pdbqt/crizotinib.pdbqt,/homes/lkgyammerah/Molecular_Dynamics_analysis/dock/ROS1/q2022p_vina/configs/S1986F_actout_ctlfit_dominant_cluster0_rep__crizotinib.txt,/homes/lkgyammerah/Molecular_Dynamics_analysis/dock/ROS1/q2022p_vina/vina_outputs/S1986F_actout_ctlfit_dominant_cluster0_rep__crizotinib.pdbqt,/homes/lkgyammerah/Molecular_Dynamics_analysis/dock/ROS1/q2022p_vina/vina_logs/S1986F_actout_ctlfit_dominant_cluster0_rep__crizotinib.log,11.0,5.175,12.4,14.68
actout_ctlfit,S1986F,dominant_cluster_representative,0,1,11070,/homes/lkgyammerah/Molecular_Dynamics_analysis/dock/ROS1/q2022p_subset_receptors/actout_ctlfit/S1986F/S1986F_actout_ctlfit_dominant_cluster0_rep.pdb,/homes/lkgyammerah/Molecular_Dynamics_analysis/dock/ROS1/q2022p_vina/receptor_pdbqt/S1986F_actout_ctlfit_dominant_cluster0_rep.pdbqt,crizotinib,/homes/lkgyammerah/Molecular_Dynamics_analysis/dock/ROS1/q2022p_vina/ligand_pdbqt/crizotinib.pdbqt,/homes/lkgyammerah/Molecular_Dynamics_analysis/dock/ROS1/q2022p_vina/configs/S1986F_actout_ctlfit_dominant_cluster0_rep__crizotinib.txt,/homes/lkgyammerah/Molecular_Dynamics_analysis/dock/ROS1/q2022p_vina/vina_outputs/S1986F_actout_ctlfit_dominant_cluster0_rep__crizotinib.pdbqt,/homes/lkgyammerah/Molecular_Dynamics_analysis/dock/ROS1/q2022p_vina/vina_logs/S1986F_actout_ctlfit_dominant_cluster0_rep__crizotinib.log,12.0,5.382,12.94,14.35
actout_ctlfit,S1986F,dominant_cluster_representative,0,1,11070,/homes/lkgyammerah/Molecular_Dynamics_analysis/dock/ROS1/q2022p_subset_receptors/actout_ctlfit/S1986F/S1986F_actout_ctlfit_dominant_cluster0_rep.pdb,/homes/lkgyammerah/Molecular_Dynamics_analysis/dock/ROS1/q2022p_vina/receptor_pdbqt/S1986F_actout_ctlfit_dominant_cluster0_rep.pdbqt,crizotinib,/homes/lkgyammerah/Molecular_Dynamics_analysis/dock/ROS1/q2022p_vina/ligand_pdbqt/crizotinib.pdbqt,/homes/lkgyammerah/Molecular_Dynamics_analysis/dock/ROS1/q2022p_vina/configs/S1986F_actout_ctlfit_dominant_cluster0_rep__crizotinib.txt,/homes/lkgyammerah/Molecular_Dynamics_analysis/dock/ROS1/q2022p_vina/vina_outputs/S1986F_actout_ctlfit_dominant_cluster0_rep__crizotinib.pdbqt,/homes/lkgyammerah/Molecular_Dynamics_analysis/dock/ROS1/q2022p_vina/vina_logs/S1986F_actout_ctlfit_dominant_cluster0_rep__crizotinib.log,13.0,5.441,12.76,14.95
actout_ctlfit,S1986F,dominant_cluster_representative,0,1,11070,/homes/lkgyammerah/Molecular_Dynamics_analysis/dock/ROS1/q2022p_subset_receptors/actout_ctlfit/S1986F/S1986F_actout_ctlfit_dominant_cluster0_rep.pdb,/homes/lkgyammerah/Molecular_Dynamics_analysis/dock/ROS1/q2022p_vina/receptor_pdbqt/S1986F_actout_ctlfit_dominant_cluster0_rep.pdbqt,crizotinib,/homes/lkgyammerah/Molecular_Dynamics_analysis/dock/ROS1/q2022p_vina/ligand_pdbqt/crizotinib.pdbqt,/homes/lkgyammerah/Molecular_Dynamics_analysis/dock/ROS1/q2022p_vina/configs/S1986F_actout_ctlfit_dominant_cluster0_rep__crizotinib.txt,/homes/lkgyammerah/Molecular_Dynamics_analysis/dock/ROS1/q2022p_vina/vina_outputs/S1986F_actout_ctlfit_dominant_cluster0_rep__crizotinib.pdbqt,/homes/lkgyammerah/Molecular_Dynamics_analysis/dock/ROS1/q2022p_vina/vina_logs/S1986F_actout_ctlfit_dominant_cluster0_rep__crizotinib.log,14.0,6.259,12.68,14.31
actout_ctlfit,S1986F,dominant_cluster_representative,0,1,11070,/homes/lkgyammerah/Molecular_Dynamics_analysis/dock/ROS1/q2022p_subset_receptors/actout_ctlfit/S1986F/S1986F_actout_ctlfit_dominant_cluster0_rep.pdb,/homes/lkgyammerah/Molecular_Dynamics_analysis/dock/ROS1/q2022p_vina/receptor_pdbqt/S1986F_actout_ctlfit_dominant_cluster0_rep.pdbqt,crizotinib,/homes/lkgyammerah/Molecular_Dynamics_analysis/dock/ROS1/q2022p_vina/ligand_pdbqt/crizotinib.pdbqt,/homes/lkgyammerah/Molecular_Dynamics_analysis/dock/ROS1/q2022p_vina/configs/S1986F_actout_ctlfit_dominant_cluster0_rep__crizotinib.txt,/homes/lkgyammerah/Molecular_Dynamics_analysis/dock/ROS1/q2022p_vina/vina_outputs/S1986F_actout_ctlfit_dominant_cluster0_rep__crizotinib.pdbqt,/homes/lkgyammerah/Molecular_Dynamics_analysis/dock/ROS1/q2022p_vina/vina_logs/S1986F_actout_ctlfit_dominant_cluster0_rep__crizotinib.log,15.0,7.413,12.41,14.14
actout_ctlfit,S1986F,dominant_cluster_representative,0,1,11070,/homes/lkgyammerah/Molecular_Dynamics_analysis/dock/ROS1/q2022p_subset_receptors/actout_ctlfit/S1986F/S1986F_actout_ctlfit_dominant_cluster0_rep.pdb,/homes/lkgyammerah/Molecular_Dynamics_analysis/dock/ROS1/q2022p_vina/receptor_pdbqt/S1986F_actout_ctlfit_dominant_cluster0_rep.pdbqt,crizotinib,/homes/lkgyammerah/Molecular_Dynamics_analysis/dock/ROS1/q2022p_vina/ligand_pdbqt/crizotinib.pdbqt,/homes/lkgyammerah/Molecular_Dynamics_analysis/dock/ROS1/q2022p_vina/configs/S1986F_actout_ctlfit_dominant_cluster0_rep__crizotinib.txt,/homes/lkgyammerah/Molecular_Dynamics_analysis/dock/ROS1/q2022p_vina/vina_outputs/S1986F_actout_ctlfit_dominant_cluster0_rep__crizotinib.pdbqt,/homes/lkgyammerah/Molecular_Dynamics_analysis/dock/ROS1/q2022p_vina/vina_logs/S1986F_actout_ctlfit_dominant_cluster0_rep__crizotinib.log,16.0,7.602,12.77,14.9
actout_ctlfit,S1986F,dominant_cluster_representative,0,1,11070,/homes/lkgyammerah/Molecular_Dynamics_analysis/dock/ROS1/q2022p_subset_receptors/actout_ctlfit/S1986F/S1986F_actout_ctlfit_dominant_cluster0_rep.pdb,/homes/lkgyammerah/Molecular_Dynamics_analysis/dock/ROS1/q2022p_vina/receptor_pdbqt/S1986F_actout_ctlfit_dominant_cluster0_rep.pdbqt,crizotinib,/homes/lkgyammerah/Molecular_Dynamics_analysis/dock/ROS1/q2022p_vina/ligand_pdbqt/crizotinib.pdbqt,/homes/lkgyammerah/Molecular_Dynamics_analysis/dock/ROS1/q2022p_vina/configs/S1986F_actout_ctlfit_dominant_cluster0_rep__crizotinib.txt,/homes/lkgyammerah/Molecular_Dynamics_analysis/dock/ROS1/q2022p_vina/vina_outputs/S1986F_actout_ctlfit_dominant_cluster0_rep__crizotinib.pdbqt,/homes/lkgyammerah/Molecular_Dynamics_analysis/dock/ROS1/q2022p_vina/vina_logs/S1986F_actout_ctlfit_dominant_cluster0_rep__crizotinib.log,17.0,7.637,12.75,14.66
actout_ctlfit,S1986F,dominant_cluster_representative,0,1,11070,/homes/lkgyammerah/Molecular_Dynamics_analysis/dock/ROS1/q2022p_subset_receptors/actout_ctlfit/S1986F/S1986F_actout_ctlfit_dominant_cluster0_rep.pdb,/homes/lkgyammerah/Molecular_Dynamics_analysis/dock/ROS1/q2022p_vina/receptor_pdbqt/S1986F_actout_ctlfit_dominant_cluster0_rep.pdbqt,crizotinib,/homes/lkgyammerah/Molecular_Dynamics_analysis/dock/ROS1/q2022p_vina/ligand_pdbqt/crizotinib.pdbqt,/homes/lkgyammerah/Molecular_Dynamics_analysis/dock/ROS1/q2022p_vina/configs/S1986F_actout_ctlfit_dominant_cluster0_rep__crizotinib.txt,/homes/lkgyammerah/Molecular_Dynamics_analysis/dock/ROS1/q2022p_vina/vina_outputs/S1986F_actout_ctlfit_dominant_cluster0_rep__crizotinib.pdbqt,/homes/lkgyammerah/Molecular_Dynamics_analysis/dock/ROS1/q2022p_vina/vina_logs/S1986F_actout_ctlfit_dominant_cluster0_rep__crizotinib.log,18.0,7.907,4.869,6.671
actout_ctlfit,S1986F,dominant_cluster_representative,0,1,11070,/homes/lkgyammerah/Molecular_Dynamics_analysis/dock/ROS1/q2022p_subset_receptors/actout_ctlfit/S1986F/S1986F_actout_ctlfit_dominant_cluster0_rep.pdb,/homes/lkgyammerah/Molecular_Dynamics_analysis/dock/ROS1/q2022p_vina/receptor_pdbqt/S1986F_actout_ctlfit_dominant_cluster0_rep.pdbqt,crizotinib,/homes/lkgyammerah/Molecular_Dynamics_analysis/dock/ROS1/q2022p_vina/ligand_pdbqt/crizotinib.pdbqt,/homes/lkgyammerah/Molecular_Dynamics_analysis/dock/ROS1/q2022p_vina/configs/S1986F_actout_ctlfit_dominant_cluster0_rep__crizotinib.txt,/homes/lkgyammerah/Molecular_Dynamics_analysis/dock/ROS1/q2022p_vina/vina_outputs/S1986F_actout_ctlfit_dominant_cluster0_rep__crizotinib.pdbqt,/homes/lkgyammerah/Molecular_Dynamics_analysis/dock/ROS1/q2022p_vina/vina_logs/S1986F_actout_ctlfit_dominant_cluster0_rep__crizotinib.log,19.0,16.38,13.1,15.4
actout_ctlfit,S1986F,dominant_cluster_representative,0,1,11070,/homes/lkgyammerah/Molecular_Dynamics_analysis/dock/ROS1/q2022p_subset_receptors/actout_ctlfit/S1986F/S1986F_actout_ctlfit_dominant_cluster0_rep.pdb,/homes/lkgyammerah/Molecular_Dynamics_analysis/dock/ROS1/q2022p_vina/receptor_pdbqt/S1986F_actout_ctlfit_dominant_cluster0_rep.pdbqt,crizotinib,/homes/lkgyammerah/Molecular_Dynamics_analysis/dock/ROS1/q2022p_vina/ligand_pdbqt/crizotinib.pdbqt,/homes/lkgyammerah/Molecular_Dynamics_analysis/dock/ROS1/q2022p_vina/configs/S1986F_actout_ctlfit_dominant_cluster0_rep__crizotinib.txt,/homes/lkgyammerah/Molecular_Dynamics_analysis/dock/ROS1/q2022p_vina/vina_outputs/S1986F_actout_ctlfit_dominant_cluster0_rep__crizotinib.pdbqt,/homes/lkgyammerah/Molecular_Dynamics_analysis/dock/ROS1/q2022p_vina/vina_logs/S1986F_actout_ctlfit_dominant_cluster0_rep__crizotinib.log,20.0,195.9,9.636,11.5
actout_ctlfit,S1986F,dominant_cluster_representative,0,1,11070,/homes/lkgyammerah/Molecular_Dynamics_analysis/dock/ROS1/q2022p_subset_receptors/actout_ctlfit/S1986F/S1986F_actout_ctlfit_dominant_cluster0_rep.pdb,/homes/lkgyammerah/Molecular_Dynamics_analysis/dock/ROS1/q2022p_vina/receptor_pdbqt/S1986F_actout_ctlfit_dominant_cluster0_rep.pdbqt,ceritinib,/homes/lkgyammerah/Molecular_Dynamics_analysis/dock/ROS1/q2022p_vina/ligand_pdbqt/ceritinib.pdbqt,/homes/lkgyammerah/Molecular_Dynamics_analysis/dock/ROS1/q2022p_vina/configs/S1986F_actout_ctlfit_dominant_cluster0_rep__ceritinib.txt,/homes/lkgyammerah/Molecular_Dynamics_analysis/dock/ROS1/q2022p_vina/vina_outputs/S1986F_actout_ctlfit_dominant_cluster0_rep__ceritinib.pdbqt,/homes/lkgyammerah/Molecular_Dynamics_analysis/dock/ROS1/q2022p_vina/vina_logs/S1986F_actout_ctlfit_dominant_cluster0_rep__ceritinib.log,2.0,-4.508,2.48,6.262
actout_ctlfit,S1986F,dominant_cluster_representative,0,1,11070,/homes/lkgyammerah/Molecular_Dynamics_analysis/dock/ROS1/q2022p_subset_receptors/actout_ctlfit/S1986F/S1986F_actout_ctlfit_dominant_cluster0_rep.pdb,/homes/lkgyammerah/Molecular_Dynamics_analysis/dock/ROS1/q2022p_vina/receptor_pdbqt/S1986F_actout_ctlfit_dominant_cluster0_rep.pdbqt,ceritinib,/homes/lkgyammerah/Molecular_Dynamics_analysis/dock/ROS1/q2022p_vina/ligand_pdbqt/ceritinib.pdbqt,/homes/lkgyammerah/Molecular_Dynamics_analysis/dock/ROS1/q2022p_vina/configs/S1986F_actout_ctlfit_dominant_cluster0_rep__ceritinib.txt,/homes/lkgyammerah/Molecular_Dynamics_analysis/dock/ROS1/q2022p_vina/vina_outputs/S1986F_actout_ctlfit_dominant_cluster0_rep__ceritinib.pdbqt,/homes/lkgyammerah/Molecular_Dynamics_analysis/dock/ROS1/q2022p_vina/vina_logs/S1986F_actout_ctlfit_dominant_cluster0_rep__ceritinib.log,3.0,-4.127,1.637,2.466
actout_ctlfit,S1986F,dominant_cluster_representative,0,1,11070,/homes/lkgyammerah/Molecular_Dynamics_analysis/dock/ROS1/q2022p_subset_receptors/actout_ctlfit/S1986F/S1986F_actout_ctlfit_dominant_cluster0_rep.pdb,/homes/lkgyammerah/Molecular_Dynamics_analysis/dock/ROS1/q2022p_vina/receptor_pdbqt/S1986F_actout_ctlfit_dominant_cluster0_rep.pdbqt,ceritinib,/homes/lkgyammerah/Molecular_Dynamics_analysis/dock/ROS1/q2022p_vina/ligand_pdbqt/ceritinib.pdbqt,/homes/lkgyammerah/Molecular_Dynamics_analysis/dock/ROS1/q2022p_vina/configs/S1986F_actout_ctlfit_dominant_cluster0_rep__ceritinib.txt,/homes/lkgyammerah/Molecular_Dynamics_analysis/dock/ROS1/q2022p_vina/vina_outputs/S1986F_actout_ctlfit_dominant_cluster0_rep__ceritinib.pdbqt,/homes/lkgyammerah/Molecular_Dynamics_analysis/dock/ROS1/q2022p_vina/vina_logs/S1986F_actout_ctlfit_dominant_cluster0_rep__ceritinib.log,4.0,-4.054,2.179,6.492
actout_ctlfit,S1986F,dominant_cluster_representative,0,1,11070,/homes/lkgyammerah/Molecular_Dynamics_analysis/dock/ROS1/q2022p_subset_receptors/actout_ctlfit/S1986F/S1986F_actout_ctlfit_dominant_cluster0_rep.pdb,/homes/lkgyammerah/Molecular_Dynamics_analysis/dock/ROS1/q2022p_vina/receptor_pdbqt/S1986F_actout_ctlfit_dominant_cluster0_rep.pdbqt,ceritinib,/homes/lkgyammerah/Molecular_Dynamics_analysis/dock/ROS1/q2022p_vina/ligand_pdbqt/ceritinib.pdbqt,/homes/lkgyammerah/Molecular_Dynamics_analysis/dock/ROS1/q2022p_vina/configs/S1986F_actout_ctlfit_dominant_cluster0_rep__ceritinib.txt,/homes/lkgyammerah/Molecular_Dynamics_analysis/dock/ROS1/q2022p_vina/vina_outputs/S1986F_actout_ctlfit_dominant_cluster0_rep__ceritinib.pdbqt,/homes/lkgyammerah/Molecular_Dynamics_analysis/dock/ROS1/q2022p_vina/vina_logs/S1986F_actout_ctlfit_dominant_cluster0_rep__ceritinib.log,5.0,-3.966,15.03,17.19
actout_ctlfit,S1986F,dominant_cluster_representative,0,1,11070,/homes/lkgyammerah/Molecular_Dynamics_analysis/dock/ROS1/q2022p_subset_receptors/actout_ctlfit/S1986F/S1986F_actout_ctlfit_dominant_cluster0_rep.pdb,/homes/lkgyammerah/Molecular_Dynamics_analysis/dock/ROS1/q2022p_vina/receptor_pdbqt/S1986F_actout_ctlfit_dominant_cluster0_rep.pdbqt,ceritinib,/homes/lkgyammerah/Molecular_Dynamics_analysis/dock/ROS1/q2022p_vina/ligand_pdbqt/ceritinib.pdbqt,/homes/lkgyammerah/Molecular_Dynamics_analysis/dock/ROS1/q2022p_vina/configs/S1986F_actout_ctlfit_dominant_cluster0_rep__ceritinib.txt,/homes/lkgyammerah/Molecular_Dynamics_analysis/dock/ROS1/q2022p_vina/vina_outputs/S1986F_actout_ctlfit_dominant_cluster0_rep__ceritinib.pdbqt,/homes/lkgyammerah/Molecular_Dynamics_analysis/dock/ROS1/q2022p_vina/vina_logs/S1986F_actout_ctlfit_dominant_cluster0_rep__ceritinib.log,6.0,-3.903,15.01,17.03
actout_ctlfit,S1986F,dominant_cluster_representative,0,1,11070,/homes/lkgyammerah/Molecular_Dynamics_analysis/dock/ROS1/q2022p_subset_receptors/actout_ctlfit/S1986F/S1986F_actout_ctlfit_dominant_cluster0_rep.pdb,/homes/lkgyammerah/Molecular_Dynamics_analysis/dock/ROS1/q2022p_vina/receptor_pdbqt/S1986F_actout_ctlfit_dominant_cluster0_rep.pdbqt,ceritinib,/homes/lkgyammerah/Molecular_Dynamics_analysis/dock/ROS1/q2022p_vina/ligand_pdbqt/ceritinib.pdbqt,/homes/lkgyammerah/Molecular_Dynamics_analysis/dock/ROS1/q2022p_vina/configs/S1986F_actout_ctlfit_dominant_cluster0_rep__ceritinib.txt,/homes/lkgyammerah/Molecular_Dynamics_analysis/dock/ROS1/q2022p_vina/vina_outputs/S1986F_actout_ctlfit_dominant_cluster0_rep__ceritinib.pdbqt,/homes/lkgyammerah/Molecular_Dynamics_analysis/dock/ROS1/q2022p_vina/vina_logs/S1986F_actout_ctlfit_dominant_cluster0_rep__ceritinib.log,7.0,-3.903,2.034,6.131
actout_ctlfit,S1986F,dominant_cluster_representative,0,1,11070,/homes/lkgyammerah/Molecular_Dynamics_analysis/dock/ROS1/q2022p_subset_receptors/actout_ctlfit/S1986F/S1986F_actout_ctlfit_dominant_cluster0_rep.pdb,/homes/lkgyammerah/Molecular_Dynamics_analysis/dock/ROS1/q2022p_vina/receptor_pdbqt/S1986F_actout_ctlfit_dominant_cluster0_rep.pdbqt,ceritinib,/homes/lkgyammerah/Molecular_Dynamics_analysis/dock/ROS1/q2022p_vina/ligand_pdbqt/ceritinib.pdbqt,/homes/lkgyammerah/Molecular_Dynamics_analysis/dock/ROS1/q2022p_vina/configs/S1986F_actout_ctlfit_dominant_cluster0_rep__ceritinib.txt,/homes/lkgyammerah/Molecular_Dynamics_analysis/dock/ROS1/q2022p_vina/vina_outputs/S1986F_actout_ctlfit_dominant_cluster0_rep__ceritinib.pdbqt,/homes/lkgyammerah/Molecular_Dynamics_analysis/dock/ROS1/q2022p_vina/vina_logs/S1986F_actout_ctlfit_dominant_cluster0_rep__ceritinib.log,8.0,-3.853,1.693,3.169
actout_ctlfit,S1986F,dominant_cluster_representative,0,1,11070,/homes/lkgyammerah/Molecular_Dynamics_analysis/dock/ROS1/q2022p_subset_receptors/actout_ctlfit/S1986F/S1986F_actout_ctlfit_dominant_cluster0_rep.pdb,/homes/lkgyammerah/Molecular_Dynamics_analysis/dock/ROS1/q2022p_vina/receptor_pdbqt/S1986F_actout_ctlfit_dominant_cluster0_rep.pdbqt,ceritinib,/homes/lkgyammerah/Molecular_Dynamics_analysis/dock/ROS1/q2022p_vina/ligand_pdbqt/ceritinib.pdbqt,/homes/lkgyammerah/Molecular_Dynamics_analysis/dock/ROS1/q2022p_vina/configs/S1986F_actout_ctlfit_dominant_cluster0_rep__ceritinib.txt,/homes/lkgyammerah/Molecular_Dynamics_analysis/dock/ROS1/q2022p_vina/vina_outputs/S1986F_actout_ctlfit_dominant_cluster0_rep__ceritinib.pdbqt,/homes/lkgyammerah/Molecular_Dynamics_analysis/dock/ROS1/q2022p_vina/vina_logs/S1986F_actout_ctlfit_dominant_cluster0_rep__ceritinib.log,9.0,-3.686,14.85,16.74
actout_ctlfit,S1986F,dominant_cluster_representative,0,1,11070,/homes/lkgyammerah/Molecular_Dynamics_analysis/dock/ROS1/q2022p_subset_receptors/actout_ctlfit/S1986F/S1986F_actout_ctlfit_dominant_cluster0_rep.pdb,/homes/lkgyammerah/Molecular_Dynamics_analysis/dock/ROS1/q2022p_vina/receptor_pdbqt/S1986F_actout_ctlfit_dominant_cluster0_rep.pdbqt,ceritinib,/homes/lkgyammerah/Molecular_Dynamics_analysis/dock/ROS1/q2022p_vina/ligand_pdbqt/ceritinib.pdbqt,/homes/lkgyammerah/Molecular_Dynamics_analysis/dock/ROS1/q2022p_vina/configs/S1986F_actout_ctlfit_dominant_cluster0_rep__ceritinib.txt,/homes/lkgyammerah/Molecular_Dynamics_analysis/dock/ROS1/q2022p_vina/vina_outputs/S1986F_actout_ctlfit_dominant_cluster0_rep__ceritinib.pdbqt,/homes/lkgyammerah/Molecular_Dynamics_analysis/dock/ROS1/q2022p_vina/vina_logs/S1986F_actout_ctlfit_dominant_cluster0_rep__ceritinib.log,10.0,-3.585,1.94,2.657
actout_ctlfit,S1986F,dominant_cluster_representative,0,1,11070,/homes/lkgyammerah/Molecular_Dynamics_analysis/dock/ROS1/q2022p_subset_receptors/actout_ctlfit/S1986F/S1986F_actout_ctlfit_dominant_cluster0_rep.pdb,/homes/lkgyammerah/Molecular_Dynamics_analysis/dock/ROS1/q2022p_vina/receptor_pdbqt/S1986F_actout_ctlfit_dominant_cluster0_rep.pdbqt,ceritinib,/homes/lkgyammerah/Molecular_Dynamics_analysis/dock/ROS1/q2022p_vina/ligand_pdbqt/ceritinib.pdbqt,/homes/lkgyammerah/Molecular_Dynamics_analysis/dock/ROS1/q2022p_vina/configs/S1986F_actout_ctlfit_dominant_cluster0_rep__ceritinib.txt,/homes/lkgyammerah/Molecular_Dynamics_analysis/dock/ROS1/q2022p_vina/vina_outputs/S1986F_actout_ctlfit_dominant_cluster0_rep__ceritinib.pdbqt,/homes/lkgyammerah/Molecular_Dynamics_analysis/dock/ROS1/q2022p_vina/vina_logs/S1986F_actout_ctlfit_dominant_cluster0_rep__ceritinib.log,11.0,-3.282,15.24,16.99
actout_ctlfit,S1986F,dominant_cluster_representative,0,1,11070,/homes/lkgyammerah/Molecular_Dynamics_analysis/dock/ROS1/q2022p_subset_receptors/actout_ctlfit/S1986F/S1986F_actout_ctlfit_dominant_cluster0_rep.pdb,/homes/lkgyammerah/Molecular_Dynamics_analysis/dock/ROS1/q2022p_vina/receptor_pdbqt/S1986F_actout_ctlfit_dominant_cluster0_rep.pdbqt,ceritinib,/homes/lkgyammerah/Molecular_Dynamics_analysis/dock/ROS1/q2022p_vina/ligand_pdbqt/ceritinib.pdbqt,/homes/lkgyammerah/Molecular_Dynamics_analysis/dock/ROS1/q2022p_vina/configs/S1986F_actout_ctlfit_dominant_cluster0_rep__ceritinib.txt,/homes/lkgyammerah/Molecular_Dynamics_analysis/dock/ROS1/q2022p_vina/vina_outputs/S1986F_actout_ctlfit_dominant_cluster0_rep__ceritinib.pdbqt,/homes/lkgyammerah/Molecular_Dynamics_analysis/dock/ROS1/q2022p_vina/vina_logs/S1986F_actout_ctlfit_dominant_cluster0_rep__ceritinib.log,12.0,-3.145,2.156,5.757
actout_ctlfit,S1986F,dominant_cluster_representative,0,1,11070,/homes/lkgyammerah/Molecular_Dynamics_analysis/dock/ROS1/q2022p_subset_receptors/actout_ctlfit/S1986F/S1986F_actout_ctlfit_dominant_cluster0_rep.pdb,/homes/lkgyammerah/Molecular_Dynamics_analysis/dock/ROS1/q2022p_vina/receptor_pdbqt/S1986F_actout_ctlfit_dominant_cluster0_rep.pdbqt,ceritinib,/homes/lkgyammerah/Molecular_Dynamics_analysis/dock/ROS1/q2022p_vina/ligand_pdbqt/ceritinib.pdbqt,/homes/lkgyammerah/Molecular_Dynamics_analysis/dock/ROS1/q2022p_vina/configs/S1986F_actout_ctlfit_dominant_cluster0_rep__ceritinib.txt,/homes/lkgyammerah/Molecular_Dynamics_analysis/dock/ROS1/q2022p_vina/vina_outputs/S1986F_actout_ctlfit_dominant_cluster0_rep__ceritinib.pdbqt,/homes/lkgyammerah/Molecular_Dynamics_analysis/dock/ROS1/q2022p_vina/vina_logs/S1986F_actout_ctlfit_dominant_cluster0_rep__ceritinib.log,13.0,-2.961,15.1,17.24
actout_ctlfit,S1986F,dominant_cluster_representative,0,1,11070,/homes/lkgyammerah/Molecular_Dynamics_analysis/dock/ROS1/q2022p_subset_receptors/actout_ctlfit/S1986F/S1986F_actout_ctlfit_dominant_cluster0_rep.pdb,/homes/lkgyammerah/Molecular_Dynamics_analysis/dock/ROS1/q2022p_vina/receptor_pdbqt/S1986F_actout_ctlfit_dominant_cluster0_rep.pdbqt,ceritinib,/homes/lkgyammerah/Molecular_Dynamics_analysis/dock/ROS1/q2022p_vina/ligand_pdbqt/ceritinib.pdbqt,/homes/lkgyammerah/Molecular_Dynamics_analysis/dock/ROS1/q2022p_vina/configs/S1986F_actout_ctlfit_dominant_cluster0_rep__ceritinib.txt,/homes/lkgyammerah/Molecular_Dynamics_analysis/dock/ROS1/q2022p_vina/vina_outputs/S1986F_actout_ctlfit_dominant_cluster0_rep__ceritinib.pdbqt,/homes/lkgyammerah/Molecular_Dynamics_analysis/dock/ROS1/q2022p_vina/vina_logs/S1986F_actout_ctlfit_dominant_cluster0_rep__ceritinib.log,14.0,-2.706,2.16,5.783
actout_ctlfit,S1986F,dominant_cluster_representative,0,1,11070,/homes/lkgyammerah/Molecular_Dynamics_analysis/dock/ROS1/q2022p_subset_receptors/actout_ctlfit/S1986F/S1986F_actout_ctlfit_dominant_cluster0_rep.pdb,/homes/lkgyammerah/Molecular_Dynamics_analysis/dock/ROS1/q2022p_vina/receptor_pdbqt/S1986F_actout_ctlfit_dominant_cluster0_rep.pdbqt,ceritinib,/homes/lkgyammerah/Molecular_Dynamics_analysis/dock/ROS1/q2022p_vina/ligand_pdbqt/ceritinib.pdbqt,/homes/lkgyammerah/Molecular_Dynamics_analysis/dock/ROS1/q2022p_vina/configs/S1986F_actout_ctlfit_dominant_cluster0_rep__ceritinib.txt,/homes/lkgyammerah/Molecular_Dynamics_analysis/dock/ROS1/q2022p_vina/vina_outputs/S1986F_actout_ctlfit_dominant_cluster0_rep__ceritinib.pdbqt,/homes/lkgyammerah/Molecular_Dynamics_analysis/dock/ROS1/q2022p_vina/vina_logs/S1986F_actout_ctlfit_dominant_cluster0_rep__ceritinib.log,15.0,-2.249,2.115,3.238
actout_ctlfit,S1986F,dominant_cluster_representative,0,1,11070,/homes/lkgyammerah/Molecular_Dynamics_analysis/dock/ROS1/q2022p_subset_receptors/actout_ctlfit/S1986F/S1986F_actout_ctlfit_dominant_cluster0_rep.pdb,/homes/lkgyammerah/Molecular_Dynamics_analysis/dock/ROS1/q2022p_vina/receptor_pdbqt/S1986F_actout_ctlfit_dominant_cluster0_rep.pdbqt,ceritinib,/homes/lkgyammerah/Molecular_Dynamics_analysis/dock/ROS1/q2022p_vina/ligand_pdbqt/ceritinib.pdbqt,/homes/lkgyammerah/Molecular_Dynamics_analysis/dock/ROS1/q2022p_vina/configs/S1986F_actout_ctlfit_dominant_cluster0_rep__ceritinib.txt,/homes/lkgyammerah/Molecular_Dynamics_analysis/dock/ROS1/q2022p_vina/vina_outputs/S1986F_actout_ctlfit_dominant_cluster0_rep__ceritinib.pdbqt,/homes/lkgyammerah/Molecular_Dynamics_analysis/dock/ROS1/q2022p_vina/vina_logs/S1986F_actout_ctlfit_dominant_cluster0_rep__ceritinib.log,16.0,-2.087,2.054,5.931
actout_ctlfit,S1986F,dominant_cluster_representative,0,1,11070,/homes/lkgyammerah/Molecular_Dynamics_analysis/dock/ROS1/q2022p_subset_receptors/actout_ctlfit/S1986F/S1986F_actout_ctlfit_dominant_cluster0_rep.pdb,/homes/lkgyammerah/Molecular_Dynamics_analysis/dock/ROS1/q2022p_vina/receptor_pdbqt/S1986F_actout_ctlfit_dominant_cluster0_rep.pdbqt,ceritinib,/homes/lkgyammerah/Molecular_Dynamics_analysis/dock/ROS1/q2022p_vina/ligand_pdbqt/ceritinib.pdbqt,/homes/lkgyammerah/Molecular_Dynamics_analysis/dock/ROS1/q2022p_vina/configs/S1986F_actout_ctlfit_dominant_cluster0_rep__ceritinib.txt,/homes/lkgyammerah/Molecular_Dynamics_analysis/dock/ROS1/q2022p_vina/vina_outputs/S1986F_actout_ctlfit_dominant_cluster0_rep__ceritinib.pdbqt,/homes/lkgyammerah/Molecular_Dynamics_analysis/dock/ROS1/q2022p_vina/vina_logs/S1986F_actout_ctlfit_dominant_cluster0_rep__ceritinib.log,17.0,93.45,2.324,3.167
actout_ctlfit,S1986F,dominant_cluster_representative,0,1,11070,/homes/lkgyammerah/Molecular_Dynamics_analysis/dock/ROS1/q2022p_subset_receptors/actout_ctlfit/S1986F/S1986F_actout_ctlfit_dominant_cluster0_rep.pdb,/homes/lkgyammerah/Molecular_Dynamics_analysis/dock/ROS1/q2022p_vina/receptor_pdbqt/S1986F_actout_ctlfit_dominant_cluster0_rep.pdbqt,ceritinib,/homes/lkgyammerah/Molecular_Dynamics_analysis/dock/ROS1/q2022p_vina/ligand_pdbqt/ceritinib.pdbqt,/homes/lkgyammerah/Molecular_Dynamics_analysis/dock/ROS1/q2022p_vina/configs/S1986F_actout_ctlfit_dominant_cluster0_rep__ceritinib.txt,/homes/lkgyammerah/Molecular_Dynamics_analysis/dock/ROS1/q2022p_vina/vina_outputs/S1986F_actout_ctlfit_dominant_cluster0_rep__ceritinib.pdbqt,/homes/lkgyammerah/Molecular_Dynamics_analysis/dock/ROS1/q2022p_vina/vina_logs/S1986F_actout_ctlfit_dominant_cluster0_rep__ceritinib.log,18.0,128.9,0.934,1.59
actout_ctlfit,S1986F,dominant_cluster_representative,0,1,11070,/homes/lkgyammerah/Molecular_Dynamics_analysis/dock/ROS1/q2022p_subset_receptors/actout_ctlfit/S1986F/S1986F_actout_ctlfit_dominant_cluster0_rep.pdb,/homes/lkgyammerah/Molecular_Dynamics_analysis/dock/ROS1/q2022p_vina/receptor_pdbqt/S1986F_actout_ctlfit_dominant_cluster0_rep.pdbqt,ceritinib,/homes/lkgyammerah/Molecular_Dynamics_analysis/dock/ROS1/q2022p_vina/ligand_pdbqt/ceritinib.pdbqt,/homes/lkgyammerah/Molecular_Dynamics_analysis/dock/ROS1/q2022p_vina/configs/S1986F_actout_ctlfit_dominant_cluster0_rep__ceritinib.txt,/homes/lkgyammerah/Molecular_Dynamics_analysis/dock/ROS1/q2022p_vina/vina_outputs/S1986F_actout_ctlfit_dominant_cluster0_rep__ceritinib.pdbqt,/homes/lkgyammerah/Molecular_Dynamics_analysis/dock/ROS1/q2022p_vina/vina_logs/S1986F_actout_ctlfit_dominant_cluster0_rep__ceritinib.log,19.0,155.6,15.71,17.34
actout_ctlfit,S1986F,dominant_cluster_representative,0,1,11070,/homes/lkgyammerah/Molecular_Dynamics_analysis/dock/ROS1/q2022p_subset_receptors/actout_ctlfit/S1986F/S1986F_actout_ctlfit_dominant_cluster0_rep.pdb,/homes/lkgyammerah/Molecular_Dynamics_analysis/dock/ROS1/q2022p_vina/receptor_pdbqt/S1986F_actout_ctlfit_dominant_cluster0_rep.pdbqt,ceritinib,/homes/lkgyammerah/Molecular_Dynamics_analysis/dock/ROS1/q2022p_vina/ligand_pdbqt/ceritinib.pdbqt,/homes/lkgyammerah/Molecular_Dynamics_analysis/dock/ROS1/q2022p_vina/configs/S1986F_actout_ctlfit_dominant_cluster0_rep__ceritinib.txt,/homes/lkgyammerah/Molecular_Dynamics_analysis/dock/ROS1/q2022p_vina/vina_outputs/S1986F_actout_ctlfit_dominant_cluster0_rep__ceritinib.pdbqt,/homes/lkgyammerah/Molecular_Dynamics_analysis/dock/ROS1/q2022p_vina/vina_logs/S1986F_actout_ctlfit_dominant_cluster0_rep__ceritinib.log,20.0,318.4,14.7,16.43
actout_ctlfit,S1986F,dominant_cluster_representative,0,1,11070,/homes/lkgyammerah/Molecular_Dynamics_analysis/dock/ROS1/q2022p_subset_receptors/actout_ctlfit/S1986F/S1986F_actout_ctlfit_dominant_cluster0_rep.pdb,/homes/lkgyammerah/Molecular_Dynamics_analysis/dock/ROS1/q2022p_vina/receptor_pdbqt/S1986F_actout_ctlfit_dominant_cluster0_rep.pdbqt,lorlatinib,/homes/lkgyammerah/Molecular_Dynamics_analysis/dock/ROS1/q2022p_vina/ligand_pdbqt/lorlatinib.pdbqt,/homes/lkgyammerah/Molecular_Dynamics_analysis/dock/ROS1/q2022p_vina/configs/S1986F_actout_ctlfit_dominant_cluster0_rep__lorlatinib.txt,/homes/lkgyammerah/Molecular_Dynamics_analysis/dock/ROS1/q2022p_vina/vina_outputs/S1986F_actout_ctlfit_dominant_cluster0_rep__lorlatinib.pdbqt,/homes/lkgyammerah/Molecular_Dynamics_analysis/dock/ROS1/q2022p_vina/vina_logs/S1986F_actout_ctlfit_dominant_cluster0_rep__lorlatinib.log,3.0,18.23,13.5,15.2
actout_ctlfit,S1986F,dominant_cluster_representative,0,1,11070,/homes/lkgyammerah/Molecular_Dynamics_analysis/dock/ROS1/q2022p_subset_receptors/actout_ctlfit/S1986F/S1986F_actout_ctlfit_dominant_cluster0_rep.pdb,/homes/lkgyammerah/Molecular_Dynamics_analysis/dock/ROS1/q2022p_vina/receptor_pdbqt/S1986F_actout_ctlfit_dominant_cluster0_rep.pdbqt,lorlatinib,/homes/lkgyammerah/Molecular_Dynamics_analysis/dock/ROS1/q2022p_vina/ligand_pdbqt/lorlatinib.pdbqt,/homes/lkgyammerah/Molecular_Dynamics_analysis/dock/ROS1/q2022p_vina/configs/S1986F_actout_ctlfit_dominant_cluster0_rep__lorlatinib.txt,/homes/lkgyammerah/Molecular_Dynamics_analysis/dock/ROS1/q2022p_vina/vina_outputs/S1986F_actout_ctlfit_dominant_cluster0_rep__lorlatinib.pdbqt,/homes/lkgyammerah/Molecular_Dynamics_analysis/dock/ROS1/q2022p_vina/vina_logs/S1986F_actout_ctlfit_dominant_cluster0_rep__lorlatinib.log,4.0,18.53,1.195,1.666
actout_ctlfit,S1986F,dominant_cluster_representative,0,1,11070,/homes/lkgyammerah/Molecular_Dynamics_analysis/dock/ROS1/q2022p_subset_receptors/actout_ctlfit/S1986F/S1986F_actout_ctlfit_dominant_cluster0_rep.pdb,/homes/lkgyammerah/Molecular_Dynamics_analysis/dock/ROS1/q2022p_vina/receptor_pdbqt/S1986F_actout_ctlfit_dominant_cluster0_rep.pdbqt,lorlatinib,/homes/lkgyammerah/Molecular_Dynamics_analysis/dock/ROS1/q2022p_vina/ligand_pdbqt/lorlatinib.pdbqt,/homes/lkgyammerah/Molecular_Dynamics_analysis/dock/ROS1/q2022p_vina/configs/S1986F_actout_ctlfit_dominant_cluster0_rep__lorlatinib.txt,/homes/lkgyammerah/Molecular_Dynamics_analysis/dock/ROS1/q2022p_vina/vina_outputs/S1986F_actout_ctlfit_dominant_cluster0_rep__lorlatinib.pdbqt,/homes/lkgyammerah/Molecular_Dynamics_analysis/dock/ROS1/q2022p_vina/vina_logs/S1986F_actout_ctlfit_dominant_cluster0_rep__lorlatinib.log,5.0,19.73,1.974,3.855
actout_ctlfit,S1986F,dominant_cluster_representative,0,1,11070,/homes/lkgyammerah/Molecular_Dynamics_analysis/dock/ROS1/q2022p_subset_receptors/actout_ctlfit/S1986F/S1986F_actout_ctlfit_dominant_cluster0_rep.pdb,/homes/lkgyammerah/Molecular_Dynamics_analysis/dock/ROS1/q2022p_vina/receptor_pdbqt/S1986F_actout_ctlfit_dominant_cluster0_rep.pdbqt,lorlatinib,/homes/lkgyammerah/Molecular_Dynamics_analysis/dock/ROS1/q2022p_vina/ligand_pdbqt/lorlatinib.pdbqt,/homes/lkgyammerah/Molecular_Dynamics_analysis/dock/ROS1/q2022p_vina/configs/S1986F_actout_ctlfit_dominant_cluster0_rep__lorlatinib.txt,/homes/lkgyammerah/Molecular_Dynamics_analysis/dock/ROS1/q2022p_vina/vina_outputs/S1986F_actout_ctlfit_dominant_cluster0_rep__lorlatinib.pdbqt,/homes/lkgyammerah/Molecular_Dynamics_analysis/dock/ROS1/q2022p_vina/vina_logs/S1986F_actout_ctlfit_dominant_cluster0_rep__lorlatinib.log,6.0,19.84,1.727,3.886
actout_ctlfit,S1986F,dominant_cluster_representative,0,1,11070,/homes/lkgyammerah/Molecular_Dynamics_analysis/dock/ROS1/q2022p_subset_receptors/actout_ctlfit/S1986F/S1986F_actout_ctlfit_dominant_cluster0_rep.pdb,/homes/lkgyammerah/Molecular_Dynamics_analysis/dock/ROS1/q2022p_vina/receptor_pdbqt/S1986F_actout_ctlfit_dominant_cluster0_rep.pdbqt,lorlatinib,/homes/lkgyammerah/Molecular_Dynamics_analysis/dock/ROS1/q2022p_vina/ligand_pdbqt/lorlatinib.pdbqt,/homes/lkgyammerah/Molecular_Dynamics_analysis/dock/ROS1/q2022p_vina/configs/S1986F_actout_ctlfit_dominant_cluster0_rep__lorlatinib.txt,/homes/lkgyammerah/Molecular_Dynamics_analysis/dock/ROS1/q2022p_vina/vina_outputs/S1986F_actout_ctlfit_dominant_cluster0_rep__lorlatinib.pdbqt,/homes/lkgyammerah/Molecular_Dynamics_analysis/dock/ROS1/q2022p_vina/vina_logs/S1986F_actout_ctlfit_dominant_cluster0_rep__lorlatinib.log,7.0,21.71,13.5,15.09
actout_ctlfit,S1986F,dominant_cluster_representative,0,1,11070,/homes/lkgyammerah/Molecular_Dynamics_analysis/dock/ROS1/q2022p_subset_receptors/actout_ctlfit/S1986F/S1986F_actout_ctlfit_dominant_cluster0_rep.pdb,/homes/lkgyammerah/Molecular_Dynamics_analysis/dock/ROS1/q2022p_vina/receptor_pdbqt/S1986F_actout_ctlfit_dominant_cluster0_rep.pdbqt,lorlatinib,/homes/lkgyammerah/Molecular_Dynamics_analysis/dock/ROS1/q2022p_vina/ligand_pdbqt/lorlatinib.pdbqt,/homes/lkgyammerah/Molecular_Dynamics_analysis/dock/ROS1/q2022p_vina/configs/S1986F_actout_ctlfit_dominant_cluster0_rep__lorlatinib.txt,/homes/lkgyammerah/Molecular_Dynamics_analysis/dock/ROS1/q2022p_vina/vina_outputs/S1986F_actout_ctlfit_dominant_cluster0_rep__lorlatinib.pdbqt,/homes/lkgyammerah/Molecular_Dynamics_analysis/dock/ROS1/q2022p_vina/vina_logs/S1986F_actout_ctlfit_dominant_cluster0_rep__lorlatinib.log,8.0,24.45,13.47,14.83
actout_ctlfit,S1986F,dominant_cluster_representative,0,1,11070,/homes/lkgyammerah/Molecular_Dynamics_analysis/dock/ROS1/q2022p_subset_receptors/actout_ctlfit/S1986F/S1986F_actout_ctlfit_dominant_cluster0_rep.pdb,/homes/lkgyammerah/Molecular_Dynamics_analysis/dock/ROS1/q2022p_vina/receptor_pdbqt/S1986F_actout_ctlfit_dominant_cluster0_rep.pdbqt,lorlatinib,/homes/lkgyammerah/Molecular_Dynamics_analysis/dock/ROS1/q2022p_vina/ligand_pdbqt/lorlatinib.pdbqt,/homes/lkgyammerah/Molecular_Dynamics_analysis/dock/ROS1/q2022p_vina/configs/S1986F_actout_ctlfit_dominant_cluster0_rep__lorlatinib.txt,/homes/lkgyammerah/Molecular_Dynamics_analysis/dock/ROS1/q2022p_vina/vina_outputs/S1986F_actout_ctlfit_dominant_cluster0_rep__lorlatinib.pdbqt,/homes/lkgyammerah/Molecular_Dynamics_analysis/dock/ROS1/q2022p_vina/vina_logs/S1986F_actout_ctlfit_dominant_cluster0_rep__lorlatinib.log,9.0,26.41,13.78,15.46
actout_ctlfit,S1986F,dominant_cluster_representative,0,1,11070,/homes/lkgyammerah/Molecular_Dynamics_analysis/dock/ROS1/q2022p_subset_receptors/actout_ctlfit/S1986F/S1986F_actout_ctlfit_dominant_cluster0_rep.pdb,/homes/lkgyammerah/Molecular_Dynamics_analysis/dock/ROS1/q2022p_vina/receptor_pdbqt/S1986F_actout_ctlfit_dominant_cluster0_rep.pdbqt,lorlatinib,/homes/lkgyammerah/Molecular_Dynamics_analysis/dock/ROS1/q2022p_vina/ligand_pdbqt/lorlatinib.pdbqt,/homes/lkgyammerah/Molecular_Dynamics_analysis/dock/ROS1/q2022p_vina/configs/S1986F_actout_ctlfit_dominant_cluster0_rep__lorlatinib.txt,/homes/lkgyammerah/Molecular_Dynamics_analysis/dock/ROS1/q2022p_vina/vina_outputs/S1986F_actout_ctlfit_dominant_cluster0_rep__lorlatinib.pdbqt,/homes/lkgyammerah/Molecular_Dynamics_analysis/dock/ROS1/q2022p_vina/vina_logs/S1986F_actout_ctlfit_dominant_cluster0_rep__lorlatinib.log,10.0,26.74,14.07,15.74
actout_ctlfit,S1986F,dominant_cluster_representative,0,1,11070,/homes/lkgyammerah/Molecular_Dynamics_analysis/dock/ROS1/q2022p_subset_receptors/actout_ctlfit/S1986F/S1986F_actout_ctlfit_dominant_cluster0_rep.pdb,/homes/lkgyammerah/Molecular_Dynamics_analysis/dock/ROS1/q2022p_vina/receptor_pdbqt/S1986F_actout_ctlfit_dominant_cluster0_rep.pdbqt,lorlatinib,/homes/lkgyammerah/Molecular_Dynamics_analysis/dock/ROS1/q2022p_vina/ligand_pdbqt/lorlatinib.pdbqt,/homes/lkgyammerah/Molecular_Dynamics_analysis/dock/ROS1/q2022p_vina/configs/S1986F_actout_ctlfit_dominant_cluster0_rep__lorlatinib.txt,/homes/lkgyammerah/Molecular_Dynamics_analysis/dock/ROS1/q2022p_vina/vina_outputs/S1986F_actout_ctlfit_dominant_cluster0_rep__lorlatinib.pdbqt,/homes/lkgyammerah/Molecular_Dynamics_analysis/dock/ROS1/q2022p_vina/vina_logs/S1986F_actout_ctlfit_dominant_cluster0_rep__lorlatinib.log,11.0,27.31,13.58,15.25
actout_ctlfit,S1986F,dominant_cluster_representative,0,1,11070,/homes/lkgyammerah/Molecular_Dynamics_analysis/dock/ROS1/q2022p_subset_receptors/actout_ctlfit/S1986F/S1986F_actout_ctlfit_dominant_cluster0_rep.pdb,/homes/lkgyammerah/Molecular_Dynamics_analysis/dock/ROS1/q2022p_vina/receptor_pdbqt/S1986F_actout_ctlfit_dominant_cluster0_rep.pdbqt,lorlatinib,/homes/lkgyammerah/Molecular_Dynamics_analysis/dock/ROS1/q2022p_vina/ligand_pdbqt/lorlatinib.pdbqt,/homes/lkgyammerah/Molecular_Dynamics_analysis/dock/ROS1/q2022p_vina/configs/S1986F_actout_ctlfit_dominant_cluster0_rep__lorlatinib.txt,/homes/lkgyammerah/Molecular_Dynamics_analysis/dock/ROS1/q2022p_vina/vina_outputs/S1986F_actout_ctlfit_dominant_cluster0_rep__lorlatinib.pdbqt,/homes/lkgyammerah/Molecular_Dynamics_analysis/dock/ROS1/q2022p_vina/vina_logs/S1986F_actout_ctlfit_dominant_cluster0_rep__lorlatinib.log,12.0,31.75,14.13,15.81
actout_ctlfit,S1986F,dominant_cluster_representative,0,1,11070,/homes/lkgyammerah/Molecular_Dynamics_analysis/dock/ROS1/q2022p_subset_receptors/actout_ctlfit/S1986F/S1986F_actout_ctlfit_dominant_cluster0_rep.pdb,/homes/lkgyammerah/Molecular_Dynamics_analysis/dock/ROS1/q2022p_vina/receptor_pdbqt/S1986F_actout_ctlfit_dominant_cluster0_rep.pdbqt,lorlatinib,/homes/lkgyammerah/Molecular_Dynamics_analysis/dock/ROS1/q2022p_vina/ligand_pdbqt/lorlatinib.pdbqt,/homes/lkgyammerah/Molecular_Dynamics_analysis/dock/ROS1/q2022p_vina/configs/S1986F_actout_ctlfit_dominant_cluster0_rep__lorlatinib.txt,/homes/lkgyammerah/Molecular_Dynamics_analysis/dock/ROS1/q2022p_vina/vina_outputs/S1986F_actout_ctlfit_dominant_cluster0_rep__lorlatinib.pdbqt,/homes/lkgyammerah/Molecular_Dynamics_analysis/dock/ROS1/q2022p_vina/vina_logs/S1986F_actout_ctlfit_dominant_cluster0_rep__lorlatinib.log,13.0,33.03,7.132,10.06
actout_ctlfit,S1986F,dominant_cluster_representative,0,1,11070,/homes/lkgyammerah/Molecular_Dynamics_analysis/dock/ROS1/q2022p_subset_receptors/actout_ctlfit/S1986F/S1986F_actout_ctlfit_dominant_cluster0_rep.pdb,/homes/lkgyammerah/Molecular_Dynamics_analysis/dock/ROS1/q2022p_vina/receptor_pdbqt/S1986F_actout_ctlfit_dominant_cluster0_rep.pdbqt,lorlatinib,/homes/lkgyammerah/Molecular_Dynamics_analysis/dock/ROS1/q2022p_vina/ligand_pdbqt/lorlatinib.pdbqt,/homes/lkgyammerah/Molecular_Dynamics_analysis/dock/ROS1/q2022p_vina/configs/S1986F_actout_ctlfit_dominant_cluster0_rep__lorlatinib.txt,/homes/lkgyammerah/Molecular_Dynamics_analysis/dock/ROS1/q2022p_vina/vina_outputs/S1986F_actout_ctlfit_dominant_cluster0_rep__lorlatinib.pdbqt,/homes/lkgyammerah/Molecular_Dynamics_analysis/dock/ROS1/q2022p_vina/vina_logs/S1986F_actout_ctlfit_dominant_cluster0_rep__lorlatinib.log,14.0,35.79,13.97,15.66
actout_ctlfit,S1986F,dominant_cluster_representative,0,1,11070,/homes/lkgyammerah/Molecular_Dynamics_analysis/dock/ROS1/q2022p_subset_receptors/actout_ctlfit/S1986F/S1986F_actout_ctlfit_dominant_cluster0_rep.pdb,/homes/lkgyammerah/Molecular_Dynamics_analysis/dock/ROS1/q2022p_vina/receptor_pdbqt/S1986F_actout_ctlfit_dominant_cluster0_rep.pdbqt,lorlatinib,/homes/lkgyammerah/Molecular_Dynamics_analysis/dock/ROS1/q2022p_vina/ligand_pdbqt/lorlatinib.pdbqt,/homes/lkgyammerah/Molecular_Dynamics_analysis/dock/ROS1/q2022p_vina/configs/S1986F_actout_ctlfit_dominant_cluster0_rep__lorlatinib.txt,/homes/lkgyammerah/Molecular_Dynamics_analysis/dock/ROS1/q2022p_vina/vina_outputs/S1986F_actout_ctlfit_dominant_cluster0_rep__lorlatinib.pdbqt,/homes/lkgyammerah/Molecular_Dynamics_analysis/dock/ROS1/q2022p_vina/vina_logs/S1986F_actout_ctlfit_dominant_cluster0_rep__lorlatinib.log,15.0,37.28,7.031,9.728
actout_ctlfit,S1986F,dominant_cluster_representative,0,1,11070,/homes/lkgyammerah/Molecular_Dynamics_analysis/dock/ROS1/q2022p_subset_receptors/actout_ctlfit/S1986F/S1986F_actout_ctlfit_dominant_cluster0_rep.pdb,/homes/lkgyammerah/Molecular_Dynamics_analysis/dock/ROS1/q2022p_vina/receptor_pdbqt/S1986F_actout_ctlfit_dominant_cluster0_rep.pdbqt,lorlatinib,/homes/lkgyammerah/Molecular_Dynamics_analysis/dock/ROS1/q2022p_vina/ligand_pdbqt/lorlatinib.pdbqt,/homes/lkgyammerah/Molecular_Dynamics_analysis/dock/ROS1/q2022p_vina/configs/S1986F_actout_ctlfit_dominant_cluster0_rep__lorlatinib.txt,/homes/lkgyammerah/Molecular_Dynamics_analysis/dock/ROS1/q2022p_vina/vina_outputs/S1986F_actout_ctlfit_dominant_cluster0_rep__lorlatinib.pdbqt,/homes/lkgyammerah/Molecular_Dynamics_analysis/dock/ROS1/q2022p_vina/vina_logs/S1986F_actout_ctlfit_dominant_cluster0_rep__lorlatinib.log,16.0,144.1,2.147,3.197
actout_ctlfit,S1986F,dominant_cluster_representative,0,1,11070,/homes/lkgyammerah/Molecular_Dynamics_analysis/dock/ROS1/q2022p_subset_receptors/actout_ctlfit/S1986F/S1986F_actout_ctlfit_dominant_cluster0_rep.pdb,/homes/lkgyammerah/Molecular_Dynamics_analysis/dock/ROS1/q2022p_vina/receptor_pdbqt/S1986F_actout_ctlfit_dominant_cluster0_rep.pdbqt,lorlatinib,/homes/lkgyammerah/Molecular_Dynamics_analysis/dock/ROS1/q2022p_vina/ligand_pdbqt/lorlatinib.pdbqt,/homes/lkgyammerah/Molecular_Dynamics_analysis/dock/ROS1/q2022p_vina/configs/S1986F_actout_ctlfit_dominant_cluster0_rep__lorlatinib.txt,/homes/lkgyammerah/Molecular_Dynamics_analysis/dock/ROS1/q2022p_vina/vina_outputs/S1986F_actout_ctlfit_dominant_cluster0_rep__lorlatinib.pdbqt,/homes/lkgyammerah/Molecular_Dynamics_analysis/dock/ROS1/q2022p_vina/vina_logs/S1986F_actout_ctlfit_dominant_cluster0_rep__lorlatinib.log,18.0,277.7,1.556,2.249
actout_ctlfit,S1986F,dominant_cluster_representative,0,1,11070,/homes/lkgyammerah/Molecular_Dynamics_analysis/dock/ROS1/q2022p_subset_receptors/actout_ctlfit/S1986F/S1986F_actout_ctlfit_dominant_cluster0_rep.pdb,/homes/lkgyammerah/Molecular_Dynamics_analysis/dock/ROS1/q2022p_vina/receptor_pdbqt/S1986F_actout_ctlfit_dominant_cluster0_rep.pdbqt,repotrectinib,/homes/lkgyammerah/Molecular_Dynamics_analysis/dock/ROS1/q2022p_vina/ligand_pdbqt/repotrectinib.pdbqt,/homes/lkgyammerah/Molecular_Dynamics_analysis/dock/ROS1/q2022p_vina/configs/S1986F_actout_ctlfit_dominant_cluster0_rep__repotrectinib.txt,/homes/lkgyammerah/Molecular_Dynamics_analysis/dock/ROS1/q2022p_vina/vina_outputs/S1986F_actout_ctlfit_dominant_cluster0_rep__repotrectinib.pdbqt,/homes/lkgyammerah/Molecular_Dynamics_analysis/dock/ROS1/q2022p_vina/vina_logs/S1986F_actout_ctlfit_dominant_cluster0_rep__repotrectinib.log,2.0,-3.103,2.935,4.631
actout_ctlfit,S1986F,dominant_cluster_representative,0,1,11070,/homes/lkgyammerah/Molecular_Dynamics_analysis/dock/ROS1/q2022p_subset_receptors/actout_ctlfit/S1986F/S1986F_actout_ctlfit_dominant_cluster0_rep.pdb,/homes/lkgyammerah/Molecular_Dynamics_analysis/dock/ROS1/q2022p_vina/receptor_pdbqt/S1986F_actout_ctlfit_dominant_cluster0_rep.pdbqt,repotrectinib,/homes/lkgyammerah/Molecular_Dynamics_analysis/dock/ROS1/q2022p_vina/ligand_pdbqt/repotrectinib.pdbqt,/homes/lkgyammerah/Molecular_Dynamics_analysis/dock/ROS1/q2022p_vina/configs/S1986F_actout_ctlfit_dominant_cluster0_rep__repotrectinib.txt,/homes/lkgyammerah/Molecular_Dynamics_analysis/dock/ROS1/q2022p_vina/vina_outputs/S1986F_actout_ctlfit_dominant_cluster0_rep__repotrectinib.pdbqt,/homes/lkgyammerah/Molecular_Dynamics_analysis/dock/ROS1/q2022p_vina/vina_logs/S1986F_actout_ctlfit_dominant_cluster0_rep__repotrectinib.log,3.0,-2.891,13.16,14.56
actout_ctlfit,S1986F,dominant_cluster_representative,0,1,11070,/homes/lkgyammerah/Molecular_Dynamics_analysis/dock/ROS1/q2022p_subset_receptors/actout_ctlfit/S1986F/S1986F_actout_ctlfit_dominant_cluster0_rep.pdb,/homes/lkgyammerah/Molecular_Dynamics_analysis/dock/ROS1/q2022p_vina/receptor_pdbqt/S1986F_actout_ctlfit_dominant_cluster0_rep.pdbqt,repotrectinib,/homes/lkgyammerah/Molecular_Dynamics_analysis/dock/ROS1/q2022p_vina/ligand_pdbqt/repotrectinib.pdbqt,/homes/lkgyammerah/Molecular_Dynamics_analysis/dock/ROS1/q2022p_vina/configs/S1986F_actout_ctlfit_dominant_cluster0_rep__repotrectinib.txt,/homes/lkgyammerah/Molecular_Dynamics_analysis/dock/ROS1/q2022p_vina/vina_outputs/S1986F_actout_ctlfit_dominant_cluster0_rep__repotrectinib.pdbqt,/homes/lkgyammerah/Molecular_Dynamics_analysis/dock/ROS1/q2022p_vina/vina_logs/S1986F_actout_ctlfit_dominant_cluster0_rep__repotrectinib.log,4.0,-2.657,2.459,4.437
actout_ctlfit,S1986F,dominant_cluster_representative,0,1,11070,/homes/lkgyammerah/Molecular_Dynamics_analysis/dock/ROS1/q2022p_subset_receptors/actout_ctlfit/S1986F/S1986F_actout_ctlfit_dominant_cluster0_rep.pdb,/homes/lkgyammerah/Molecular_Dynamics_analysis/dock/ROS1/q2022p_vina/receptor_pdbqt/S1986F_actout_ctlfit_dominant_cluster0_rep.pdbqt,repotrectinib,/homes/lkgyammerah/Molecular_Dynamics_analysis/dock/ROS1/q2022p_vina/ligand_pdbqt/repotrectinib.pdbqt,/homes/lkgyammerah/Molecular_Dynamics_analysis/dock/ROS1/q2022p_vina/configs/S1986F_actout_ctlfit_dominant_cluster0_rep__repotrectinib.txt,/homes/lkgyammerah/Molecular_Dynamics_analysis/dock/ROS1/q2022p_vina/vina_outputs/S1986F_actout_ctlfit_dominant_cluster0_rep__repotrectinib.pdbqt,/homes/lkgyammerah/Molecular_Dynamics_analysis/dock/ROS1/q2022p_vina/vina_logs/S1986F_actout_ctlfit_dominant_cluster0_rep__repotrectinib.log,5.0,-2.42,1.706,3.034
actout_ctlfit,S1986F,dominant_cluster_representative,0,1,11070,/homes/lkgyammerah/Molecular_Dynamics_analysis/dock/ROS1/q2022p_subset_receptors/actout_ctlfit/S1986F/S1986F_actout_ctlfit_dominant_cluster0_rep.pdb,/homes/lkgyammerah/Molecular_Dynamics_analysis/dock/ROS1/q2022p_vina/receptor_pdbqt/S1986F_actout_ctlfit_dominant_cluster0_rep.pdbqt,repotrectinib,/homes/lkgyammerah/Molecular_Dynamics_analysis/dock/ROS1/q2022p_vina/ligand_pdbqt/repotrectinib.pdbqt,/homes/lkgyammerah/Molecular_Dynamics_analysis/dock/ROS1/q2022p_vina/configs/S1986F_actout_ctlfit_dominant_cluster0_rep__repotrectinib.txt,/homes/lkgyammerah/Molecular_Dynamics_analysis/dock/ROS1/q2022p_vina/vina_outputs/S1986F_actout_ctlfit_dominant_cluster0_rep__repotrectinib.pdbqt,/homes/lkgyammerah/Molecular_Dynamics_analysis/dock/ROS1/q2022p_vina/vina_logs/S1986F_actout_ctlfit_dominant_cluster0_rep__repotrectinib.log,6.0,-1.722,15.23,16.5
actout_ctlfit,S1986F,dominant_cluster_representative,0,1,11070,/homes/lkgyammerah/Molecular_Dynamics_analysis/dock/ROS1/q2022p_subset_receptors/actout_ctlfit/S1986F/S1986F_actout_ctlfit_dominant_cluster0_rep.pdb,/homes/lkgyammerah/Molecular_Dynamics_analysis/dock/ROS1/q2022p_vina/receptor_pdbqt/S1986F_actout_ctlfit_dominant_cluster0_rep.pdbqt,repotrectinib,/homes/lkgyammerah/Molecular_Dynamics_analysis/dock/ROS1/q2022p_vina/ligand_pdbqt/repotrectinib.pdbqt,/homes/lkgyammerah/Molecular_Dynamics_analysis/dock/ROS1/q2022p_vina/configs/S1986F_actout_ctlfit_dominant_cluster0_rep__repotrectinib.txt,/homes/lkgyammerah/Molecular_Dynamics_analysis/dock/ROS1/q2022p_vina/vina_outputs/S1986F_actout_ctlfit_dominant_cluster0_rep__repotrectinib.pdbqt,/homes/lkgyammerah/Molecular_Dynamics_analysis/dock/ROS1/q2022p_vina/vina_logs/S1986F_actout_ctlfit_dominant_cluster0_rep__repotrectinib.log,7.0,-1.267,15.45,16.05
actout_ctlfit,S1986F,dominant_cluster_representative,0,1,11070,/homes/lkgyammerah/Molecular_Dynamics_analysis/dock/ROS1/q2022p_subset_receptors/actout_ctlfit/S1986F/S1986F_actout_ctlfit_dominant_cluster0_rep.pdb,/homes/lkgyammerah/Molecular_Dynamics_analysis/dock/ROS1/q2022p_vina/receptor_pdbqt/S1986F_actout_ctlfit_dominant_cluster0_rep.pdbqt,repotrectinib,/homes/lkgyammerah/Molecular_Dynamics_analysis/dock/ROS1/q2022p_vina/ligand_pdbqt/repotrectinib.pdbqt,/homes/lkgyammerah/Molecular_Dynamics_analysis/dock/ROS1/q2022p_vina/configs/S1986F_actout_ctlfit_dominant_cluster0_rep__repotrectinib.txt,/homes/lkgyammerah/Molecular_Dynamics_analysis/dock/ROS1/q2022p_vina/vina_outputs/S1986F_actout_ctlfit_dominant_cluster0_rep__repotrectinib.pdbqt,/homes/lkgyammerah/Molecular_Dynamics_analysis/dock/ROS1/q2022p_vina/vina_logs/S1986F_actout_ctlfit_dominant_cluster0_rep__repotrectinib.log,8.0,-1.107,2.389,4.996
actout_ctlfit,S1986F,dominant_cluster_representative,0,1,11070,/homes/lkgyammerah/Molecular_Dynamics_analysis/dock/ROS1/q2022p_subset_receptors/actout_ctlfit/S1986F/S1986F_actout_ctlfit_dominant_cluster0_rep.pdb,/homes/lkgyammerah/Molecular_Dynamics_analysis/dock/ROS1/q2022p_vina/receptor_pdbqt/S1986F_actout_ctlfit_dominant_cluster0_rep.pdbqt,repotrectinib,/homes/lkgyammerah/Molecular_Dynamics_analysis/dock/ROS1/q2022p_vina/ligand_pdbqt/repotrectinib.pdbqt,/homes/lkgyammerah/Molecular_Dynamics_analysis/dock/ROS1/q2022p_vina/configs/S1986F_actout_ctlfit_dominant_cluster0_rep__repotrectinib.txt,/homes/lkgyammerah/Molecular_Dynamics_analysis/dock/ROS1/q2022p_vina/vina_outputs/S1986F_actout_ctlfit_dominant_cluster0_rep__repotrectinib.pdbqt,/homes/lkgyammerah/Molecular_Dynamics_analysis/dock/ROS1/q2022p_vina/vina_logs/S1986F_actout_ctlfit_dominant_cluster0_rep__repotrectinib.log,9.0,-1.079,26.56,27.89
actout_ctlfit,S1986F,dominant_cluster_representative,0,1,11070,/homes/lkgyammerah/Molecular_Dynamics_analysis/dock/ROS1/q2022p_subset_receptors/actout_ctlfit/S1986F/S1986F_actout_ctlfit_dominant_cluster0_rep.pdb,/homes/lkgyammerah/Molecular_Dynamics_analysis/dock/ROS1/q2022p_vina/receptor_pdbqt/S1986F_actout_ctlfit_dominant_cluster0_rep.pdbqt,repotrectinib,/homes/lkgyammerah/Molecular_Dynamics_analysis/dock/ROS1/q2022p_vina/ligand_pdbqt/repotrectinib.pdbqt,/homes/lkgyammerah/Molecular_Dynamics_analysis/dock/ROS1/q2022p_vina/configs/S1986F_actout_ctlfit_dominant_cluster0_rep__repotrectinib.txt,/homes/lkgyammerah/Molecular_Dynamics_analysis/dock/ROS1/q2022p_vina/vina_outputs/S1986F_actout_ctlfit_dominant_cluster0_rep__repotrectinib.pdbqt,/homes/lkgyammerah/Molecular_Dynamics_analysis/dock/ROS1/q2022p_vina/vina_logs/S1986F_actout_ctlfit_dominant_cluster0_rep__repotrectinib.log,10.0,-1.013,2.804,4.617
actout_ctlfit,S1986F,dominant_cluster_representative,0,1,11070,/homes/lkgyammerah/Molecular_Dynamics_analysis/dock/ROS1/q2022p_subset_receptors/actout_ctlfit/S1986F/S1986F_actout_ctlfit_dominant_cluster0_rep.pdb,/homes/lkgyammerah/Molecular_Dynamics_analysis/dock/ROS1/q2022p_vina/receptor_pdbqt/S1986F_actout_ctlfit_dominant_cluster0_rep.pdbqt,repotrectinib,/homes/lkgyammerah/Molecular_Dynamics_analysis/dock/ROS1/q2022p_vina/ligand_pdbqt/repotrectinib.pdbqt,/homes/lkgyammerah/Molecular_Dynamics_analysis/dock/ROS1/q2022p_vina/configs/S1986F_actout_ctlfit_dominant_cluster0_rep__repotrectinib.txt,/homes/lkgyammerah/Molecular_Dynamics_analysis/dock/ROS1/q2022p_vina/vina_outputs/S1986F_actout_ctlfit_dominant_cluster0_rep__repotrectinib.pdbqt,/homes/lkgyammerah/Molecular_Dynamics_analysis/dock/ROS1/q2022p_vina/vina_logs/S1986F_actout_ctlfit_dominant_cluster0_rep__repotrectinib.log,11.0,-0.6766,1.39,2.208
actout_ctlfit,S1986F,dominant_cluster_representative,0,1,11070,/homes/lkgyammerah/Molecular_Dynamics_analysis/dock/ROS1/q2022p_subset_receptors/actout_ctlfit/S1986F/S1986F_actout_ctlfit_dominant_cluster0_rep.pdb,/homes/lkgyammerah/Molecular_Dynamics_analysis/dock/ROS1/q2022p_vina/receptor_pdbqt/S1986F_actout_ctlfit_dominant_cluster0_rep.pdbqt,repotrectinib,/homes/lkgyammerah/Molecular_Dynamics_analysis/dock/ROS1/q2022p_vina/ligand_pdbqt/repotrectinib.pdbqt,/homes/lkgyammerah/Molecular_Dynamics_analysis/dock/ROS1/q2022p_vina/configs/S1986F_actout_ctlfit_dominant_cluster0_rep__repotrectinib.txt,/homes/lkgyammerah/Molecular_Dynamics_analysis/dock/ROS1/q2022p_vina/vina_outputs/S1986F_actout_ctlfit_dominant_cluster0_rep__repotrectinib.pdbqt,/homes/lkgyammerah/Molecular_Dynamics_analysis/dock/ROS1/q2022p_vina/vina_logs/S1986F_actout_ctlfit_dominant_cluster0_rep__repotrectinib.log,12.0,-0.5145,16.35,17.04
actout_ctlfit,S1986F,dominant_cluster_representative,0,1,11070,/homes/lkgyammerah/Molecular_Dynamics_analysis/dock/ROS1/q2022p_subset_receptors/actout_ctlfit/S1986F/S1986F_actout_ctlfit_dominant_cluster0_rep.pdb,/homes/lkgyammerah/Molecular_Dynamics_analysis/dock/ROS1/q2022p_vina/receptor_pdbqt/S1986F_actout_ctlfit_dominant_cluster0_rep.pdbqt,repotrectinib,/homes/lkgyammerah/Molecular_Dynamics_analysis/dock/ROS1/q2022p_vina/ligand_pdbqt/repotrectinib.pdbqt,/homes/lkgyammerah/Molecular_Dynamics_analysis/dock/ROS1/q2022p_vina/configs/S1986F_actout_ctlfit_dominant_cluster0_rep__repotrectinib.txt,/homes/lkgyammerah/Molecular_Dynamics_analysis/dock/ROS1/q2022p_vina/vina_outputs/S1986F_actout_ctlfit_dominant_cluster0_rep__repotrectinib.pdbqt,/homes/lkgyammerah/Molecular_Dynamics_analysis/dock/ROS1/q2022p_vina/vina_logs/S1986F_actout_ctlfit_dominant_cluster0_rep__repotrectinib.log,13.0,-0.5104,2.842,3.81
actout_ctlfit,S1986F,dominant_cluster_representative,0,1,11070,/homes/lkgyammerah/Molecular_Dynamics_analysis/dock/ROS1/q2022p_subset_receptors/actout_ctlfit/S1986F/S1986F_actout_ctlfit_dominant_cluster0_rep.pdb,/homes/lkgyammerah/Molecular_Dynamics_analysis/dock/ROS1/q2022p_vina/receptor_pdbqt/S1986F_actout_ctlfit_dominant_cluster0_rep.pdbqt,repotrectinib,/homes/lkgyammerah/Molecular_Dynamics_analysis/dock/ROS1/q2022p_vina/ligand_pdbqt/repotrectinib.pdbqt,/homes/lkgyammerah/Molecular_Dynamics_analysis/dock/ROS1/q2022p_vina/configs/S1986F_actout_ctlfit_dominant_cluster0_rep__repotrectinib.txt,/homes/lkgyammerah/Molecular_Dynamics_analysis/dock/ROS1/q2022p_vina/vina_outputs/S1986F_actout_ctlfit_dominant_cluster0_rep__repotrectinib.pdbqt,/homes/lkgyammerah/Molecular_Dynamics_analysis/dock/ROS1/q2022p_vina/vina_logs/S1986F_actout_ctlfit_dominant_cluster0_rep__repotrectinib.log,14.0,-0.3644,1.685,2.175
actout_ctlfit,S1986F,dominant_cluster_representative,0,1,11070,/homes/lkgyammerah/Molecular_Dynamics_analysis/dock/ROS1/q2022p_subset_receptors/actout_ctlfit/S1986F/S1986F_actout_ctlfit_dominant_cluster0_rep.pdb,/homes/lkgyammerah/Molecular_Dynamics_analysis/dock/ROS1/q2022p_vina/receptor_pdbqt/S1986F_actout_ctlfit_dominant_cluster0_rep.pdbqt,repotrectinib,/homes/lkgyammerah/Molecular_Dynamics_analysis/dock/ROS1/q2022p_vina/ligand_pdbqt/repotrectinib.pdbqt,/homes/lkgyammerah/Molecular_Dynamics_analysis/dock/ROS1/q2022p_vina/configs/S1986F_actout_ctlfit_dominant_cluster0_rep__repotrectinib.txt,/homes/lkgyammerah/Molecular_Dynamics_analysis/dock/ROS1/q2022p_vina/vina_outputs/S1986F_actout_ctlfit_dominant_cluster0_rep__repotrectinib.pdbqt,/homes/lkgyammerah/Molecular_Dynamics_analysis/dock/ROS1/q2022p_vina/vina_logs/S1986F_actout_ctlfit_dominant_cluster0_rep__repotrectinib.log,15.0,-0.216,15.64,16.35
actout_ctlfit,S1986F,dominant_cluster_representative,0,1,11070,/homes/lkgyammerah/Molecular_Dynamics_analysis/dock/ROS1/q2022p_subset_receptors/actout_ctlfit/S1986F/S1986F_actout_ctlfit_dominant_cluster0_rep.pdb,/homes/lkgyammerah/Molecular_Dynamics_analysis/dock/ROS1/q2022p_vina/receptor_pdbqt/S1986F_actout_ctlfit_dominant_cluster0_rep.pdbqt,repotrectinib,/homes/lkgyammerah/Molecular_Dynamics_analysis/dock/ROS1/q2022p_vina/ligand_pdbqt/repotrectinib.pdbqt,/homes/lkgyammerah/Molecular_Dynamics_analysis/dock/ROS1/q2022p_vina/configs/S1986F_actout_ctlfit_dominant_cluster0_rep__repotrectinib.txt,/homes/lkgyammerah/Molecular_Dynamics_analysis/dock/ROS1/q2022p_vina/vina_outputs/S1986F_actout_ctlfit_dominant_cluster0_rep__repotrectinib.pdbqt,/homes/lkgyammerah/Molecular_Dynamics_analysis/dock/ROS1/q2022p_vina/vina_logs/S1986F_actout_ctlfit_dominant_cluster0_rep__repotrectinib.log,16.0,-0.02586,2.082,2.543
actout_ctlfit,S1986F,dominant_cluster_representative,0,1,11070,/homes/lkgyammerah/Molecular_Dynamics_analysis/dock/ROS1/q2022p_subset_receptors/actout_ctlfit/S1986F/S1986F_actout_ctlfit_dominant_cluster0_rep.pdb,/homes/lkgyammerah/Molecular_Dynamics_analysis/dock/ROS1/q2022p_vina/receptor_pdbqt/S1986F_actout_ctlfit_dominant_cluster0_rep.pdbqt,repotrectinib,/homes/lkgyammerah/Molecular_Dynamics_analysis/dock/ROS1/q2022p_vina/ligand_pdbqt/repotrectinib.pdbqt,/homes/lkgyammerah/Molecular_Dynamics_analysis/dock/ROS1/q2022p_vina/configs/S1986F_actout_ctlfit_dominant_cluster0_rep__repotrectinib.txt,/homes/lkgyammerah/Molecular_Dynamics_analysis/dock/ROS1/q2022p_vina/vina_outputs/S1986F_actout_ctlfit_dominant_cluster0_rep__repotrectinib.pdbqt,/homes/lkgyammerah/Molecular_Dynamics_analysis/dock/ROS1/q2022p_vina/vina_logs/S1986F_actout_ctlfit_dominant_cluster0_rep__repotrectinib.log,17.0,0.3535,15.91,16.72
actout_ctlfit,S1986F,dominant_cluster_representative,0,1,11070,/homes/lkgyammerah/Molecular_Dynamics_analysis/dock/ROS1/q2022p_subset_receptors/actout_ctlfit/S1986F/S1986F_actout_ctlfit_dominant_cluster0_rep.pdb,/homes/lkgyammerah/Molecular_Dynamics_analysis/dock/ROS1/q2022p_vina/receptor_pdbqt/S1986F_actout_ctlfit_dominant_cluster0_rep.pdbqt,repotrectinib,/homes/lkgyammerah/Molecular_Dynamics_analysis/dock/ROS1/q2022p_vina/ligand_pdbqt/repotrectinib.pdbqt,/homes/lkgyammerah/Molecular_Dynamics_analysis/dock/ROS1/q2022p_vina/configs/S1986F_actout_ctlfit_dominant_cluster0_rep__repotrectinib.txt,/homes/lkgyammerah/Molecular_Dynamics_analysis/dock/ROS1/q2022p_vina/vina_outputs/S1986F_actout_ctlfit_dominant_cluster0_rep__repotrectinib.pdbqt,/homes/lkgyammerah/Molecular_Dynamics_analysis/dock/ROS1/q2022p_vina/vina_logs/S1986F_actout_ctlfit_dominant_cluster0_rep__repotrectinib.log,18.0,0.6539,1.537,1.654
actout_ctlfit,S1986F,dominant_cluster_representative,0,1,11070,/homes/lkgyammerah/Molecular_Dynamics_analysis/dock/ROS1/q2022p_subset_receptors/actout_ctlfit/S1986F/S1986F_actout_ctlfit_dominant_cluster0_rep.pdb,/homes/lkgyammerah/Molecular_Dynamics_analysis/dock/ROS1/q2022p_vina/receptor_pdbqt/S1986F_actout_ctlfit_dominant_cluster0_rep.pdbqt,repotrectinib,/homes/lkgyammerah/Molecular_Dynamics_analysis/dock/ROS1/q2022p_vina/ligand_pdbqt/repotrectinib.pdbqt,/homes/lkgyammerah/Molecular_Dynamics_analysis/dock/ROS1/q2022p_vina/configs/S1986F_actout_ctlfit_dominant_cluster0_rep__repotrectinib.txt,/homes/lkgyammerah/Molecular_Dynamics_analysis/dock/ROS1/q2022p_vina/vina_outputs/S1986F_actout_ctlfit_dominant_cluster0_rep__repotrectinib.pdbqt,/homes/lkgyammerah/Molecular_Dynamics_analysis/dock/ROS1/q2022p_vina/vina_logs/S1986F_actout_ctlfit_dominant_cluster0_rep__repotrectinib.log,19.0,0.9927,16.13,16.75
actout_ctlfit,S1986F,dominant_cluster_representative,0,1,11070,/homes/lkgyammerah/Molecular_Dynamics_analysis/dock/ROS1/q2022p_subset_receptors/actout_ctlfit/S1986F/S1986F_actout_ctlfit_dominant_cluster0_rep.pdb,/homes/lkgyammerah/Molecular_Dynamics_analysis/dock/ROS1/q2022p_vina/receptor_pdbqt/S1986F_actout_ctlfit_dominant_cluster0_rep.pdbqt,repotrectinib,/homes/lkgyammerah/Molecular_Dynamics_analysis/dock/ROS1/q2022p_vina/ligand_pdbqt/repotrectinib.pdbqt,/homes/lkgyammerah/Molecular_Dynamics_analysis/dock/ROS1/q2022p_vina/configs/S1986F_actout_ctlfit_dominant_cluster0_rep__repotrectinib.txt,/homes/lkgyammerah/Molecular_Dynamics_analysis/dock/ROS1/q2022p_vina/vina_outputs/S1986F_actout_ctlfit_dominant_cluster0_rep__repotrectinib.pdbqt,/homes/lkgyammerah/Molecular_Dynamics_analysis/dock/ROS1/q2022p_vina/vina_logs/S1986F_actout_ctlfit_dominant_cluster0_rep__repotrectinib.log,20.0,1.524,11.93,13.34
actout_ctlfit,S1986F,dominant_cluster_representative,0,1,11070,/homes/lkgyammerah/Molecular_Dynamics_analysis/dock/ROS1/q2022p_subset_receptors/actout_ctlfit/S1986F/S1986F_actout_ctlfit_dominant_cluster0_rep.pdb,/homes/lkgyammerah/Molecular_Dynamics_analysis/dock/ROS1/q2022p_vina/receptor_pdbqt/S1986F_actout_ctlfit_dominant_cluster0_rep.pdbqt,zidesamtinib,/homes/lkgyammerah/Molecular_Dynamics_analysis/dock/ROS1/q2022p_vina/ligand_pdbqt/zidesamtinib.pdbqt,/homes/lkgyammerah/Molecular_Dynamics_analysis/dock/ROS1/q2022p_vina/configs/S1986F_actout_ctlfit_dominant_cluster0_rep__zidesamtinib.txt,/homes/lkgyammerah/Molecular_Dynamics_analysis/dock/ROS1/q2022p_vina/vina_outputs/S1986F_actout_ctlfit_dominant_cluster0_rep__zidesamtinib.pdbqt,/homes/lkgyammerah/Molecular_Dynamics_analysis/dock/ROS1/q2022p_vina/vina_logs/S1986F_actout_ctlfit_dominant_cluster0_rep__zidesamtinib.log,2.0,-7.331,1.984,5.317
actout_ctlfit,S1986F,dominant_cluster_representative,0,1,11070,/homes/lkgyammerah/Molecular_Dynamics_analysis/dock/ROS1/q2022p_subset_receptors/actout_ctlfit/S1986F/S1986F_actout_ctlfit_dominant_cluster0_rep.pdb,/homes/lkgyammerah/Molecular_Dynamics_analysis/dock/ROS1/q2022p_vina/receptor_pdbqt/S1986F_actout_ctlfit_dominant_cluster0_rep.pdbqt,zidesamtinib,/homes/lkgyammerah/Molecular_Dynamics_analysis/dock/ROS1/q2022p_vina/ligand_pdbqt/zidesamtinib.pdbqt,/homes/lkgyammerah/Molecular_Dynamics_analysis/dock/ROS1/q2022p_vina/configs/S1986F_actout_ctlfit_dominant_cluster0_rep__zidesamtinib.txt,/homes/lkgyammerah/Molecular_Dynamics_analysis/dock/ROS1/q2022p_vina/vina_outputs/S1986F_actout_ctlfit_dominant_cluster0_rep__zidesamtinib.pdbqt,/homes/lkgyammerah/Molecular_Dynamics_analysis/dock/ROS1/q2022p_vina/vina_logs/S1986F_actout_ctlfit_dominant_cluster0_rep__zidesamtinib.log,4.0,-6.887,0.9812,1.134
actout_ctlfit,S1986F,dominant_cluster_representative,0,1,11070,/homes/lkgyammerah/Molecular_Dynamics_analysis/dock/ROS1/q2022p_subset_receptors/actout_ctlfit/S1986F/S1986F_actout_ctlfit_dominant_cluster0_rep.pdb,/homes/lkgyammerah/Molecular_Dynamics_analysis/dock/ROS1/q2022p_vina/receptor_pdbqt/S1986F_actout_ctlfit_dominant_cluster0_rep.pdbqt,zidesamtinib,/homes/lkgyammerah/Molecular_Dynamics_analysis/dock/ROS1/q2022p_vina/ligand_pdbqt/zidesamtinib.pdbqt,/homes/lkgyammerah/Molecular_Dynamics_analysis/dock/ROS1/q2022p_vina/configs/S1986F_actout_ctlfit_dominant_cluster0_rep__zidesamtinib.txt,/homes/lkgyammerah/Molecular_Dynamics_analysis/dock/ROS1/q2022p_vina/vina_outputs/S1986F_actout_ctlfit_dominant_cluster0_rep__zidesamtinib.pdbqt,/homes/lkgyammerah/Molecular_Dynamics_analysis/dock/ROS1/q2022p_vina/vina_logs/S1986F_actout_ctlfit_dominant_cluster0_rep__zidesamtinib.log,5.0,-6.739,1.95,5.32
actout_ctlfit,S1986F,dominant_cluster_representative,0,1,11070,/homes/lkgyammerah/Molecular_Dynamics_analysis/dock/ROS1/q2022p_subset_receptors/actout_ctlfit/S1986F/S1986F_actout_ctlfit_dominant_cluster0_rep.pdb,/homes/lkgyammerah/Molecular_Dynamics_analysis/dock/ROS1/q2022p_vina/receptor_pdbqt/S1986F_actout_ctlfit_dominant_cluster0_rep.pdbqt,zidesamtinib,/homes/lkgyammerah/Molecular_Dynamics_analysis/dock/ROS1/q2022p_vina/ligand_pdbqt/zidesamtinib.pdbqt,/homes/lkgyammerah/Molecular_Dynamics_analysis/dock/ROS1/q2022p_vina/configs/S1986F_actout_ctlfit_dominant_cluster0_rep__zidesamtinib.txt,/homes/lkgyammerah/Molecular_Dynamics_analysis/dock/ROS1/q2022p_vina/vina_outputs/S1986F_actout_ctlfit_dominant_cluster0_rep__zidesamtinib.pdbqt,/homes/lkgyammerah/Molecular_Dynamics_analysis/dock/ROS1/q2022p_vina/vina_logs/S1986F_actout_ctlfit_dominant_cluster0_rep__zidesamtinib.log,6.0,-6.706,25.06,26.49
actout_ctlfit,S1986F,dominant_cluster_representative,0,1,11070,/homes/lkgyammerah/Molecular_Dynamics_analysis/dock/ROS1/q2022p_subset_receptors/actout_ctlfit/S1986F/S1986F_actout_ctlfit_dominant_cluster0_rep.pdb,/homes/lkgyammerah/Molecular_Dynamics_analysis/dock/ROS1/q2022p_vina/receptor_pdbqt/S1986F_actout_ctlfit_dominant_cluster0_rep.pdbqt,zidesamtinib,/homes/lkgyammerah/Molecular_Dynamics_analysis/dock/ROS1/q2022p_vina/ligand_pdbqt/zidesamtinib.pdbqt,/homes/lkgyammerah/Molecular_Dynamics_analysis/dock/ROS1/q2022p_vina/configs/S1986F_actout_ctlfit_dominant_cluster0_rep__zidesamtinib.txt,/homes/lkgyammerah/Molecular_Dynamics_analysis/dock/ROS1/q2022p_vina/vina_outputs/S1986F_actout_ctlfit_dominant_cluster0_rep__zidesamtinib.pdbqt,/homes/lkgyammerah/Molecular_Dynamics_analysis/dock/ROS1/q2022p_vina/vina_logs/S1986F_actout_ctlfit_dominant_cluster0_rep__zidesamtinib.log,7.0,-6.526,16.12,17.29
actout_ctlfit,S1986F,dominant_cluster_representative,0,1,11070,/homes/lkgyammerah/Molecular_Dynamics_analysis/dock/ROS1/q2022p_subset_receptors/actout_ctlfit/S1986F/S1986F_actout_ctlfit_dominant_cluster0_rep.pdb,/homes/lkgyammerah/Molecular_Dynamics_analysis/dock/ROS1/q2022p_vina/receptor_pdbqt/S1986F_actout_ctlfit_dominant_cluster0_rep.pdbqt,zidesamtinib,/homes/lkgyammerah/Molecular_Dynamics_analysis/dock/ROS1/q2022p_vina/ligand_pdbqt/zidesamtinib.pdbqt,/homes/lkgyammerah/Molecular_Dynamics_analysis/dock/ROS1/q2022p_vina/configs/S1986F_actout_ctlfit_dominant_cluster0_rep__zidesamtinib.txt,/homes/lkgyammerah/Molecular_Dynamics_analysis/dock/ROS1/q2022p_vina/vina_outputs/S1986F_actout_ctlfit_dominant_cluster0_rep__zidesamtinib.pdbqt,/homes/lkgyammerah/Molecular_Dynamics_analysis/dock/ROS1/q2022p_vina/vina_logs/S1986F_actout_ctlfit_dominant_cluster0_rep__zidesamtinib.log,8.0,-6.463,16.2,17.17
actout_ctlfit,S1986F,dominant_cluster_representative,0,1,11070,/homes/lkgyammerah/Molecular_Dynamics_analysis/dock/ROS1/q2022p_subset_receptors/actout_ctlfit/S1986F/S1986F_actout_ctlfit_dominant_cluster0_rep.pdb,/homes/lkgyammerah/Molecular_Dynamics_analysis/dock/ROS1/q2022p_vina/receptor_pdbqt/S1986F_actout_ctlfit_dominant_cluster0_rep.pdbqt,zidesamtinib,/homes/lkgyammerah/Molecular_Dynamics_analysis/dock/ROS1/q2022p_vina/ligand_pdbqt/zidesamtinib.pdbqt,/homes/lkgyammerah/Molecular_Dynamics_analysis/dock/ROS1/q2022p_vina/configs/S1986F_actout_ctlfit_dominant_cluster0_rep__zidesamtinib.txt,/homes/lkgyammerah/Molecular_Dynamics_analysis/dock/ROS1/q2022p_vina/vina_outputs/S1986F_actout_ctlfit_dominant_cluster0_rep__zidesamtinib.pdbqt,/homes/lkgyammerah/Molecular_Dynamics_analysis/dock/ROS1/q2022p_vina/vina_logs/S1986F_actout_ctlfit_dominant_cluster0_rep__zidesamtinib.log,9.0,-6.436,15.9,17.33
actout_ctlfit,S1986F,dominant_cluster_representative,0,1,11070,/homes/lkgyammerah/Molecular_Dynamics_analysis/dock/ROS1/q2022p_subset_receptors/actout_ctlfit/S1986F/S1986F_actout_ctlfit_dominant_cluster0_rep.pdb,/homes/lkgyammerah/Molecular_Dynamics_analysis/dock/ROS1/q2022p_vina/receptor_pdbqt/S1986F_actout_ctlfit_dominant_cluster0_rep.pdbqt,zidesamtinib,/homes/lkgyammerah/Molecular_Dynamics_analysis/dock/ROS1/q2022p_vina/ligand_pdbqt/zidesamtinib.pdbqt,/homes/lkgyammerah/Molecular_Dynamics_analysis/dock/ROS1/q2022p_vina/configs/S1986F_actout_ctlfit_dominant_cluster0_rep__zidesamtinib.txt,/homes/lkgyammerah/Molecular_Dynamics_analysis/dock/ROS1/q2022p_vina/vina_outputs/S1986F_actout_ctlfit_dominant_cluster0_rep__zidesamtinib.pdbqt,/homes/lkgyammerah/Molecular_Dynamics_analysis/dock/ROS1/q2022p_vina/vina_logs/S1986F_actout_ctlfit_dominant_cluster0_rep__zidesamtinib.log,10.0,-6.427,15.78,17.43
actout_ctlfit,S1986F,dominant_cluster_representative,0,1,11070,/homes/lkgyammerah/Molecular_Dynamics_analysis/dock/ROS1/q2022p_subset_receptors/actout_ctlfit/S1986F/S1986F_actout_ctlfit_dominant_cluster0_rep.pdb,/homes/lkgyammerah/Molecular_Dynamics_analysis/dock/ROS1/q2022p_vina/receptor_pdbqt/S1986F_actout_ctlfit_dominant_cluster0_rep.pdbqt,zidesamtinib,/homes/lkgyammerah/Molecular_Dynamics_analysis/dock/ROS1/q2022p_vina/ligand_pdbqt/zidesamtinib.pdbqt,/homes/lkgyammerah/Molecular_Dynamics_analysis/dock/ROS1/q2022p_vina/configs/S1986F_actout_ctlfit_dominant_cluster0_rep__zidesamtinib.txt,/homes/lkgyammerah/Molecular_Dynamics_analysis/dock/ROS1/q2022p_vina/vina_outputs/S1986F_actout_ctlfit_dominant_cluster0_rep__zidesamtinib.pdbqt,/homes/lkgyammerah/Molecular_Dynamics_analysis/dock/ROS1/q2022p_vina/vina_logs/S1986F_actout_ctlfit_dominant_cluster0_rep__zidesamtinib.log,11.0,-6.048,16.09,17.24
actout_ctlfit,S1986F,dominant_cluster_representative,0,1,11070,/homes/lkgyammerah/Molecular_Dynamics_analysis/dock/ROS1/q2022p_subset_receptors/actout_ctlfit/S1986F/S1986F_actout_ctlfit_dominant_cluster0_rep.pdb,/homes/lkgyammerah/Molecular_Dynamics_analysis/dock/ROS1/q2022p_vina/receptor_pdbqt/S1986F_actout_ctlfit_dominant_cluster0_rep.pdbqt,zidesamtinib,/homes/lkgyammerah/Molecular_Dynamics_analysis/dock/ROS1/q2022p_vina/ligand_pdbqt/zidesamtinib.pdbqt,/homes/lkgyammerah/Molecular_Dynamics_analysis/dock/ROS1/q2022p_vina/configs/S1986F_actout_ctlfit_dominant_cluster0_rep__zidesamtinib.txt,/homes/lkgyammerah/Molecular_Dynamics_analysis/dock/ROS1/q2022p_vina/vina_outputs/S1986F_actout_ctlfit_dominant_cluster0_rep__zidesamtinib.pdbqt,/homes/lkgyammerah/Molecular_Dynamics_analysis/dock/ROS1/q2022p_vina/vina_logs/S1986F_actout_ctlfit_dominant_cluster0_rep__zidesamtinib.log,12.0,-6.04,15.86,17.15
actout_ctlfit,S1986F,dominant_cluster_representative,0,1,11070,/homes/lkgyammerah/Molecular_Dynamics_analysis/dock/ROS1/q2022p_subset_receptors/actout_ctlfit/S1986F/S1986F_actout_ctlfit_dominant_cluster0_rep.pdb,/homes/lkgyammerah/Molecular_Dynamics_analysis/dock/ROS1/q2022p_vina/receptor_pdbqt/S1986F_actout_ctlfit_dominant_cluster0_rep.pdbqt,zidesamtinib,/homes/lkgyammerah/Molecular_Dynamics_analysis/dock/ROS1/q2022p_vina/ligand_pdbqt/zidesamtinib.pdbqt,/homes/lkgyammerah/Molecular_Dynamics_analysis/dock/ROS1/q2022p_vina/configs/S1986F_actout_ctlfit_dominant_cluster0_rep__zidesamtinib.txt,/homes/lkgyammerah/Molecular_Dynamics_analysis/dock/ROS1/q2022p_vina/vina_outputs/S1986F_actout_ctlfit_dominant_cluster0_rep__zidesamtinib.pdbqt,/homes/lkgyammerah/Molecular_Dynamics_analysis/dock/ROS1/q2022p_vina/vina_logs/S1986F_actout_ctlfit_dominant_cluster0_rep__zidesamtinib.log,13.0,-5.937,15.62,17.13
actout_ctlfit,S1986F,dominant_cluster_representative,0,1,11070,/homes/lkgyammerah/Molecular_Dynamics_analysis/dock/ROS1/q2022p_subset_receptors/actout_ctlfit/S1986F/S1986F_actout_ctlfit_dominant_cluster0_rep.pdb,/homes/lkgyammerah/Molecular_Dynamics_analysis/dock/ROS1/q2022p_vina/receptor_pdbqt/S1986F_actout_ctlfit_dominant_cluster0_rep.pdbqt,zidesamtinib,/homes/lkgyammerah/Molecular_Dynamics_analysis/dock/ROS1/q2022p_vina/ligand_pdbqt/zidesamtinib.pdbqt,/homes/lkgyammerah/Molecular_Dynamics_analysis/dock/ROS1/q2022p_vina/configs/S1986F_actout_ctlfit_dominant_cluster0_rep__zidesamtinib.txt,/homes/lkgyammerah/Molecular_Dynamics_analysis/dock/ROS1/q2022p_vina/vina_outputs/S1986F_actout_ctlfit_dominant_cluster0_rep__zidesamtinib.pdbqt,/homes/lkgyammerah/Molecular_Dynamics_analysis/dock/ROS1/q2022p_vina/vina_logs/S1986F_actout_ctlfit_dominant_cluster0_rep__zidesamtinib.log,14.0,-5.727,16.01,17.53
actout_ctlfit,S1986F,dominant_cluster_representative,0,1,11070,/homes/lkgyammerah/Molecular_Dynamics_analysis/dock/ROS1/q2022p_subset_receptors/actout_ctlfit/S1986F/S1986F_actout_ctlfit_dominant_cluster0_rep.pdb,/homes/lkgyammerah/Molecular_Dynamics_analysis/dock/ROS1/q2022p_vina/receptor_pdbqt/S1986F_actout_ctlfit_dominant_cluster0_rep.pdbqt,zidesamtinib,/homes/lkgyammerah/Molecular_Dynamics_analysis/dock/ROS1/q2022p_vina/ligand_pdbqt/zidesamtinib.pdbqt,/homes/lkgyammerah/Molecular_Dynamics_analysis/dock/ROS1/q2022p_vina/configs/S1986F_actout_ctlfit_dominant_cluster0_rep__zidesamtinib.txt,/homes/lkgyammerah/Molecular_Dynamics_analysis/dock/ROS1/q2022p_vina/vina_outputs/S1986F_actout_ctlfit_dominant_cluster0_rep__zidesamtinib.pdbqt,/homes/lkgyammerah/Molecular_Dynamics_analysis/dock/ROS1/q2022p_vina/vina_logs/S1986F_actout_ctlfit_dominant_cluster0_rep__zidesamtinib.log,15.0,-5.651,2.993,5.758
actout_ctlfit,S1986F,dominant_cluster_representative,0,1,11070,/homes/lkgyammerah/Molecular_Dynamics_analysis/dock/ROS1/q2022p_subset_receptors/actout_ctlfit/S1986F/S1986F_actout_ctlfit_dominant_cluster0_rep.pdb,/homes/lkgyammerah/Molecular_Dynamics_analysis/dock/ROS1/q2022p_vina/receptor_pdbqt/S1986F_actout_ctlfit_dominant_cluster0_rep.pdbqt,zidesamtinib,/homes/lkgyammerah/Molecular_Dynamics_analysis/dock/ROS1/q2022p_vina/ligand_pdbqt/zidesamtinib.pdbqt,/homes/lkgyammerah/Molecular_Dynamics_analysis/dock/ROS1/q2022p_vina/configs/S1986F_actout_ctlfit_dominant_cluster0_rep__zidesamtinib.txt,/homes/lkgyammerah/Molecular_Dynamics_analysis/dock/ROS1/q2022p_vina/vina_outputs/S1986F_actout_ctlfit_dominant_cluster0_rep__zidesamtinib.pdbqt,/homes/lkgyammerah/Molecular_Dynamics_analysis/dock/ROS1/q2022p_vina/vina_logs/S1986F_actout_ctlfit_dominant_cluster0_rep__zidesamtinib.log,16.0,-5.477,12.36,15.15
actout_ctlfit,S1986F,dominant_cluster_representative,0,1,11070,/homes/lkgyammerah/Molecular_Dynamics_analysis/dock/ROS1/q2022p_subset_receptors/actout_ctlfit/S1986F/S1986F_actout_ctlfit_dominant_cluster0_rep.pdb,/homes/lkgyammerah/Molecular_Dynamics_analysis/dock/ROS1/q2022p_vina/receptor_pdbqt/S1986F_actout_ctlfit_dominant_cluster0_rep.pdbqt,zidesamtinib,/homes/lkgyammerah/Molecular_Dynamics_analysis/dock/ROS1/q2022p_vina/ligand_pdbqt/zidesamtinib.pdbqt,/homes/lkgyammerah/Molecular_Dynamics_analysis/dock/ROS1/q2022p_vina/configs/S1986F_actout_ctlfit_dominant_cluster0_rep__zidesamtinib.txt,/homes/lkgyammerah/Molecular_Dynamics_analysis/dock/ROS1/q2022p_vina/vina_outputs/S1986F_actout_ctlfit_dominant_cluster0_rep__zidesamtinib.pdbqt,/homes/lkgyammerah/Molecular_Dynamics_analysis/dock/ROS1/q2022p_vina/vina_logs/S1986F_actout_ctlfit_dominant_cluster0_rep__zidesamtinib.log,17.0,-5.465,15.96,17.86
actout_ctlfit,S1986F,dominant_cluster_representative,0,1,11070,/homes/lkgyammerah/Molecular_Dynamics_analysis/dock/ROS1/q2022p_subset_receptors/actout_ctlfit/S1986F/S1986F_actout_ctlfit_dominant_cluster0_rep.pdb,/homes/lkgyammerah/Molecular_Dynamics_analysis/dock/ROS1/q2022p_vina/receptor_pdbqt/S1986F_actout_ctlfit_dominant_cluster0_rep.pdbqt,zidesamtinib,/homes/lkgyammerah/Molecular_Dynamics_analysis/dock/ROS1/q2022p_vina/ligand_pdbqt/zidesamtinib.pdbqt,/homes/lkgyammerah/Molecular_Dynamics_analysis/dock/ROS1/q2022p_vina/configs/S1986F_actout_ctlfit_dominant_cluster0_rep__zidesamtinib.txt,/homes/lkgyammerah/Molecular_Dynamics_analysis/dock/ROS1/q2022p_vina/vina_outputs/S1986F_actout_ctlfit_dominant_cluster0_rep__zidesamtinib.pdbqt,/homes/lkgyammerah/Molecular_Dynamics_analysis/dock/ROS1/q2022p_vina/vina_logs/S1986F_actout_ctlfit_dominant_cluster0_rep__zidesamtinib.log,18.0,-5.415,16.13,17.79
actout_ctlfit,S1986F,dominant_cluster_representative,0,1,11070,/homes/lkgyammerah/Molecular_Dynamics_analysis/dock/ROS1/q2022p_subset_receptors/actout_ctlfit/S1986F/S1986F_actout_ctlfit_dominant_cluster0_rep.pdb,/homes/lkgyammerah/Molecular_Dynamics_analysis/dock/ROS1/q2022p_vina/receptor_pdbqt/S1986F_actout_ctlfit_dominant_cluster0_rep.pdbqt,zidesamtinib,/homes/lkgyammerah/Molecular_Dynamics_analysis/dock/ROS1/q2022p_vina/ligand_pdbqt/zidesamtinib.pdbqt,/homes/lkgyammerah/Molecular_Dynamics_analysis/dock/ROS1/q2022p_vina/configs/S1986F_actout_ctlfit_dominant_cluster0_rep__zidesamtinib.txt,/homes/lkgyammerah/Molecular_Dynamics_analysis/dock/ROS1/q2022p_vina/vina_outputs/S1986F_actout_ctlfit_dominant_cluster0_rep__zidesamtinib.pdbqt,/homes/lkgyammerah/Molecular_Dynamics_analysis/dock/ROS1/q2022p_vina/vina_logs/S1986F_actout_ctlfit_dominant_cluster0_rep__zidesamtinib.log,19.0,-3.037,13.07,14.31
actout_ctlfit,S1986F,dominant_cluster_representative,0,1,11070,/homes/lkgyammerah/Molecular_Dynamics_analysis/dock/ROS1/q2022p_subset_receptors/actout_ctlfit/S1986F/S1986F_actout_ctlfit_dominant_cluster0_rep.pdb,/homes/lkgyammerah/Molecular_Dynamics_analysis/dock/ROS1/q2022p_vina/receptor_pdbqt/S1986F_actout_ctlfit_dominant_cluster0_rep.pdbqt,zidesamtinib,/homes/lkgyammerah/Molecular_Dynamics_analysis/dock/ROS1/q2022p_vina/ligand_pdbqt/zidesamtinib.pdbqt,/homes/lkgyammerah/Molecular_Dynamics_analysis/dock/ROS1/q2022p_vina/configs/S1986F_actout_ctlfit_dominant_cluster0_rep__zidesamtinib.txt,/homes/lkgyammerah/Molecular_Dynamics_analysis/dock/ROS1/q2022p_vina/vina_outputs/S1986F_actout_ctlfit_dominant_cluster0_rep__zidesamtinib.pdbqt,/homes/lkgyammerah/Molecular_Dynamics_analysis/dock/ROS1/q2022p_vina/vina_logs/S1986F_actout_ctlfit_dominant_cluster0_rep__zidesamtinib.log,20.0,72.21,16.58,17.22
